gpu,dataset,method,strategy,ownership_seed,seed,ap,f1,brier,precision,recall,roc_auc,recall_at_1pct,recall_at_5pct,n,positive,seconds,boundary_bytes,model_update_bytes,halo_feature_bytes,expanded_boundary_state_bytes,parameters,peak_cuda_bytes,selected_round,ownership_hash,initial_state_hash
gtx,elliptic,current,louvain,20261003,123,0.5601961410692021,0.56353591160221,0.03463666654323921,0.9479553903345725,0.4009433962264151,0.8566713890141027,0.16981132075471697,0.5,11184,636,10.603918761014938,80908800,24500400,0,88588800,20417,591318016,45,8d496fe781c4340601138a0d0ee77d4c5c0b68a4ae6b1560c82a3b8bd3d2ea67,38dddb66ba180cbfa02e1894b5607b4eae8781544dc44b46af03e901414e7a07
gtx,elliptic,fedavg,louvain,20261003,123,0.5549613841579212,0.45138055222088835,0.03494074649536793,0.9543147208121827,0.29559748427672955,0.8596115272977917,0.16981132075471697,0.5,11184,636,7.385024240938947,0,24500400,0,0,20417,501422080,50,8d496fe781c4340601138a0d0ee77d4c5c0b68a4ae6b1560c82a3b8bd3d2ea67,38dddb66ba180cbfa02e1894b5607b4eae8781544dc44b46af03e901414e7a07
gtx,elliptic,fedgcn,louvain,20261003,123,0.24766411943496863,0.30278884462151395,0.0505776818995452,0.41304347826086957,0.2389937106918239,0.7772445013272657,0.09748427672955975,0.30345911949685533,11184,636,9.147789375041611,0,7375200,6106008,0,6146,725914112,30,8d496fe781c4340601138a0d0ee77d4c5c0b68a4ae6b1560c82a3b8bd3d2ea67,b9499d48a334a95c0690280625aa9f14766516bde5b881d9eb99a8c11e93888b
gtx,elliptic,fedmlp,louvain,20261003,123,0.6175753940770586,0.6801210898082745,0.028366259896720685,0.9492957746478873,0.529874213836478,0.8192367237641403,0.17452830188679244,0.5723270440251572,11184,636,1.3179949229815975,0,12442800,0,0,10369,187521536,25,8d496fe781c4340601138a0d0ee77d4c5c0b68a4ae6b1560c82a3b8bd3d2ea67,697663bcfc306f09f24b07dc60ac5ab0f02ff9069492a564ac3f7231b54e6e78
gtx,elliptic,fresh,louvain,20261003,123,0.5700428350402005,0.5206422018348624,0.0345455493135908,0.961864406779661,0.35691823899371067,0.8613260613952867,0.16981132075471697,0.5110062893081762,11184,636,13.474023979040794,161817600,24500400,0,177177600,20417,591653888,50,8d496fe781c4340601138a0d0ee77d4c5c0b68a4ae6b1560c82a3b8bd3d2ea67,38dddb66ba180cbfa02e1894b5607b4eae8781544dc44b46af03e901414e7a07
gtx,elliptic,local,louvain,20261003,123,0.5192984746195278,0.5378704720087816,0.03834373135588177,0.8909090909090909,0.38522012578616355,0.8278029099677306,0.17295597484276728,0.4716981132075472,11184,636,7.298550226958469,0,0,0,0,20417,501422080,15,8d496fe781c4340601138a0d0ee77d4c5c0b68a4ae6b1560c82a3b8bd3d2ea67,38dddb66ba180cbfa02e1894b5607b4eae8781544dc44b46af03e901414e7a07
gtx,elliptic,oracle,louvain,20261003,123,0.5581985643443778,0.5063291139240507,0.03476724357894811,0.944206008583691,0.34591194968553457,0.8605273764974968,0.16981132075471697,0.5047169811320755,11184,636,4.300253982073627,396958800,24500400,0,177177600,20417,277332480,50,8d496fe781c4340601138a0d0ee77d4c5c0b68a4ae6b1560c82a3b8bd3d2ea67,38dddb66ba180cbfa02e1894b5607b4eae8781544dc44b46af03e901414e7a07
gtx,elliptic,shuffled,louvain,20261003,123,0.5573764269174027,0.5166475315729047,0.03522500136275435,0.9574468085106383,0.35377358490566035,0.8568852958502968,0.16981132075471697,0.4937106918238994,11184,636,14.659762043040246,80908800,24500400,0,88588800,20417,591318016,45,8d496fe781c4340601138a0d0ee77d4c5c0b68a4ae6b1560c82a3b8bd3d2ea67,38dddb66ba180cbfa02e1894b5607b4eae8781544dc44b46af03e901414e7a07
gtx,elliptic,current,louvain,20261003,42,0.5641482790183283,0.592274678111588,0.03368410594129656,0.9324324324324325,0.4339622641509434,0.8638362991106244,0.16981132075471697,0.5094339622641509,11184,636,10.6099284599768,80908800,24500400,0,88588800,20417,591080960,50,8d496fe781c4340601138a0d0ee77d4c5c0b68a4ae6b1560c82a3b8bd3d2ea67,72b59b45f34cd8d5e7b24de2bde665873fadae4f138a95a5080db0ccc6df75c8
gtx,elliptic,fedavg,louvain,20261003,42,0.5670631554669118,0.5951115834218916,0.03365002811129114,0.9180327868852459,0.44025157232704404,0.8633294815196417,0.16981132075471697,0.5157232704402516,11184,636,7.455179085023701,0,24500400,0,0,20417,501422080,50,8d496fe781c4340601138a0d0ee77d4c5c0b68a4ae6b1560c82a3b8bd3d2ea67,72b59b45f34cd8d5e7b24de2bde665873fadae4f138a95a5080db0ccc6df75c8
gtx,elliptic,fedgcn,louvain,20261003,42,0.24697230356432023,0.3330714846818539,0.05078125203130268,0.3328100470957614,0.3333333333333333,0.7756397528638175,0.0880503144654088,0.3081761006289308,11184,636,9.152772175963037,0,7375200,6106008,0,6146,726428672,35,8d496fe781c4340601138a0d0ee77d4c5c0b68a4ae6b1560c82a3b8bd3d2ea67,e540029da8e7b72e5a9c386a27bc22a5b291642d119fa74f70d5892f656d8b8e
gtx,elliptic,fedmlp,louvain,20261003,42,0.6260400801587678,0.6733067729083665,0.028358102554054156,0.9184782608695652,0.5314465408805031,0.8327416983278596,0.17452830188679244,0.5691823899371069,11184,636,1.3151689870283008,0,12442800,0,0,10369,187521536,35,8d496fe781c4340601138a0d0ee77d4c5c0b68a4ae6b1560c82a3b8bd3d2ea67,a90dfe0478197193d67cebdcdbaad4cdcc06c67fc69beb229e0180f96f920458
gtx,elliptic,fresh,louvain,20261003,42,0.5639594333340602,0.6073619631901841,0.033984774515101214,0.868421052631579,0.4669811320754717,0.8641951706842396,0.16981132075471697,0.5125786163522013,11184,636,13.47243554610759,161817600,24500400,0,177177600,20417,591416832,50,8d496fe781c4340601138a0d0ee77d4c5c0b68a4ae6b1560c82a3b8bd3d2ea67,72b59b45f34cd8d5e7b24de2bde665873fadae4f138a95a5080db0ccc6df75c8
gtx,elliptic,local,louvain,20261003,42,0.5219908265214561,0.548618219037871,0.038586192105880386,0.7859237536656891,0.42138364779874216,0.8320571964520385,0.17295597484276728,0.47327044025157233,11184,636,7.290961742051877,0,0,0,0,20417,501422080,20,8d496fe781c4340601138a0d0ee77d4c5c0b68a4ae6b1560c82a3b8bd3d2ea67,72b59b45f34cd8d5e7b24de2bde665873fadae4f138a95a5080db0ccc6df75c8
gtx,elliptic,oracle,louvain,20261003,42,0.5659379794937492,0.5989417989417989,0.03353971861627105,0.9158576051779935,0.4449685534591195,0.8656930402615892,0.16981132075471697,0.5141509433962265,11184,636,4.305041918065399,396958800,24500400,0,177177600,20417,277095424,50,8d496fe781c4340601138a0d0ee77d4c5c0b68a4ae6b1560c82a3b8bd3d2ea67,72b59b45f34cd8d5e7b24de2bde665873fadae4f138a95a5080db0ccc6df75c8
gtx,elliptic,shuffled,louvain,20261003,42,0.5552151527390405,0.5034802784222738,0.0346527921157353,0.9601769911504425,0.3411949685534591,0.8600382975221986,0.16981132075471697,0.5094339622641509,11184,636,14.763154417043552,80908800,24500400,0,88588800,20417,591080960,35,8d496fe781c4340601138a0d0ee77d4c5c0b68a4ae6b1560c82a3b8bd3d2ea67,72b59b45f34cd8d5e7b24de2bde665873fadae4f138a95a5080db0ccc6df75c8
gtx,elliptic,current,louvain,20261003,456,0.5828698473181801,0.5553691275167785,0.03424582814500275,0.5953237410071942,0.5204402515723271,0.8630994757717342,0.17138364779874213,0.5220125786163522,11184,636,10.605849826009944,80908800,24500400,0,88588800,20417,591318016,35,8d496fe781c4340601138a0d0ee77d4c5c0b68a4ae6b1560c82a3b8bd3d2ea67,d258e8c146df19c3e61ced5b6c85c932db725bacce0f9adfe364ae6f90e21213
gtx,elliptic,fedavg,louvain,20261003,456,0.5744602751237036,0.6061224489795919,0.03434005509639742,0.8633720930232558,0.4669811320754717,0.8568888733862332,0.16981132075471697,0.5267295597484277,11184,636,7.384354072040878,0,24500400,0,0,20417,501422080,45,8d496fe781c4340601138a0d0ee77d4c5c0b68a4ae6b1560c82a3b8bd3d2ea67,d258e8c146df19c3e61ced5b6c85c932db725bacce0f9adfe364ae6f90e21213
gtx,elliptic,fedgcn,louvain,20261003,456,0.26073933129851884,0.29888143176733784,0.05050373465435567,0.20888055034396497,0.5251572327044025,0.7860320475669178,0.09748427672955975,0.32075471698113206,11184,636,9.143705985043198,0,7375200,6106008,0,6146,725914112,40,8d496fe781c4340601138a0d0ee77d4c5c0b68a4ae6b1560c82a3b8bd3d2ea67,dd43194f57569a9c44627f3a69bad34fce5ceb68d5f1c1fb018898d45334403a
gtx,elliptic,fedmlp,louvain,20261003,456,0.6004117984988457,0.6700100300902708,0.028575271674363228,0.925207756232687,0.5251572327044025,0.8337104652466234,0.16666666666666666,0.5738993710691824,11184,636,1.300441180006601,0,12442800,0,0,10369,187521536,45,8d496fe781c4340601138a0d0ee77d4c5c0b68a4ae6b1560c82a3b8bd3d2ea67,e3f512063d220e70cf31d0b6c991414144ec4017c051ff7ef22313a13776a234
gtx,elliptic,fresh,louvain,20261003,456,0.5730017011252629,0.548489666136725,0.03342307672721765,0.5546623794212219,0.5424528301886793,0.8676003141076553,0.16823899371069181,0.5283018867924528,11184,636,13.461992874974385,161817600,24500400,0,177177600,20417,591653888,50,8d496fe781c4340601138a0d0ee77d4c5c0b68a4ae6b1560c82a3b8bd3d2ea67,d258e8c146df19c3e61ced5b6c85c932db725bacce0f9adfe364ae6f90e21213
gtx,elliptic,local,louvain,20261003,456,0.5280098659858292,0.5519348268839104,0.03820367715576535,0.7832369942196532,0.4261006289308176,0.8376919646157847,0.16823899371069181,0.47955974842767296,11184,636,7.3177495209965855,0,0,0,0,20417,501422080,35,8d496fe781c4340601138a0d0ee77d4c5c0b68a4ae6b1560c82a3b8bd3d2ea67,d258e8c146df19c3e61ced5b6c85c932db725bacce0f9adfe364ae6f90e21213
gtx,elliptic,oracle,louvain,20261003,456,0.5791532026260405,0.5453061224489796,0.03411199640837872,0.567062818336163,0.5251572327044025,0.8596833761445134,0.16981132075471697,0.5188679245283019,11184,636,4.285294380038977,396958800,24500400,0,177177600,20417,277332480,35,8d496fe781c4340601138a0d0ee77d4c5c0b68a4ae6b1560c82a3b8bd3d2ea67,d258e8c146df19c3e61ced5b6c85c932db725bacce0f9adfe364ae6f90e21213
gtx,elliptic,shuffled,louvain,20261003,456,0.573142871622894,0.5892514395393474,0.033779708566606094,0.7561576354679803,0.4827044025157233,0.8660975999503915,0.16981132075471697,0.5235849056603774,11184,636,14.657481810078025,80908800,24500400,0,88588800,20417,591318016,45,8d496fe781c4340601138a0d0ee77d4c5c0b68a4ae6b1560c82a3b8bd3d2ea67,d258e8c146df19c3e61ced5b6c85c932db725bacce0f9adfe364ae6f90e21213
gtx,elliptic,current,louvain,20261004,123,0.5653015796078568,0.5820610687022901,0.03429798305048371,0.7402912621359223,0.47955974842767296,0.8542042307939983,0.16981132075471697,0.5047169811320755,11184,636,10.614395550917834,79667200,24500400,0,87744000,20417,592343040,50,bcc5a5242e845c86894a972174886c34f25960866ef0370ebb1567afb1b51a0f,38dddb66ba180cbfa02e1894b5607b4eae8781544dc44b46af03e901414e7a07
gtx,elliptic,fedavg,louvain,20261004,123,0.5669239920006048,0.5813492063492064,0.03435320009946707,0.7876344086021505,0.4606918238993711,0.8559235349394085,0.16823899371069181,0.49528301886792453,11184,636,7.389146227971651,0,24500400,0,0,20417,502481920,40,bcc5a5242e845c86894a972174886c34f25960866ef0370ebb1567afb1b51a0f,38dddb66ba180cbfa02e1894b5607b4eae8781544dc44b46af03e901414e7a07
gtx,elliptic,fedgcn,louvain,20261004,123,0.26109035834275157,0.32289628180039137,0.050485750702423116,0.4274611398963731,0.25943396226415094,0.7734336057030693,0.10220125786163523,0.31761006289308175,11184,636,9.153204464004375,0,7375200,6222072,0,6146,729904128,35,bcc5a5242e845c86894a972174886c34f25960866ef0370ebb1567afb1b51a0f,b9499d48a334a95c0690280625aa9f14766516bde5b881d9eb99a8c11e93888b
gtx,elliptic,fedmlp,louvain,20261004,123,0.622049438151682,0.6801932367149759,0.02856238840209248,0.8822055137844611,0.5534591194968553,0.8406517793471235,0.16823899371069181,0.5786163522012578,11184,636,1.3105133819626644,0,12442800,0,0,10369,187520512,50,bcc5a5242e845c86894a972174886c34f25960866ef0370ebb1567afb1b51a0f,697663bcfc306f09f24b07dc60ac5ab0f02ff9069492a564ac3f7231b54e6e78
gtx,elliptic,fresh,louvain,20261004,123,0.568640557295318,0.5301478953356087,0.03549079541734985,0.9588477366255144,0.3663522012578616,0.8508634084854382,0.1761006289308176,0.49842767295597484,11184,636,13.473987112985924,159334400,24500400,0,175488000,20417,592678912,35,bcc5a5242e845c86894a972174886c34f25960866ef0370ebb1567afb1b51a0f,38dddb66ba180cbfa02e1894b5607b4eae8781544dc44b46af03e901414e7a07
gtx,elliptic,local,louvain,20261004,123,0.5425247056692579,0.5472061657032755,0.03808715527560192,0.7064676616915423,0.44654088050314467,0.8473990121230768,0.17452830188679244,0.4968553459119497,11184,636,7.3047241910826415,0,0,0,0,20417,502481920,40,bcc5a5242e845c86894a972174886c34f25960866ef0370ebb1567afb1b51a0f,38dddb66ba180cbfa02e1894b5607b4eae8781544dc44b46af03e901414e7a07
gtx,elliptic,oracle,louvain,20261004,123,0.5611503079256326,0.48998822143698467,0.03465653695202835,0.9765258215962441,0.3270440251572327,0.8552251701118336,0.16981132075471697,0.5031446540880503,11184,636,4.284647159045562,390867200,24500400,0,175488000,20417,277268480,50,bcc5a5242e845c86894a972174886c34f25960866ef0370ebb1567afb1b51a0f,38dddb66ba180cbfa02e1894b5607b4eae8781544dc44b46af03e901414e7a07
gtx,elliptic,shuffled,louvain,20261004,123,0.5667990596609208,0.47877358490566035,0.03511117439885168,0.9575471698113207,0.3191823899371069,0.8544147091582535,0.17138364779874213,0.5,11184,636,14.64718377997633,79667200,24500400,0,87744000,20417,592343040,45,bcc5a5242e845c86894a972174886c34f25960866ef0370ebb1567afb1b51a0f,38dddb66ba180cbfa02e1894b5607b4eae8781544dc44b46af03e901414e7a07
gtx,elliptic,current,louvain,20261004,42,0.5654250349140816,0.5944272445820433,0.03366427711723647,0.8648648648648649,0.4528301886792453,0.858418717191014,0.16981132075471697,0.5220125786163522,11184,636,10.619897768017836,79667200,24500400,0,87744000,20417,592343040,45,bcc5a5242e845c86894a972174886c34f25960866ef0370ebb1567afb1b51a0f,72b59b45f34cd8d5e7b24de2bde665873fadae4f138a95a5080db0ccc6df75c8
gtx,elliptic,fedavg,louvain,20261004,42,0.5664264706732363,0.5738942826321467,0.03351130364585032,0.9140893470790378,0.41823899371069184,0.8570452415194509,0.16981132075471697,0.529874213836478,11184,636,7.39047458791174,0,24500400,0,0,20417,502481920,45,bcc5a5242e845c86894a972174886c34f25960866ef0370ebb1567afb1b51a0f,72b59b45f34cd8d5e7b24de2bde665873fadae4f138a95a5080db0ccc6df75c8
gtx,elliptic,fedgcn,louvain,20261004,42,0.2505328036072816,0.327683615819209,0.050882504111134236,0.33665008291873966,0.3191823899371069,0.7754719068028038,0.08962264150943396,0.30660377358490565,11184,636,9.146971752983518,0,7375200,6222072,0,6146,729904128,45,bcc5a5242e845c86894a972174886c34f25960866ef0370ebb1567afb1b51a0f,e540029da8e7b72e5a9c386a27bc22a5b291642d119fa74f70d5892f656d8b8e
gtx,elliptic,fedmlp,louvain,20261004,42,0.6267092662263696,0.6680244399185336,0.02828350338657277,0.9479768786127167,0.5157232704402516,0.8338544610680615,0.17452830188679244,0.5786163522012578,11184,636,1.3061731189955026,0,12442800,0,0,10369,187520512,30,bcc5a5242e845c86894a972174886c34f25960866ef0370ebb1567afb1b51a0f,a90dfe0478197193d67cebdcdbaad4cdcc06c67fc69beb229e0180f96f920458
gtx,elliptic,fresh,louvain,20261004,42,0.5651271620955675,0.553156146179402,0.033302290909064704,0.5862676056338029,0.5235849056603774,0.8596680225527866,0.16981132075471697,0.5235849056603774,11184,636,13.480342549970374,159334400,24500400,0,175488000,20417,592678912,45,bcc5a5242e845c86894a972174886c34f25960866ef0370ebb1567afb1b51a0f,72b59b45f34cd8d5e7b24de2bde665873fadae4f138a95a5080db0ccc6df75c8
gtx,elliptic,local,louvain,20261004,42,0.5473500779707701,0.5240101095197978,0.0367831825899564,0.5644283121597096,0.4889937106918239,0.8484798751678461,0.17452830188679244,0.49056603773584906,11184,636,7.3312249180162326,0,0,0,0,20417,502481920,20,bcc5a5242e845c86894a972174886c34f25960866ef0370ebb1567afb1b51a0f,72b59b45f34cd8d5e7b24de2bde665873fadae4f138a95a5080db0ccc6df75c8
gtx,elliptic,oracle,louvain,20261004,42,0.5791460021863301,0.5998013902681232,0.034114871749774026,0.8140161725067385,0.4748427672955975,0.8569823365125704,0.17138364779874213,0.5345911949685535,11184,636,4.2831159780034795,390867200,24500400,0,175488000,20417,277268480,40,bcc5a5242e845c86894a972174886c34f25960866ef0370ebb1567afb1b51a0f,72b59b45f34cd8d5e7b24de2bde665873fadae4f138a95a5080db0ccc6df75c8
gtx,elliptic,shuffled,louvain,20261004,42,0.5747140863441085,0.597478176527643,0.03400420321096635,0.779746835443038,0.48427672955974843,0.8559371742951658,0.16981132075471697,0.5377358490566038,11184,636,14.648943949956447,79667200,24500400,0,87744000,20417,592343040,40,bcc5a5242e845c86894a972174886c34f25960866ef0370ebb1567afb1b51a0f,72b59b45f34cd8d5e7b24de2bde665873fadae4f138a95a5080db0ccc6df75c8
gtx,elliptic,current,louvain,20261004,456,0.5666073598578414,0.5421875,0.03416477015377025,0.5388198757763976,0.5455974842767296,0.8550023194357986,0.16823899371069181,0.529874213836478,11184,636,10.603060740046203,79667200,24500400,0,87744000,20417,592343040,45,bcc5a5242e845c86894a972174886c34f25960866ef0370ebb1567afb1b51a0f,d258e8c146df19c3e61ced5b6c85c932db725bacce0f9adfe364ae6f90e21213
gtx,elliptic,fedavg,louvain,20261004,456,0.5796026523338602,0.5460368294635709,0.034045060967717145,0.5562805872756933,0.5361635220125787,0.8550996582260669,0.17138364779874213,0.5330188679245284,11184,636,7.389278905000538,0,24500400,0,0,20417,502481920,40,bcc5a5242e845c86894a972174886c34f25960866ef0370ebb1567afb1b51a0f,d258e8c146df19c3e61ced5b6c85c932db725bacce0f9adfe364ae6f90e21213
gtx,elliptic,fedgcn,louvain,20261004,456,0.26637287045528374,0.31853496115427304,0.050553407872441586,0.24614065180102915,0.45125786163522014,0.7823157330490383,0.10377358490566038,0.3270440251572327,11184,636,9.159348396933638,0,7375200,6222072,0,6146,729904128,40,bcc5a5242e845c86894a972174886c34f25960866ef0370ebb1567afb1b51a0f,dd43194f57569a9c44627f3a69bad34fce5ceb68d5f1c1fb018898d45334403a
gtx,elliptic,fedmlp,louvain,20261004,456,0.6005143855509287,0.6719840478564307,0.02832944500815399,0.9182561307901907,0.529874213836478,0.8303812699298565,0.16823899371069181,0.5754716981132075,11184,636,1.2843701270176098,0,12442800,0,0,10369,187520512,40,bcc5a5242e845c86894a972174886c34f25960866ef0370ebb1567afb1b51a0f,e3f512063d220e70cf31d0b6c991414144ec4017c051ff7ef22313a13776a234
gtx,elliptic,fresh,louvain,20261004,456,0.583780039238866,0.6,0.0333826652046361,0.7722772277227723,0.49056603773584906,0.859420129125197,0.16981132075471697,0.5455974842767296,11184,636,13.474331649951637,159334400,24500400,0,175488000,20417,592678912,45,bcc5a5242e845c86894a972174886c34f25960866ef0370ebb1567afb1b51a0f,d258e8c146df19c3e61ced5b6c85c932db725bacce0f9adfe364ae6f90e21213
gtx,elliptic,local,louvain,20261004,456,0.535713542390079,0.5424769703172978,0.0377744765335695,0.7771260997067448,0.4166666666666667,0.8444120677442204,0.17452830188679244,0.47641509433962265,11184,636,7.306837879004888,0,0,0,0,20417,502481920,15,bcc5a5242e845c86894a972174886c34f25960866ef0370ebb1567afb1b51a0f,d258e8c146df19c3e61ced5b6c85c932db725bacce0f9adfe364ae6f90e21213
gtx,elliptic,oracle,louvain,20261004,456,0.5691491794737779,0.5548489666136724,0.03367938168466892,0.5610932475884244,0.5487421383647799,0.8582869446173585,0.16666666666666666,0.5377358490566038,11184,636,4.2586652130121365,390867200,24500400,0,175488000,20417,277268480,50,bcc5a5242e845c86894a972174886c34f25960866ef0370ebb1567afb1b51a0f,d258e8c146df19c3e61ced5b6c85c932db725bacce0f9adfe364ae6f90e21213
gtx,elliptic,shuffled,louvain,20261004,456,0.5722324030669083,0.6085232903865213,0.03382756725258699,0.8230563002680965,0.4827044025157233,0.861737179899972,0.16981132075471697,0.5314465408805031,11184,636,14.705513093038462,79667200,24500400,0,87744000,20417,592343040,50,bcc5a5242e845c86894a972174886c34f25960866ef0370ebb1567afb1b51a0f,d258e8c146df19c3e61ced5b6c85c932db725bacce0f9adfe364ae6f90e21213
gtx,elliptic,current,louvain,20261005,123,0.5477934648947947,0.5063291139240507,0.03562184671591129,0.944206008583691,0.34591194968553457,0.8548813540019511,0.16981132075471697,0.4921383647798742,11184,636,10.604189208010212,81331200,24500400,0,89676800,20417,599726080,40,179968208bf16eea364190790d66fe446bbab9c7ce90e10a185028cd0731df8f,38dddb66ba180cbfa02e1894b5607b4eae8781544dc44b46af03e901414e7a07
gtx,elliptic,fedavg,louvain,20261005,123,0.5397001341369516,0.5211428571428571,0.03483522782035285,0.9539748953974896,0.3584905660377358,0.8528526675300454,0.16823899371069181,0.4968553459119497,11184,636,7.378942304989323,0,24500400,0,0,20417,509822976,45,179968208bf16eea364190790d66fe446bbab9c7ce90e10a185028cd0731df8f,38dddb66ba180cbfa02e1894b5607b4eae8781544dc44b46af03e901414e7a07
gtx,elliptic,fedgcn,louvain,20261005,123,0.2626330763352608,0.3199214916584887,0.05056524865561224,0.4255874673629243,0.2562893081761006,0.7744540978289127,0.10220125786163523,0.31761006289308175,11184,636,9.158920604037121,0,7375200,6229512,0,6146,733403136,30,179968208bf16eea364190790d66fe446bbab9c7ce90e10a185028cd0731df8f,b9499d48a334a95c0690280625aa9f14766516bde5b881d9eb99a8c11e93888b
gtx,elliptic,fedmlp,louvain,20261005,123,0.6162519198740403,0.6787512588116817,0.028452825287674264,0.9439775910364145,0.529874213836478,0.8206220500234924,0.17452830188679244,0.5770440251572327,11184,636,1.2928495300002396,0,12442800,0,0,10369,187524096,25,179968208bf16eea364190790d66fe446bbab9c7ce90e10a185028cd0731df8f,697663bcfc306f09f24b07dc60ac5ab0f02ff9069492a564ac3f7231b54e6e78
gtx,elliptic,fresh,louvain,20261005,123,0.541694745462648,0.4876325088339223,0.03559313352861277,0.971830985915493,0.32547169811320753,0.8536519486838245,0.16981132075471697,0.4889937106918239,11184,636,13.458692961954512,162662400,24500400,0,179353600,20417,600061952,40,179968208bf16eea364190790d66fe446bbab9c7ce90e10a185028cd0731df8f,38dddb66ba180cbfa02e1894b5607b4eae8781544dc44b46af03e901414e7a07
gtx,elliptic,local,louvain,20261005,123,0.5379906391280719,0.5345016429353778,0.038124972117889684,0.8808664259927798,0.3836477987421384,0.8229797952695435,0.17295597484276728,0.4921383647798742,11184,636,7.294366043992341,0,0,0,0,20417,509822976,50,179968208bf16eea364190790d66fe446bbab9c7ce90e10a185028cd0731df8f,38dddb66ba180cbfa02e1894b5607b4eae8781544dc44b46af03e901414e7a07
gtx,elliptic,oracle,louvain,20261005,123,0.5500851883636485,0.5109321058688148,0.03519793920933953,0.9527896995708155,0.3490566037735849,0.852397426082145,0.16981132075471697,0.49842767295597484,11184,636,4.285915069049224,399031200,24500400,0,179353600,20417,278102528,45,179968208bf16eea364190790d66fe446bbab9c7ce90e10a185028cd0731df8f,38dddb66ba180cbfa02e1894b5607b4eae8781544dc44b46af03e901414e7a07
gtx,elliptic,shuffled,louvain,20261005,123,0.5505028019444901,0.5023255813953489,0.03557326697778231,0.9642857142857143,0.33962264150943394,0.8545885923111598,0.16981132075471697,0.4921383647798742,11184,636,14.645156749989837,81331200,24500400,0,89676800,20417,599726080,35,179968208bf16eea364190790d66fe446bbab9c7ce90e10a185028cd0731df8f,38dddb66ba180cbfa02e1894b5607b4eae8781544dc44b46af03e901414e7a07
gtx,elliptic,current,louvain,20261005,42,0.5360597621764442,0.5627044711014176,0.03489082072732248,0.9181494661921709,0.4056603773584906,0.8549139244853714,0.1650943396226415,0.4968553459119497,11184,636,10.601269569946453,81331200,24500400,0,89676800,20417,599726080,50,179968208bf16eea364190790d66fe446bbab9c7ce90e10a185028cd0731df8f,72b59b45f34cd8d5e7b24de2bde665873fadae4f138a95a5080db0ccc6df75c8
gtx,elliptic,fedavg,louvain,20261005,42,0.5423989096606477,0.5286839145106862,0.03478510441574899,0.9288537549407114,0.3694968553459119,0.8522107979574656,0.16666666666666666,0.5031446540880503,11184,636,7.379948775982484,0,24500400,0,0,20417,509822976,45,179968208bf16eea364190790d66fe446bbab9c7ce90e10a185028cd0731df8f,72b59b45f34cd8d5e7b24de2bde665873fadae4f138a95a5080db0ccc6df75c8
gtx,elliptic,fedgcn,louvain,20261005,42,0.24337875230729908,0.327639751552795,0.051124625734381195,0.3236196319018405,0.33176100628930816,0.7761849544341174,0.08018867924528301,0.30345911949685533,11184,636,9.159391124965623,0,7375200,6229512,0,6146,733403136,35,179968208bf16eea364190790d66fe446bbab9c7ce90e10a185028cd0731df8f,e540029da8e7b72e5a9c386a27bc22a5b291642d119fa74f70d5892f656d8b8e
gtx,elliptic,fedmlp,louvain,20261005,42,0.6209101309575271,0.6598984771573604,0.02840369849590607,0.9312320916905444,0.5110062893081762,0.8270513292931028,0.17452830188679244,0.5723270440251572,11184,636,1.285758498008363,0,12442800,0,0,10369,187524096,30,179968208bf16eea364190790d66fe446bbab9c7ce90e10a185028cd0731df8f,a90dfe0478197193d67cebdcdbaad4cdcc06c67fc69beb229e0180f96f920458
gtx,elliptic,fresh,louvain,20261005,42,0.5478808347958056,0.5069124423963134,0.03469906704162978,0.9482758620689655,0.34591194968553457,0.8561504103433719,0.16981132075471697,0.49528301886792453,11184,636,13.458532743970864,162662400,24500400,0,179353600,20417,600061952,50,179968208bf16eea364190790d66fe446bbab9c7ce90e10a185028cd0731df8f,72b59b45f34cd8d5e7b24de2bde665873fadae4f138a95a5080db0ccc6df75c8
gtx,elliptic,local,louvain,20261005,42,0.5419764488255312,0.5589600742804085,0.038400457721021276,0.6825396825396826,0.47327044025157233,0.8237717722874527,0.17138364779874213,0.4937106918238994,11184,636,7.30610418994911,0,0,0,0,20417,509822976,50,179968208bf16eea364190790d66fe446bbab9c7ce90e10a185028cd0731df8f,72b59b45f34cd8d5e7b24de2bde665873fadae4f138a95a5080db0ccc6df75c8
gtx,elliptic,oracle,louvain,20261005,42,0.5569794011696053,0.5847953216374269,0.03426947855549219,0.7692307692307693,0.4716981132075472,0.8572508753037924,0.16981132075471697,0.5141509433962265,11184,636,4.281686902046204,399031200,24500400,0,179353600,20417,278102528,50,179968208bf16eea364190790d66fe446bbab9c7ce90e10a185028cd0731df8f,72b59b45f34cd8d5e7b24de2bde665873fadae4f138a95a5080db0ccc6df75c8
gtx,elliptic,shuffled,louvain,20261005,42,0.5584512923115433,0.5127020785219399,0.03466644582598781,0.9652173913043478,0.3490566037735849,0.8567038104335257,0.16981132075471697,0.5141509433962265,11184,636,14.623276949976571,81331200,24500400,0,89676800,20417,599726080,50,179968208bf16eea364190790d66fe446bbab9c7ce90e10a185028cd0731df8f,72b59b45f34cd8d5e7b24de2bde665873fadae4f138a95a5080db0ccc6df75c8
gtx,elliptic,current,louvain,20261005,456,0.5602581257840035,0.5033210332103321,0.033545363126024526,0.47426981919332406,0.5361635220125787,0.860080035441456,0.16823899371069181,0.5235849056603774,11184,636,10.602941147983074,81331200,24500400,0,89676800,20417,599726080,50,179968208bf16eea364190790d66fe446bbab9c7ce90e10a185028cd0731df8f,d258e8c146df19c3e61ced5b6c85c932db725bacce0f9adfe364ae6f90e21213
gtx,elliptic,fedavg,louvain,20261005,456,0.5564698263282176,0.46539379474940334,0.03497773908526522,0.9653465346534653,0.30660377358490565,0.8603449221647432,0.16981132075471697,0.5157232704402516,11184,636,7.377385549014434,0,24500400,0,0,20417,509822976,50,179968208bf16eea364190790d66fe446bbab9c7ce90e10a185028cd0731df8f,d258e8c146df19c3e61ced5b6c85c932db725bacce0f9adfe364ae6f90e21213
gtx,elliptic,fedgcn,louvain,20261005,456,0.267096201185432,0.3190751445086705,0.05060631930796168,0.2522851919561243,0.4339622641509434,0.7825861351402275,0.10534591194968554,0.3238993710691824,11184,636,9.171146704931743,0,7375200,6229512,0,6146,733403136,35,179968208bf16eea364190790d66fe446bbab9c7ce90e10a185028cd0731df8f,dd43194f57569a9c44627f3a69bad34fce5ceb68d5f1c1fb018898d45334403a
gtx,elliptic,fedmlp,louvain,20261005,456,0.609657433270541,0.6680161943319838,0.028811742961773575,0.9375,0.5188679245283019,0.8256346250623088,0.16823899371069181,0.5723270440251572,11184,636,1.3150554141029716,0,12442800,0,0,10369,187524096,30,179968208bf16eea364190790d66fe446bbab9c7ce90e10a185028cd0731df8f,e3f512063d220e70cf31d0b6c991414144ec4017c051ff7ef22313a13776a234
gtx,elliptic,fresh,louvain,20261005,456,0.5514217753768565,0.5800193986420951,0.03506739722907011,0.7569620253164557,0.470125786163522,0.8548101759432174,0.16981132075471697,0.5,11184,636,13.457052216050215,162662400,24500400,0,179353600,20417,600061952,35,179968208bf16eea364190790d66fe446bbab9c7ce90e10a185028cd0731df8f,d258e8c146df19c3e61ced5b6c85c932db725bacce0f9adfe364ae6f90e21213
gtx,elliptic,local,louvain,20261005,456,0.5508997253962186,0.5806451612903226,0.03772630397037063,0.8584615384615385,0.4386792452830189,0.8296691912145258,0.17452830188679244,0.48742138364779874,11184,636,7.28911054704804,0,0,0,0,20417,509822976,50,179968208bf16eea364190790d66fe446bbab9c7ce90e10a185028cd0731df8f,d258e8c146df19c3e61ced5b6c85c932db725bacce0f9adfe364ae6f90e21213
gtx,elliptic,oracle,louvain,20261005,456,0.5599692491989745,0.5929456625357483,0.03424178552539106,0.7530266343825666,0.4889937106918239,0.858296931905181,0.16666666666666666,0.5267295597484277,11184,636,4.2910622550407425,399031200,24500400,0,179353600,20417,278102528,50,179968208bf16eea364190790d66fe446bbab9c7ce90e10a185028cd0731df8f,d258e8c146df19c3e61ced5b6c85c932db725bacce0f9adfe364ae6f90e21213
gtx,elliptic,shuffled,louvain,20261005,456,0.5579417726526296,0.5944272445820433,0.03480542820651365,0.8648648648648649,0.4528301886792453,0.8565605599320745,0.16981132075471697,0.5188679245283019,11184,636,14.645618706941605,81331200,24500400,0,89676800,20417,599726080,45,179968208bf16eea364190790d66fe446bbab9c7ce90e10a185028cd0731df8f,d258e8c146df19c3e61ced5b6c85c932db725bacce0f9adfe364ae6f90e21213
gtx,elliptic,centralized,random,20261003,123,0.6051744946515208,0.6602502406159769,0.029623491222179704,0.8511166253101737,0.539308176100629,0.866828013537396,0.16981132075471697,0.5660377358490566,11184,636,7.11506687302608,0,0,0,0,20417,1292857344,45,0fe35ace768179363d3da19703e432cea7989d630e29bc85b81c0fbee42064cd,38dddb66ba180cbfa02e1894b5607b4eae8781544dc44b46af03e901414e7a07
gtx,elliptic,current,random,20261003,123,0.5913296455546874,0.6453608247422681,0.030923273436716085,0.937125748502994,0.4921383647798742,0.8636174731625179,0.16823899371069181,0.5487421383647799,11184,636,5.814661036944017,1153395200,24500400,0,1339852800,20417,382520320,45,0fe35ace768179363d3da19703e432cea7989d630e29bc85b81c0fbee42064cd,38dddb66ba180cbfa02e1894b5607b4eae8781544dc44b46af03e901414e7a07
gtx,elliptic,fedavg,random,20261003,123,0.5799732119457877,0.6336842105263157,0.03088353761100848,0.9585987261146497,0.47327044025157233,0.8393911451215527,0.16823899371069181,0.5550314465408805,11184,636,4.062686599092558,0,24500400,0,0,20417,267057664,45,0fe35ace768179363d3da19703e432cea7989d630e29bc85b81c0fbee42064cd,38dddb66ba180cbfa02e1894b5607b4eae8781544dc44b46af03e901414e7a07
gtx,elliptic,fedgcn,random,20261003,123,0.254474735002892,0.3150816522574448,0.05069569756534719,0.4049382716049383,0.2578616352201258,0.7755345136816899,0.09905660377358491,0.31761006289308175,11184,636,14.698578350013122,0,7375200,49143060,0,6146,1168184832,35,0fe35ace768179363d3da19703e432cea7989d630e29bc85b81c0fbee42064cd,b9499d48a334a95c0690280625aa9f14766516bde5b881d9eb99a8c11e93888b
gtx,elliptic,fedmlp,random,20261003,123,0.6195518596508452,0.6787512588116817,0.028574147835984783,0.9439775910364145,0.529874213836478,0.8178314229291435,0.17452830188679244,0.5691823899371069,11184,636,1.3149661869974807,0,12442800,0,0,10369,187521536,20,0fe35ace768179363d3da19703e432cea7989d630e29bc85b81c0fbee42064cd,697663bcfc306f09f24b07dc60ac5ab0f02ff9069492a564ac3f7231b54e6e78
gtx,elliptic,fresh,random,20261003,123,0.5966046395753882,0.6438923395445134,0.03076033480175692,0.9424242424242424,0.4889937106918239,0.8639820837000307,0.16823899371069181,0.5550314465408805,11184,636,7.149837858974934,2306790400,24500400,0,2679705600,20417,383051264,45,0fe35ace768179363d3da19703e432cea7989d630e29bc85b81c0fbee42064cd,38dddb66ba180cbfa02e1894b5607b4eae8781544dc44b46af03e901414e7a07
gtx,elliptic,local,random,20261003,123,0.5529983828211962,0.6295546558704453,0.03301195877862986,0.8835227272727273,0.4889937106918239,0.838924574809854,0.15723270440251572,0.5408805031446541,11184,636,3.985241229995154,0,0,0,0,20417,267057664,50,0fe35ace768179363d3da19703e432cea7989d630e29bc85b81c0fbee42064cd,38dddb66ba180cbfa02e1894b5607b4eae8781544dc44b46af03e901414e7a07
gtx,elliptic,mlp,random,20261003,123,0.57440965913298,0.6374745417515275,0.03207995461169887,0.9046242774566474,0.4921383647798742,0.8477598960606558,0.16037735849056603,0.5613207547169812,11184,636,1.0001113690668717,0,0,0,0,10369,303966720,35,0fe35ace768179363d3da19703e432cea7989d630e29bc85b81c0fbee42064cd,697663bcfc306f09f24b07dc60ac5ab0f02ff9069492a564ac3f7231b54e6e78
gtx,elliptic,oracle,random,20261003,123,0.5634938309430322,0.531390134529148,0.03614842803785417,0.92578125,0.37264150943396224,0.8531768071922782,0.1761006289308176,0.4968553459119497,11184,636,4.181280998978764,5658845200,24500400,0,2679705600,20417,355106816,30,0fe35ace768179363d3da19703e432cea7989d630e29bc85b81c0fbee42064cd,38dddb66ba180cbfa02e1894b5607b4eae8781544dc44b46af03e901414e7a07
gtx,elliptic,shuffled,random,20261003,123,0.5688927451909571,0.5764576457645765,0.03210326406708009,0.9597069597069597,0.4119496855345912,0.8486261069492443,0.1650943396226415,0.550314465408805,11184,636,12.209866420947947,1153395200,24500400,0,1339852800,20417,382715392,50,0fe35ace768179363d3da19703e432cea7989d630e29bc85b81c0fbee42064cd,38dddb66ba180cbfa02e1894b5607b4eae8781544dc44b46af03e901414e7a07
gtx,elliptic,centralized,random,20261003,42,0.5860833404950037,0.6513486513486514,0.031715149310739967,0.8931506849315068,0.5125786163522013,0.8680971444108156,0.1650943396226415,0.5644654088050315,11184,636,7.11367230291944,0,0,0,0,20417,1292857344,50,0fe35ace768179363d3da19703e432cea7989d630e29bc85b81c0fbee42064cd,72b59b45f34cd8d5e7b24de2bde665873fadae4f138a95a5080db0ccc6df75c8
gtx,elliptic,current,random,20261003,42,0.5897692353402564,0.6334012219959266,0.03160369861847394,0.8988439306358381,0.4889937106918239,0.8636118087306188,0.16666666666666666,0.559748427672956,11184,636,5.821296542999335,1153395200,24500400,0,1339852800,20417,382684672,45,0fe35ace768179363d3da19703e432cea7989d630e29bc85b81c0fbee42064cd,72b59b45f34cd8d5e7b24de2bde665873fadae4f138a95a5080db0ccc6df75c8
gtx,elliptic,fedavg,random,20261003,42,0.5935272385893401,0.4259485924112607,0.030767093645487117,0.9613259668508287,0.27358490566037735,0.8491072855326831,0.16666666666666666,0.5691823899371069,11184,636,4.04609488893766,0,24500400,0,0,20417,267057664,50,0fe35ace768179363d3da19703e432cea7989d630e29bc85b81c0fbee42064cd,72b59b45f34cd8d5e7b24de2bde665873fadae4f138a95a5080db0ccc6df75c8
gtx,elliptic,fedgcn,random,20261003,42,0.2587295443710593,0.3295819935691318,0.050658897630927374,0.3371710526315789,0.3223270440251572,0.7776512224440295,0.0959119496855346,0.30974842767295596,11184,636,14.69129289407283,0,7375200,49143060,0,6146,1168184832,35,0fe35ace768179363d3da19703e432cea7989d630e29bc85b81c0fbee42064cd,e540029da8e7b72e5a9c386a27bc22a5b291642d119fa74f70d5892f656d8b8e
gtx,elliptic,fedmlp,random,20261003,42,0.6286183855735259,0.6713008937437934,0.028691975738142562,0.9110512129380054,0.5314465408805031,0.8363093960403832,0.17452830188679244,0.5707547169811321,11184,636,1.310850205947645,0,12442800,0,0,10369,187521536,30,0fe35ace768179363d3da19703e432cea7989d630e29bc85b81c0fbee42064cd,a90dfe0478197193d67cebdcdbaad4cdcc06c67fc69beb229e0180f96f920458
gtx,elliptic,fresh,random,20261003,42,0.587514695860976,0.6311389759665622,0.030712045355955828,0.940809968847352,0.4748427672955975,0.8615788739347887,0.16823899371069181,0.5550314465408805,11184,636,7.144216720946133,2306790400,24500400,0,2679705600,20417,383020544,50,0fe35ace768179363d3da19703e432cea7989d630e29bc85b81c0fbee42064cd,72b59b45f34cd8d5e7b24de2bde665873fadae4f138a95a5080db0ccc6df75c8
gtx,elliptic,local,random,20261003,42,0.5490490801938405,0.5394736842105263,0.03423606864732421,0.8913043478260869,0.3867924528301887,0.8397677553108521,0.15723270440251572,0.5314465408805031,11184,636,4.184578945976682,0,0,0,0,20417,267057664,45,0fe35ace768179363d3da19703e432cea7989d630e29bc85b81c0fbee42064cd,72b59b45f34cd8d5e7b24de2bde665873fadae4f138a95a5080db0ccc6df75c8
gtx,elliptic,mlp,random,20261003,42,0.5997521468427166,0.6566265060240963,0.03021656438200427,0.9083333333333333,0.5141509433962265,0.8505672183227081,0.16666666666666666,0.5628930817610063,11184,636,0.9962746469536796,0,0,0,0,10369,303966720,35,0fe35ace768179363d3da19703e432cea7989d630e29bc85b81c0fbee42064cd,a90dfe0478197193d67cebdcdbaad4cdcc06c67fc69beb229e0180f96f920458
gtx,elliptic,oracle,random,20261003,42,0.5748536679872771,0.6086956521739131,0.033088536924685844,0.7393258426966293,0.5172955974842768,0.8603814428440933,0.16981132075471697,0.5345911949685535,11184,636,4.184372932999395,5658845200,24500400,0,2679705600,20417,355136000,50,0fe35ace768179363d3da19703e432cea7989d630e29bc85b81c0fbee42064cd,72b59b45f34cd8d5e7b24de2bde665873fadae4f138a95a5080db0ccc6df75c8
gtx,elliptic,shuffled,random,20261003,42,0.583530335137656,0.5926724137931034,0.03241942367774462,0.9417808219178082,0.43238993710691825,0.8610502930001932,0.16666666666666666,0.5487421383647799,11184,636,12.245808699983172,1153395200,24500400,0,1339852800,20417,382744576,50,0fe35ace768179363d3da19703e432cea7989d630e29bc85b81c0fbee42064cd,72b59b45f34cd8d5e7b24de2bde665873fadae4f138a95a5080db0ccc6df75c8
gtx,elliptic,centralized,random,20261003,456,0.5935245305034328,0.6386554621848739,0.03217615046036319,0.7862068965517242,0.5377358490566038,0.8682217619125984,0.16981132075471697,0.5581761006289309,11184,636,7.147996066953056,0,0,0,0,20417,1292857344,50,0fe35ace768179363d3da19703e432cea7989d630e29bc85b81c0fbee42064cd,d258e8c146df19c3e61ced5b6c85c932db725bacce0f9adfe364ae6f90e21213
gtx,elliptic,current,random,20261003,456,0.5836094298469913,0.6267748478701826,0.03135408321401321,0.8828571428571429,0.4858490566037736,0.8632268509574679,0.16823899371069181,0.5518867924528302,11184,636,5.847254163003527,1153395200,24500400,0,1339852800,20417,382520320,50,0fe35ace768179363d3da19703e432cea7989d630e29bc85b81c0fbee42064cd,d258e8c146df19c3e61ced5b6c85c932db725bacce0f9adfe364ae6f90e21213
gtx,elliptic,fedavg,random,20261003,456,0.579197957762519,0.6325486182190379,0.0307767293942909,0.906158357771261,0.4858490566037736,0.8398448959294796,0.1650943396226415,0.5628930817610063,11184,636,4.065557575086132,0,24500400,0,0,20417,267057664,50,0fe35ace768179363d3da19703e432cea7989d630e29bc85b81c0fbee42064cd,d258e8c146df19c3e61ced5b6c85c932db725bacce0f9adfe364ae6f90e21213
gtx,elliptic,fedgcn,random,20261003,456,0.26773467246005656,0.3314917127071823,0.050465730947367164,0.2719033232628399,0.42452830188679247,0.7845358922255374,0.09905660377358491,0.3380503144654088,11184,636,14.74758633505553,0,7375200,49143060,0,6146,1168184832,45,0fe35ace768179363d3da19703e432cea7989d630e29bc85b81c0fbee42064cd,dd43194f57569a9c44627f3a69bad34fce5ceb68d5f1c1fb018898d45334403a
gtx,elliptic,fedmlp,random,20261003,456,0.6166595987081285,0.6633165829145728,0.028510321136326344,0.9192200557103064,0.5188679245283019,0.8316512951872602,0.16666666666666666,0.5770440251572327,11184,636,1.2960502789355814,0,12442800,0,0,10369,187521536,30,0fe35ace768179363d3da19703e432cea7989d630e29bc85b81c0fbee42064cd,e3f512063d220e70cf31d0b6c991414144ec4017c051ff7ef22313a13776a234
gtx,elliptic,fresh,random,20261003,456,0.6157080167920617,0.6526526526526526,0.029674867858161844,0.8980716253443526,0.5125786163522013,0.8639462338086688,0.17138364779874213,0.5660377358490566,11184,636,7.184143073041923,2306790400,24500400,0,2679705600,20417,383051264,45,0fe35ace768179363d3da19703e432cea7989d630e29bc85b81c0fbee42064cd,d258e8c146df19c3e61ced5b6c85c932db725bacce0f9adfe364ae6f90e21213
gtx,elliptic,local,random,20261003,456,0.5582804131703271,0.6138002059732235,0.03398090183165595,0.8895522388059701,0.46855345911949686,0.8359722132783823,0.1619496855345912,0.5283018867924528,11184,636,3.9600146840093657,0,0,0,0,20417,267057664,30,0fe35ace768179363d3da19703e432cea7989d630e29bc85b81c0fbee42064cd,d258e8c146df19c3e61ced5b6c85c932db725bacce0f9adfe364ae6f90e21213
gtx,elliptic,mlp,random,20261003,456,0.5928994699089043,0.6563407550822846,0.030999686693811302,0.853904282115869,0.5330188679245284,0.8465143172988173,0.16666666666666666,0.5566037735849056,11184,636,0.9956361220683903,0,0,0,0,10369,303966720,30,0fe35ace768179363d3da19703e432cea7989d630e29bc85b81c0fbee42064cd,e3f512063d220e70cf31d0b6c991414144ec4017c051ff7ef22313a13776a234
gtx,elliptic,oracle,random,20261003,456,0.6040736422179699,0.5996621621621622,0.032717498232436595,0.6478102189781022,0.5581761006289309,0.86502754404543,0.16981132075471697,0.5581761006289309,11184,636,4.196011611027643,5658845200,24500400,0,2679705600,20417,355106816,50,0fe35ace768179363d3da19703e432cea7989d630e29bc85b81c0fbee42064cd,d258e8c146df19c3e61ced5b6c85c932db725bacce0f9adfe364ae6f90e21213
gtx,elliptic,shuffled,random,20261003,456,0.5853376505953256,0.6300813008130082,0.031816742530572026,0.8908045977011494,0.48742138364779874,0.8586503626428927,0.16666666666666666,0.5644654088050315,11184,636,12.255569824017584,1153395200,24500400,0,1339852800,20417,382715392,50,0fe35ace768179363d3da19703e432cea7989d630e29bc85b81c0fbee42064cd,d258e8c146df19c3e61ced5b6c85c932db725bacce0f9adfe364ae6f90e21213
gtx,elliptic,current,random,20261004,123,0.5884640082848179,0.5475113122171946,0.03112659276276153,0.9758064516129032,0.3805031446540881,0.8604977127620246,0.16823899371069181,0.5471698113207547,11184,636,5.857730389921926,1149158400,24500400,0,1335027200,20417,387042304,50,0b9008df6ba57ee5b77ad5b1a9a617ff33b5d3e5fd194e289d7def6ff20bab4f,38dddb66ba180cbfa02e1894b5607b4eae8781544dc44b46af03e901414e7a07
gtx,elliptic,fedavg,random,20261004,123,0.5790967147319886,0.42401960784313725,0.031203550159577344,0.9611111111111111,0.2720125786163522,0.8400749016773873,0.16823899371069181,0.5550314465408805,11184,636,4.0881856069900095,0,24500400,0,0,20417,271568896,50,0b9008df6ba57ee5b77ad5b1a9a617ff33b5d3e5fd194e289d7def6ff20bab4f,38dddb66ba180cbfa02e1894b5607b4eae8781544dc44b46af03e901414e7a07
gtx,elliptic,fedgcn,random,20261004,123,0.25767502953898974,0.31849653808110784,0.05059663834471514,0.42933333333333334,0.2531446540880503,0.7715782061280805,0.10220125786163523,0.3191823899371069,11184,636,14.71148507297039,0,7375200,49002444,0,6146,1169616896,40,0b9008df6ba57ee5b77ad5b1a9a617ff33b5d3e5fd194e289d7def6ff20bab4f,b9499d48a334a95c0690280625aa9f14766516bde5b881d9eb99a8c11e93888b
gtx,elliptic,fedmlp,random,20261004,123,0.6024980403310352,0.6732477788746298,0.028907736068360435,0.9045092838196287,0.5361635220125787,0.8366096109310417,0.16981132075471697,0.5754716981132075,11184,636,1.3129639539401978,0,12442800,0,0,10369,183899648,50,0b9008df6ba57ee5b77ad5b1a9a617ff33b5d3e5fd194e289d7def6ff20bab4f,697663bcfc306f09f24b07dc60ac5ab0f02ff9069492a564ac3f7231b54e6e78
gtx,elliptic,fresh,random,20261004,123,0.6120930456855319,0.6494312306101344,0.030254287714444248,0.9486404833836858,0.4937106918238994,0.8548606341063196,0.17138364779874213,0.5613207547169812,11184,636,7.198351843981072,2298316800,24500400,0,2670054400,20417,387479040,50,0b9008df6ba57ee5b77ad5b1a9a617ff33b5d3e5fd194e289d7def6ff20bab4f,38dddb66ba180cbfa02e1894b5607b4eae8781544dc44b46af03e901414e7a07
gtx,elliptic,local,random,20261004,123,0.5567104968179543,0.5284280936454849,0.03304550800980567,0.9080459770114943,0.37264150943396224,0.837770744938383,0.15880503144654087,0.5408805031446541,11184,636,4.0121822480577976,0,0,0,0,20417,271568896,50,0b9008df6ba57ee5b77ad5b1a9a617ff33b5d3e5fd194e289d7def6ff20bab4f,38dddb66ba180cbfa02e1894b5607b4eae8781544dc44b46af03e901414e7a07
gtx,elliptic,oracle,random,20261004,123,0.5663594954874512,0.5644444444444444,0.035218204852438977,0.9621212121212122,0.39937106918238996,0.8515501463212198,0.17452830188679244,0.5,11184,636,4.1895527130691335,5638058400,24500400,0,2670054400,20417,354366464,40,0b9008df6ba57ee5b77ad5b1a9a617ff33b5d3e5fd194e289d7def6ff20bab4f,38dddb66ba180cbfa02e1894b5607b4eae8781544dc44b46af03e901414e7a07
gtx,elliptic,shuffled,random,20261004,123,0.5949668355184755,0.6572864321608041,0.03050904208592681,0.9108635097493036,0.5141509433962265,0.8470294824736515,0.16981132075471697,0.5644654088050315,11184,636,12.280502853100188,1149158400,24500400,0,1335027200,20417,387143168,45,0b9008df6ba57ee5b77ad5b1a9a617ff33b5d3e5fd194e289d7def6ff20bab4f,38dddb66ba180cbfa02e1894b5607b4eae8781544dc44b46af03e901414e7a07
gtx,elliptic,current,random,20261004,42,0.5816379447252769,0.6263846928499497,0.03225240769172906,0.8711484593837535,0.4889937106918239,0.8548034680633366,0.16823899371069181,0.5518867924528302,11184,636,5.865817763959058,1149158400,24500400,0,1335027200,20417,387042304,45,0b9008df6ba57ee5b77ad5b1a9a617ff33b5d3e5fd194e289d7def6ff20bab4f,72b59b45f34cd8d5e7b24de2bde665873fadae4f138a95a5080db0ccc6df75c8
gtx,elliptic,fedavg,random,20261004,42,0.5682877069435321,0.6157068062827226,0.033262611895005775,0.9216300940438872,0.46226415094339623,0.8384368374105318,0.16666666666666666,0.5534591194968553,11184,636,4.101899403962307,0,24500400,0,0,20417,271568896,50,0b9008df6ba57ee5b77ad5b1a9a617ff33b5d3e5fd194e289d7def6ff20bab4f,72b59b45f34cd8d5e7b24de2bde665873fadae4f138a95a5080db0ccc6df75c8
gtx,elliptic,fedgcn,random,20261004,42,0.2587278109775114,0.3333333333333333,0.05084574488749877,0.3526315789473684,0.3160377358490566,0.7758195240446191,0.10220125786163523,0.3128930817610063,11184,636,14.71096159692388,0,7375200,49002444,0,6146,1169616896,35,0b9008df6ba57ee5b77ad5b1a9a617ff33b5d3e5fd194e289d7def6ff20bab4f,e540029da8e7b72e5a9c386a27bc22a5b291642d119fa74f70d5892f656d8b8e
gtx,elliptic,fedmlp,random,20261004,42,0.6292401591765999,0.6746987951807228,0.02804713959209801,0.9333333333333333,0.5283018867924528,0.8322226574890945,0.17452830188679244,0.5786163522012578,11184,636,1.2991805690107867,0,12442800,0,0,10369,183899648,30,0b9008df6ba57ee5b77ad5b1a9a617ff33b5d3e5fd194e289d7def6ff20bab4f,a90dfe0478197193d67cebdcdbaad4cdcc06c67fc69beb229e0180f96f920458
gtx,elliptic,fresh,random,20261004,42,0.6026696791891517,0.6362694300518135,0.030827907838798824,0.9331306990881459,0.4827044025157233,0.8553992768607361,0.16981132075471697,0.5613207547169812,11184,636,7.202507421025075,2298316800,24500400,0,2670054400,20417,387479040,40,0b9008df6ba57ee5b77ad5b1a9a617ff33b5d3e5fd194e289d7def6ff20bab4f,72b59b45f34cd8d5e7b24de2bde665873fadae4f138a95a5080db0ccc6df75c8
gtx,elliptic,local,random,20261004,42,0.540433787298014,0.618905472636816,0.03434005472731612,0.8428184281842819,0.4889937106918239,0.8342092333817493,0.15880503144654087,0.5361635220125787,11184,636,4.016181527986191,0,0,0,0,20417,271568896,50,0b9008df6ba57ee5b77ad5b1a9a617ff33b5d3e5fd194e289d7def6ff20bab4f,72b59b45f34cd8d5e7b24de2bde665873fadae4f138a95a5080db0ccc6df75c8
gtx,elliptic,oracle,random,20261004,42,0.5674046255998889,0.5915789473684211,0.03473505003117043,0.8949044585987261,0.4418238993710692,0.8570446452634616,0.16981132075471697,0.5314465408805031,11184,636,4.1835859270067886,5638058400,24500400,0,2670054400,20417,354366464,40,0b9008df6ba57ee5b77ad5b1a9a617ff33b5d3e5fd194e289d7def6ff20bab4f,72b59b45f34cd8d5e7b24de2bde665873fadae4f138a95a5080db0ccc6df75c8
gtx,elliptic,shuffled,random,20261004,42,0.5862748509098892,0.6304801670146137,0.03128208807498855,0.937888198757764,0.4748427672955975,0.849402432247432,0.16823899371069181,0.5566037735849056,11184,636,12.269312598044053,1149158400,24500400,0,1335027200,20417,387143168,50,0b9008df6ba57ee5b77ad5b1a9a617ff33b5d3e5fd194e289d7def6ff20bab4f,72b59b45f34cd8d5e7b24de2bde665873fadae4f138a95a5080db0ccc6df75c8
gtx,elliptic,current,random,20261004,456,0.5891608061322425,0.6085106382978723,0.03155602180737938,0.9407894736842105,0.449685534591195,0.8567708147003336,0.16981132075471697,0.5534591194968553,11184,636,5.856580764986575,1149158400,24500400,0,1335027200,20417,387042304,35,0b9008df6ba57ee5b77ad5b1a9a617ff33b5d3e5fd194e289d7def6ff20bab4f,d258e8c146df19c3e61ced5b6c85c932db725bacce0f9adfe364ae6f90e21213
gtx,elliptic,fedavg,random,20261004,456,0.5893686166156775,0.6220806794055201,0.03128989812534697,0.9575163398692811,0.4606918238993711,0.8427039433986113,0.16823899371069181,0.5550314465408805,11184,636,4.096412948099896,0,24500400,0,0,20417,271568896,40,0b9008df6ba57ee5b77ad5b1a9a617ff33b5d3e5fd194e289d7def6ff20bab4f,d258e8c146df19c3e61ced5b6c85c932db725bacce0f9adfe364ae6f90e21213
gtx,elliptic,fedgcn,random,20261004,456,0.26446862447418557,0.320636725412166,0.0508594727178223,0.25111308993766696,0.44339622641509435,0.7829014800266167,0.10220125786163523,0.32547169811320753,11184,636,14.745006304001436,0,7375200,49002444,0,6146,1169616896,40,0b9008df6ba57ee5b77ad5b1a9a617ff33b5d3e5fd194e289d7def6ff20bab4f,dd43194f57569a9c44627f3a69bad34fce5ceb68d5f1c1fb018898d45334403a
gtx,elliptic,fedmlp,random,20261004,456,0.5998578413333739,0.6680244399185336,0.028437670736256387,0.9479768786127167,0.5157232704402516,0.8333362400812816,0.16666666666666666,0.5786163522012578,11184,636,1.2980259379837662,0,12442800,0,0,10369,183899648,40,0b9008df6ba57ee5b77ad5b1a9a617ff33b5d3e5fd194e289d7def6ff20bab4f,e3f512063d220e70cf31d0b6c991414144ec4017c051ff7ef22313a13776a234
gtx,elliptic,fresh,random,20261004,456,0.5972046552109085,0.6369294605809128,0.03012203844677722,0.9359756097560976,0.4827044025157233,0.8641776556645511,0.16981132075471697,0.5550314465408805,11184,636,7.201124810031615,2298316800,24500400,0,2670054400,20417,387479040,50,0b9008df6ba57ee5b77ad5b1a9a617ff33b5d3e5fd194e289d7def6ff20bab4f,d258e8c146df19c3e61ced5b6c85c932db725bacce0f9adfe364ae6f90e21213
gtx,elliptic,local,random,20261004,456,0.5605651641935792,0.6082365364308342,0.034898000667562185,0.9260450160771704,0.4528301886792453,0.831913051566603,0.16037735849056603,0.5330188679245284,11184,636,4.022009443957359,0,0,0,0,20417,271568896,35,0b9008df6ba57ee5b77ad5b1a9a617ff33b5d3e5fd194e289d7def6ff20bab4f,d258e8c146df19c3e61ced5b6c85c932db725bacce0f9adfe364ae6f90e21213
gtx,elliptic,oracle,random,20261004,456,0.581239366838715,0.5539983511953833,0.03539388074136478,0.5823223570190641,0.5283018867924528,0.8512633471903226,0.1761006289308176,0.5267295597484277,11184,636,4.185240866965614,5638058400,24500400,0,2670054400,20417,354366464,30,0b9008df6ba57ee5b77ad5b1a9a617ff33b5d3e5fd194e289d7def6ff20bab4f,d258e8c146df19c3e61ced5b6c85c932db725bacce0f9adfe364ae6f90e21213
gtx,elliptic,shuffled,random,20261004,456,0.5925016573581802,0.5817782656421515,0.03123781578492059,0.9636363636363636,0.4166666666666667,0.8526327981339572,0.16981132075471697,0.5550314465408805,11184,636,12.268202377017587,1149158400,24500400,0,1335027200,20417,387143168,40,0b9008df6ba57ee5b77ad5b1a9a617ff33b5d3e5fd194e289d7def6ff20bab4f,d258e8c146df19c3e61ced5b6c85c932db725bacce0f9adfe364ae6f90e21213
gtx,elliptic,current,random,20261005,123,0.5912925755548076,0.6482617586912065,0.02990472167950121,0.9269005847953217,0.49842767295597484,0.8508206271181994,0.16823899371069181,0.5566037735849056,11184,636,5.832635467057116,1155161600,24500400,0,1343475200,20417,386467328,50,efc2da353c9a1b28951bfe2e466ec592cda86dcad0cf4f8c63ffa1b2c50215b5,38dddb66ba180cbfa02e1894b5607b4eae8781544dc44b46af03e901414e7a07
gtx,elliptic,fedavg,random,20261005,123,0.5692555751911565,0.6326742976066597,0.030672787141131953,0.9353846153846154,0.4779874213836478,0.8325074442560275,0.1650943396226415,0.550314465408805,11184,636,4.083858391037211,0,24500400,0,0,20417,269998592,50,efc2da353c9a1b28951bfe2e466ec592cda86dcad0cf4f8c63ffa1b2c50215b5,38dddb66ba180cbfa02e1894b5607b4eae8781544dc44b46af03e901414e7a07
gtx,elliptic,fedgcn,random,20261005,123,0.25717644537840123,0.3207920792079208,0.05057756525216379,0.43315508021390375,0.25471698113207547,0.7749111280447812,0.09905660377358491,0.3128930817610063,11184,636,14.745817527989857,0,7375200,49243128,0,6146,1172832256,35,efc2da353c9a1b28951bfe2e466ec592cda86dcad0cf4f8c63ffa1b2c50215b5,b9499d48a334a95c0690280625aa9f14766516bde5b881d9eb99a8c11e93888b
gtx,elliptic,fedmlp,random,20261005,123,0.6073685652160242,0.67578125,0.028588092319161974,0.8917525773195877,0.5440251572327044,0.8381415416317857,0.16981132075471697,0.5786163522012578,11184,636,1.3084181739250198,0,12442800,0,0,10369,183841792,50,efc2da353c9a1b28951bfe2e466ec592cda86dcad0cf4f8c63ffa1b2c50215b5,697663bcfc306f09f24b07dc60ac5ab0f02ff9069492a564ac3f7231b54e6e78
gtx,elliptic,fresh,random,20261005,123,0.5813967078795572,0.6401630988786952,0.031228870861563326,0.9101449275362319,0.4937106918238994,0.8537714980096975,0.16823899371069181,0.5440251572327044,11184,636,7.157254896010272,2310323200,24500400,0,2686950400,20417,386794496,50,efc2da353c9a1b28951bfe2e466ec592cda86dcad0cf4f8c63ffa1b2c50215b5,38dddb66ba180cbfa02e1894b5607b4eae8781544dc44b46af03e901414e7a07
gtx,elliptic,local,random,20261005,123,0.5519641087721435,0.5991902834008097,0.034632043916868444,0.8409090909090909,0.46540880503144655,0.8129497260799984,0.1650943396226415,0.529874213836478,11184,636,3.9927963049849495,0,0,0,0,20417,269998592,25,efc2da353c9a1b28951bfe2e466ec592cda86dcad0cf4f8c63ffa1b2c50215b5,38dddb66ba180cbfa02e1894b5607b4eae8781544dc44b46af03e901414e7a07
gtx,elliptic,oracle,random,20261005,123,0.5588862237910155,0.5767543859649122,0.03463213549651737,0.9528985507246377,0.41352201257861637,0.8535508832936226,0.16981132075471697,0.5,11184,636,4.201768144033849,5667511600,24500400,0,2686950400,20417,355059712,45,efc2da353c9a1b28951bfe2e466ec592cda86dcad0cf4f8c63ffa1b2c50215b5,38dddb66ba180cbfa02e1894b5607b4eae8781544dc44b46af03e901414e7a07
gtx,elliptic,shuffled,random,20261005,123,0.5819952744754868,0.637537239324727,0.030523581469811066,0.8652291105121294,0.5047169811320755,0.8445867707491121,0.16823899371069181,0.5534591194968553,11184,636,12.192019562004134,1155161600,24500400,0,1343475200,20417,386638336,40,efc2da353c9a1b28951bfe2e466ec592cda86dcad0cf4f8c63ffa1b2c50215b5,38dddb66ba180cbfa02e1894b5607b4eae8781544dc44b46af03e901414e7a07
gtx,elliptic,current,random,20261005,42,0.5819540319507728,0.6225026288117771,0.031119214786624338,0.9396825396825397,0.46540880503144655,0.8554985534829697,0.16823899371069181,0.5534591194968553,11184,636,5.827147158095613,1155161600,24500400,0,1343475200,20417,386467328,45,efc2da353c9a1b28951bfe2e466ec592cda86dcad0cf4f8c63ffa1b2c50215b5,72b59b45f34cd8d5e7b24de2bde665873fadae4f138a95a5080db0ccc6df75c8
gtx,elliptic,fedavg,random,20261005,42,0.5788744913498979,0.6421267893660532,0.03093589078088785,0.9181286549707602,0.4937106918238994,0.8434883181526558,0.16352201257861634,0.5613207547169812,11184,636,4.0808514329837635,0,24500400,0,0,20417,269998592,50,efc2da353c9a1b28951bfe2e466ec592cda86dcad0cf4f8c63ffa1b2c50215b5,72b59b45f34cd8d5e7b24de2bde665873fadae4f138a95a5080db0ccc6df75c8
gtx,elliptic,fedgcn,random,20261005,42,0.25443234927544817,0.3276003276003276,0.050676704139283574,0.3418803418803419,0.31446540880503143,0.777382758184806,0.09119496855345911,0.3128930817610063,11184,636,14.739971698028967,0,7375200,49243128,0,6146,1172832256,40,efc2da353c9a1b28951bfe2e466ec592cda86dcad0cf4f8c63ffa1b2c50215b5,e540029da8e7b72e5a9c386a27bc22a5b291642d119fa74f70d5892f656d8b8e
gtx,elliptic,fedmlp,random,20261005,42,0.6005605601713333,0.6738916256157635,0.028769108885221994,0.9023746701846965,0.5377358490566038,0.8343881101785668,0.16981132075471697,0.5786163522012578,11184,636,1.304402254987508,0,12442800,0,0,10369,183841792,45,efc2da353c9a1b28951bfe2e466ec592cda86dcad0cf4f8c63ffa1b2c50215b5,a90dfe0478197193d67cebdcdbaad4cdcc06c67fc69beb229e0180f96f920458
gtx,elliptic,fresh,random,20261005,42,0.5967500802371863,0.6300813008130082,0.03184213409339996,0.8908045977011494,0.48742138364779874,0.8586336674751898,0.16823899371069181,0.5613207547169812,11184,636,7.159574281075038,2310323200,24500400,0,2686950400,20417,386794496,30,efc2da353c9a1b28951bfe2e466ec592cda86dcad0cf4f8c63ffa1b2c50215b5,72b59b45f34cd8d5e7b24de2bde665873fadae4f138a95a5080db0ccc6df75c8
gtx,elliptic,local,random,20261005,42,0.5416479104072601,0.6095820591233435,0.033988805702215685,0.8666666666666667,0.470125786163522,0.828425028560662,0.1619496855345912,0.5361635220125787,11184,636,3.992838490055874,0,0,0,0,20417,269998592,40,efc2da353c9a1b28951bfe2e466ec592cda86dcad0cf4f8c63ffa1b2c50215b5,72b59b45f34cd8d5e7b24de2bde665873fadae4f138a95a5080db0ccc6df75c8
gtx,elliptic,oracle,random,20261005,42,0.578075023789502,0.6081081081081081,0.03320879119548049,0.7875,0.49528301886792453,0.8619543661441078,0.16981132075471697,0.5440251572327044,11184,636,4.2009410170139745,5667511600,24500400,0,2686950400,20417,355059712,50,efc2da353c9a1b28951bfe2e466ec592cda86dcad0cf4f8c63ffa1b2c50215b5,72b59b45f34cd8d5e7b24de2bde665873fadae4f138a95a5080db0ccc6df75c8
gtx,elliptic,shuffled,random,20261005,42,0.5952575654400669,0.6500994035785288,0.030549941171638686,0.8837837837837837,0.5141509433962265,0.8546058092028535,0.16823899371069181,0.559748427672956,11184,636,12.209348366013728,1155161600,24500400,0,1343475200,20417,386638336,40,efc2da353c9a1b28951bfe2e466ec592cda86dcad0cf4f8c63ffa1b2c50215b5,72b59b45f34cd8d5e7b24de2bde665873fadae4f138a95a5080db0ccc6df75c8
gtx,elliptic,current,random,20261005,456,0.5986316796716911,0.5682819383259912,0.03176613736054949,0.9485294117647058,0.4056603773584906,0.854909452565451,0.16823899371069181,0.5566037735849056,11184,636,5.851678340928629,1155161600,24500400,0,1343475200,20417,386467328,35,efc2da353c9a1b28951bfe2e466ec592cda86dcad0cf4f8c63ffa1b2c50215b5,d258e8c146df19c3e61ced5b6c85c932db725bacce0f9adfe364ae6f90e21213
gtx,elliptic,fedavg,random,20261005,456,0.5821587218079339,0.6398390342052314,0.03072304981749405,0.888268156424581,0.5,0.840458294278566,0.16823899371069181,0.5518867924528302,11184,636,4.084229376981966,0,24500400,0,0,20417,269998592,45,efc2da353c9a1b28951bfe2e466ec592cda86dcad0cf4f8c63ffa1b2c50215b5,d258e8c146df19c3e61ced5b6c85c932db725bacce0f9adfe364ae6f90e21213
gtx,elliptic,fedgcn,random,20261005,456,0.26776804284472594,0.3335369578497251,0.05043598420233424,0.2727272727272727,0.42924528301886794,0.7829632670535176,0.09748427672955975,0.3333333333333333,11184,636,14.759724784060381,0,7375200,49243128,0,6146,1172832256,50,efc2da353c9a1b28951bfe2e466ec592cda86dcad0cf4f8c63ffa1b2c50215b5,dd43194f57569a9c44627f3a69bad34fce5ceb68d5f1c1fb018898d45334403a
gtx,elliptic,fedmlp,random,20261005,456,0.6169500963586686,0.662,0.02880808780569447,0.9093406593406593,0.5204402515723271,0.824535576209863,0.17295597484276728,0.5770440251572327,11184,636,1.3024147870019078,0,12442800,0,0,10369,183841792,25,efc2da353c9a1b28951bfe2e466ec592cda86dcad0cf4f8c63ffa1b2c50215b5,e3f512063d220e70cf31d0b6c991414144ec4017c051ff7ef22313a13776a234
gtx,elliptic,fresh,random,20261005,456,0.588995079809353,0.62217659137577,0.032193571049502205,0.8964497041420119,0.47641509433962265,0.8576096723454087,0.16823899371069181,0.5487421383647799,11184,636,7.239146362058818,2310323200,24500400,0,2686950400,20417,386794496,35,efc2da353c9a1b28951bfe2e466ec592cda86dcad0cf4f8c63ffa1b2c50215b5,d258e8c146df19c3e61ced5b6c85c932db725bacce0f9adfe364ae6f90e21213
gtx,elliptic,local,random,20261005,456,0.5367450887765988,0.6113989637305699,0.03468948553238625,0.8966565349544073,0.4638364779874214,0.824943117178612,0.15880503144654087,0.539308176100629,11184,636,4.004304199013859,0,0,0,0,20417,269998592,45,efc2da353c9a1b28951bfe2e466ec592cda86dcad0cf4f8c63ffa1b2c50215b5,d258e8c146df19c3e61ced5b6c85c932db725bacce0f9adfe364ae6f90e21213
gtx,elliptic,oracle,random,20261005,456,0.575036419136682,0.6053412462908012,0.03358607995403998,0.816,0.4811320754716981,0.8579183838839162,0.16981132075471697,0.5345911949685535,11184,636,4.19945288496092,5667511600,24500400,0,2686950400,20417,355059712,45,efc2da353c9a1b28951bfe2e466ec592cda86dcad0cf4f8c63ffa1b2c50215b5,d258e8c146df19c3e61ced5b6c85c932db725bacce0f9adfe364ae6f90e21213
gtx,elliptic,shuffled,random,20261005,456,0.5912318663424271,0.6323232323232323,0.031335606641175434,0.884180790960452,0.4921383647798742,0.8506135772258833,0.16823899371069181,0.5613207547169812,11184,636,12.266590237035416,1155161600,24500400,0,1343475200,20417,386638336,40,efc2da353c9a1b28951bfe2e466ec592cda86dcad0cf4f8c63ffa1b2c50215b5,d258e8c146df19c3e61ced5b6c85c932db725bacce0f9adfe364ae6f90e21213
gtx,elliptic,rf_local,louvain,20261003,123,0.655234853968929,0.6964112512124151,0.026513642379144612,0.9088607594936708,0.5644654088050315,0.8483794805656322,0.1761006289308176,0.60062893081761,11184,636,2.579363663913682,0,0,0,0,,,,8d496fe781c4340601138a0d0ee77d4c5c0b68a4ae6b1560c82a3b8bd3d2ea67,
gtx,elliptic,rf_local,louvain,20261003,42,0.6559121772593451,0.6947162426614482,0.026681167155882757,0.9196891191709845,0.5581761006289309,0.848880112000725,0.1761006289308176,0.5974842767295597,11184,636,2.4237768340390176,0,0,0,0,,,,8d496fe781c4340601138a0d0ee77d4c5c0b68a4ae6b1560c82a3b8bd3d2ea67,
gtx,elliptic,rf_local,louvain,20261003,456,0.6551333499485212,0.6832174776564052,0.02656694125458295,0.9272237196765498,0.5408805031446541,0.8511824054397625,0.1761006289308176,0.60062893081761,11184,636,2.5815990921109915,0,0,0,0,,,,8d496fe781c4340601138a0d0ee77d4c5c0b68a4ae6b1560c82a3b8bd3d2ea67,
gtx,elliptic,rf_local,louvain,20261004,123,0.6540131682994903,0.6825396825396826,0.026607203922231096,0.9247311827956989,0.5408805031446541,0.8474543148660929,0.1761006289308176,0.6037735849056604,11184,636,2.5101100550964475,0,0,0,0,,,,bcc5a5242e845c86894a972174886c34f25960866ef0370ebb1567afb1b51a0f,
gtx,elliptic,rf_local,louvain,20261004,42,0.6549903045751702,0.6922320550639135,0.026712647373208002,0.9238845144356955,0.5534591194968553,0.849913498162339,0.1761006289308176,0.6022012578616353,11184,636,2.4668454797938466,0,0,0,0,,,,bcc5a5242e845c86894a972174886c34f25960866ef0370ebb1567afb1b51a0f,
gtx,elliptic,rf_local,louvain,20261004,456,0.6535445987759583,0.6912181303116147,0.026697138782669466,0.8652482269503546,0.5754716981132075,0.842542879749477,0.1761006289308176,0.6022012578616353,11184,636,2.5400801540818065,0,0,0,0,,,,bcc5a5242e845c86894a972174886c34f25960866ef0370ebb1567afb1b51a0f,
gtx,elliptic,rf_local,louvain,20261005,123,0.6452617253863875,0.693050193050193,0.027228348401976153,0.8975,0.5644654088050315,0.8313564466005061,0.1761006289308176,0.60062893081761,11184,636,2.5848831918556243,0,0,0,0,,,,179968208bf16eea364190790d66fe446bbab9c7ce90e10a185028cd0731df8f,
gtx,elliptic,rf_local,louvain,20261005,42,0.645218509007244,0.6841085271317829,0.027268775921234608,0.8914141414141414,0.5550314465408805,0.8251592599747666,0.1761006289308176,0.5943396226415094,11184,636,2.51172950793989,0,0,0,0,,,,179968208bf16eea364190790d66fe446bbab9c7ce90e10a185028cd0731df8f,
gtx,elliptic,rf_local,louvain,20261005,456,0.6472021417411552,0.690978886756238,0.027088449118863624,0.8866995073891626,0.5660377358490566,0.8339859355137224,0.1761006289308176,0.5959119496855346,11184,636,2.5506613650359213,0,0,0,0,,,,179968208bf16eea364190790d66fe446bbab9c7ce90e10a185028cd0731df8f,
gtx,elliptic,rf_local,random,20261003,123,0.6561681967572998,0.696911196911197,0.026575245829827728,0.9025,0.5676100628930818,0.8486594227526515,0.1761006289308176,0.6053459119496856,11184,636,2.5842650230042636,0,0,0,0,,,,0fe35ace768179363d3da19703e432cea7989d630e29bc85b81c0fbee42064cd,
gtx,elliptic,rf_local,random,20261003,42,0.6587124030588073,0.6942909760589319,0.026464061031750488,0.8377777777777777,0.5927672955974843,0.8532762328785093,0.1761006289308176,0.6053459119496856,11184,636,2.5363271001260728,0,0,0,0,,,,0fe35ace768179363d3da19703e432cea7989d630e29bc85b81c0fbee42064cd,
gtx,elliptic,rf_local,random,20261003,456,0.6588329543152479,0.7023923444976077,0.02650843546424623,0.8973105134474327,0.5770440251572327,0.849118316268487,0.1761006289308176,0.6037735849056604,11184,636,2.578521495917812,0,0,0,0,,,,0fe35ace768179363d3da19703e432cea7989d630e29bc85b81c0fbee42064cd,
gtx,elliptic,rf_local,random,20261004,123,0.6525422332336821,0.6871508379888268,0.027022192880841425,0.8424657534246576,0.5801886792452831,0.8494000472234744,0.1761006289308176,0.6022012578616353,11184,636,2.591272016055882,0,0,0,0,,,,0b9008df6ba57ee5b77ad5b1a9a617ff33b5d3e5fd194e289d7def6ff20bab4f,
gtx,elliptic,rf_local,random,20261004,42,0.6526202651295393,0.6879699248120301,0.02702023231615625,0.8551401869158879,0.5754716981132075,0.8510505583341084,0.1761006289308176,0.6022012578616353,11184,636,2.5463330259080976,0,0,0,0,,,,0b9008df6ba57ee5b77ad5b1a9a617ff33b5d3e5fd194e289d7def6ff20bab4f,
gtx,elliptic,rf_local,random,20261004,456,0.6510448380249524,0.6856600189933523,0.026915100751318227,0.8657074340527577,0.5676100628930818,0.8449849206860284,0.1761006289308176,0.60062893081761,11184,636,2.5777228050865233,0,0,0,0,,,,0b9008df6ba57ee5b77ad5b1a9a617ff33b5d3e5fd194e289d7def6ff20bab4f,
gtx,elliptic,rf_local,random,20261005,123,0.6495165646189641,0.6758241758241759,0.026985849953582372,0.8092105263157895,0.5801886792452831,0.8388759799467185,0.1761006289308176,0.60062893081761,11184,636,2.5913942318875343,0,0,0,0,,,,efc2da353c9a1b28951bfe2e466ec592cda86dcad0cf4f8c63ffa1b2c50215b5,
gtx,elliptic,rf_local,random,20261005,42,0.6508654057034756,0.6838586437440306,0.02687342962996599,0.8710462287104623,0.5628930817610063,0.8477338843931188,0.1761006289308176,0.5959119496855346,11184,636,2.5572596229612827,0,0,0,0,,,,efc2da353c9a1b28951bfe2e466ec592cda86dcad0cf4f8c63ffa1b2c50215b5,
gtx,elliptic,rf_local,random,20261005,456,0.6485907951125894,0.6770642201834862,0.02706077441160096,0.8127753303964758,0.5801886792452831,0.8417810136590324,0.1761006289308176,0.60062893081761,11184,636,2.6436485489830375,0,0,0,0,,,,efc2da353c9a1b28951bfe2e466ec592cda86dcad0cf4f8c63ffa1b2c50215b5,
gtx,elliptic,rf_pooled,random,20261003,123,0.6551012689969299,0.6918714555765595,0.026323553076372113,0.8672985781990521,0.5754716981132075,0.8427879409611169,0.1761006289308176,0.6037735849056604,11184,636,2.6695767119526863,0,0,0,0,,,,0fe35ace768179363d3da19703e432cea7989d630e29bc85b81c0fbee42064cd,
gtx,elliptic,rf_pooled,random,20261003,42,0.6560508131492981,0.6920821114369502,0.026342340814913153,0.9147286821705426,0.5566037735849056,0.8402441638463759,0.1761006289308176,0.6022012578616353,11184,636,2.6824101340025663,0,0,0,0,,,,0fe35ace768179363d3da19703e432cea7989d630e29bc85b81c0fbee42064cd,
gtx,elliptic,rf_pooled,random,20261003,456,0.6583841905056347,0.6957364341085271,0.026181400151444434,0.9065656565656566,0.5644654088050315,0.848781804294474,0.1761006289308176,0.6037735849056604,11184,636,2.673430064925924,0,0,0,0,,,,0fe35ace768179363d3da19703e432cea7989d630e29bc85b81c0fbee42064cd,
gtx,elliptic,xgb_local,louvain,20261003,123,0.6570772808872962,0.6613616268788682,0.02854287485354148,0.7555555555555555,0.5880503144654088,0.8808079805286644,0.1761006289308176,0.5974842767295597,11184,636,0.6253490149974823,0,0,0,0,,,,8d496fe781c4340601138a0d0ee77d4c5c0b68a4ae6b1560c82a3b8bd3d2ea67,
gtx,elliptic,xgb_local,louvain,20261003,42,0.6570772808872962,0.6613616268788682,0.02854287485354148,0.7555555555555555,0.5880503144654088,0.8808079805286644,0.1761006289308176,0.5974842767295597,11184,636,0.6543920799158514,0,0,0,0,,,,8d496fe781c4340601138a0d0ee77d4c5c0b68a4ae6b1560c82a3b8bd3d2ea67,
gtx,elliptic,xgb_local,louvain,20261003,456,0.6570772808872962,0.6613616268788682,0.02854287485354148,0.7555555555555555,0.5880503144654088,0.8808079805286644,0.1761006289308176,0.5974842767295597,11184,636,0.623011982999742,0,0,0,0,,,,8d496fe781c4340601138a0d0ee77d4c5c0b68a4ae6b1560c82a3b8bd3d2ea67,
gtx,elliptic,xgb_local,louvain,20261004,123,0.6441005920278835,0.6609195402298851,0.028761269829541247,0.8455882352941176,0.5424528301886793,0.8819639718280969,0.1761006289308176,0.5707547169811321,11184,636,0.6223186310380697,0,0,0,0,,,,bcc5a5242e845c86894a972174886c34f25960866ef0370ebb1567afb1b51a0f,
gtx,elliptic,xgb_local,louvain,20261004,42,0.6441005920278835,0.6609195402298851,0.028761269829541247,0.8455882352941176,0.5424528301886793,0.8819639718280969,0.1761006289308176,0.5707547169811321,11184,636,0.6586652230471373,0,0,0,0,,,,bcc5a5242e845c86894a972174886c34f25960866ef0370ebb1567afb1b51a0f,
gtx,elliptic,xgb_local,louvain,20261004,456,0.6441005920278835,0.6609195402298851,0.028761269829541247,0.8455882352941176,0.5424528301886793,0.8819639718280969,0.1761006289308176,0.5707547169811321,11184,636,0.6228552781976759,0,0,0,0,,,,bcc5a5242e845c86894a972174886c34f25960866ef0370ebb1567afb1b51a0f,
gtx,elliptic,xgb_local,louvain,20261005,123,0.6512809702779607,0.686595949855352,0.028785142400810666,0.8877805486284289,0.559748427672956,0.8725672755632831,0.1761006289308176,0.5927672955974843,11184,636,0.6272123898379505,0,0,0,0,,,,179968208bf16eea364190790d66fe446bbab9c7ce90e10a185028cd0731df8f,
gtx,elliptic,xgb_local,louvain,20261005,42,0.6512809702779607,0.686595949855352,0.028785142400810666,0.8877805486284289,0.559748427672956,0.8725672755632831,0.1761006289308176,0.5927672955974843,11184,636,0.6468919320032,0,0,0,0,,,,179968208bf16eea364190790d66fe446bbab9c7ce90e10a185028cd0731df8f,
gtx,elliptic,xgb_local,louvain,20261005,456,0.6512809702779607,0.686595949855352,0.028785142400810666,0.8877805486284289,0.559748427672956,0.8725672755632831,0.1761006289308176,0.5927672955974843,11184,636,0.6285071349702775,0,0,0,0,,,,179968208bf16eea364190790d66fe446bbab9c7ce90e10a185028cd0731df8f,
gtx,elliptic,xgb_local,random,20261003,123,0.6563393421495006,0.687007874015748,0.028163199684376108,0.9184210526315789,0.5487421383647799,0.8799802281513918,0.1761006289308176,0.5974842767295597,11184,636,0.634190808981657,0,0,0,0,,,,0fe35ace768179363d3da19703e432cea7989d630e29bc85b81c0fbee42064cd,
gtx,elliptic,xgb_local,random,20261003,42,0.6563393421495006,0.687007874015748,0.028163199684376108,0.9184210526315789,0.5487421383647799,0.8799802281513918,0.1761006289308176,0.5974842767295597,11184,636,0.6327797051053494,0,0,0,0,,,,0fe35ace768179363d3da19703e432cea7989d630e29bc85b81c0fbee42064cd,
gtx,elliptic,xgb_local,random,20261003,456,0.6563393421495006,0.687007874015748,0.028163199684376108,0.9184210526315789,0.5487421383647799,0.8799802281513918,0.1761006289308176,0.5974842767295597,11184,636,0.6283498818520457,0,0,0,0,,,,0fe35ace768179363d3da19703e432cea7989d630e29bc85b81c0fbee42064cd,
gtx,elliptic,xgb_local,random,20261004,123,0.6488277967236321,0.6723646723646723,0.028145739342472702,0.8489208633093526,0.5566037735849056,0.880171924451981,0.17452830188679244,0.5833333333333334,11184,636,0.6270392271690071,0,0,0,0,,,,0b9008df6ba57ee5b77ad5b1a9a617ff33b5d3e5fd194e289d7def6ff20bab4f,
gtx,elliptic,xgb_local,random,20261004,42,0.6488277967236321,0.6723646723646723,0.028145739342472702,0.8489208633093526,0.5566037735849056,0.880171924451981,0.17452830188679244,0.5833333333333334,11184,636,0.6281294240616262,0,0,0,0,,,,0b9008df6ba57ee5b77ad5b1a9a617ff33b5d3e5fd194e289d7def6ff20bab4f,
gtx,elliptic,xgb_local,random,20261004,456,0.6488277967236321,0.6723646723646723,0.028145739342472702,0.8489208633093526,0.5566037735849056,0.880171924451981,0.17452830188679244,0.5833333333333334,11184,636,0.630815849872306,0,0,0,0,,,,0b9008df6ba57ee5b77ad5b1a9a617ff33b5d3e5fd194e289d7def6ff20bab4f,
gtx,elliptic,xgb_local,random,20261005,123,0.6570927303099701,0.688,0.02723513826721104,0.945054945054945,0.5408805031446541,0.8742563197172315,0.1761006289308176,0.5974842767295597,11184,636,0.6348530801478773,0,0,0,0,,,,efc2da353c9a1b28951bfe2e466ec592cda86dcad0cf4f8c63ffa1b2c50215b5,
gtx,elliptic,xgb_local,random,20261005,42,0.6570927303099701,0.688,0.02723513826721104,0.945054945054945,0.5408805031446541,0.8742563197172315,0.1761006289308176,0.5974842767295597,11184,636,0.6417452469468117,0,0,0,0,,,,efc2da353c9a1b28951bfe2e466ec592cda86dcad0cf4f8c63ffa1b2c50215b5,
gtx,elliptic,xgb_local,random,20261005,456,0.6570927303099701,0.688,0.02723513826721104,0.945054945054945,0.5408805031446541,0.8742563197172315,0.1761006289308176,0.5974842767295597,11184,636,0.631722723832354,0,0,0,0,,,,efc2da353c9a1b28951bfe2e466ec592cda86dcad0cf4f8c63ffa1b2c50215b5,
gtx,elliptic,xgb_pooled,random,20261003,123,0.6529317442838376,0.6703296703296703,0.02783284882720281,0.8026315789473685,0.5754716981132075,0.875291420114815,0.1761006289308176,0.5943396226415094,11184,636,0.3220035850536078,0,0,0,0,,,,0fe35ace768179363d3da19703e432cea7989d630e29bc85b81c0fbee42064cd,
gtx,elliptic,xgb_pooled,random,20261003,42,0.6529317442838376,0.6703296703296703,0.02783284882720281,0.8026315789473685,0.5754716981132075,0.875291420114815,0.1761006289308176,0.5943396226415094,11184,636,0.5389994750730693,0,0,0,0,,,,0fe35ace768179363d3da19703e432cea7989d630e29bc85b81c0fbee42064cd,
gtx,elliptic,xgb_pooled,random,20261003,456,0.6529317442838376,0.6703296703296703,0.02783284882720281,0.8026315789473685,0.5754716981132075,0.875291420114815,0.1761006289308176,0.5943396226415094,11184,636,0.31966963200829923,0,0,0,0,,,,0fe35ace768179363d3da19703e432cea7989d630e29bc85b81c0fbee42064cd,
gtx,ibm,current,louvain,20261003,123,0.047338378133688346,0.10278372591006424,0.0010820258785459217,0.08695652173913043,0.1256544502617801,0.912942430247027,0.3036649214659686,0.7120418848167539,172556,191,18.408611530205235,494387200,16666800,0,727078400,13889,963608576,30,16fc94288a063015c567dd368f63c8fc34bfed991575a91aff1228c78fa7cb00,5b3e0fb7f2757da1b3f11d1af630d718210061e0acc172a00682d6de804081bb
gtx,ibm,fedavg,louvain,20261003,123,0.04240119174628164,0.09108910891089109,0.0010845311315695922,0.0732484076433121,0.12041884816753927,0.9160353128626499,0.225130890052356,0.7068062827225131,172556,191,12.743351756827906,0,16666800,0,0,13889,591095296,15,16fc94288a063015c567dd368f63c8fc34bfed991575a91aff1228c78fa7cb00,5b3e0fb7f2757da1b3f11d1af630d718210061e0acc172a00682d6de804081bb
gtx,ibm,fedgcn,louvain,20261003,123,0.010220279225437516,0.03409090909090909,0.0011005770775715943,0.037267080745341616,0.031413612565445025,0.8606115446901839,0.06282722513089005,0.518324607329843,172556,191,35.200046696932986,0,3458400,8081808,0,2882,2653701120,20,16fc94288a063015c567dd368f63c8fc34bfed991575a91aff1228c78fa7cb00,edcc4fcac4d91435de69ff1216dd2ed8eca4ea2946a15440c969eb82abb5094a
gtx,ibm,fedmlp,louvain,20261003,123,0.048681457624504494,0.05983960518198643,0.0010833779592473493,0.03179285480170436,0.5078534031413613,0.8958356968948914,0.3717277486910995,0.7591623036649214,172556,191,5.862815273925662,0,8526000,0,0,7105,477908992,45,16fc94288a063015c567dd368f63c8fc34bfed991575a91aff1228c78fa7cb00,dae2ee3864e4d838f8f3715b7b3a6cbe4db977ad89a70ce995dc1054a5c3cc99
gtx,ibm,fresh,louvain,20261003,123,0.04204379073674377,0.10983981693363844,0.0010835045667466105,0.0975609756097561,0.1256544502617801,0.9083975272855621,0.33507853403141363,0.7120418848167539,172556,191,21.445194300962612,988774400,16666800,0,1454156800,13889,963546624,45,16fc94288a063015c567dd368f63c8fc34bfed991575a91aff1228c78fa7cb00,5b3e0fb7f2757da1b3f11d1af630d718210061e0acc172a00682d6de804081bb
gtx,ibm,local,louvain,20261003,123,0.02291445853756505,0.03932584269662921,0.0010964477045873314,0.04242424242424243,0.03664921465968586,0.8569356274422522,0.25654450261780104,0.6492146596858639,172556,191,12.654103833949193,0,0,0,0,13889,591095296,40,16fc94288a063015c567dd368f63c8fc34bfed991575a91aff1228c78fa7cb00,5b3e0fb7f2757da1b3f11d1af630d718210061e0acc172a00682d6de804081bb
gtx,ibm,oracle,louvain,20261003,123,0.03618716058208363,0.08374384236453201,0.00108815070676983,0.07906976744186046,0.08900523560209424,0.9042272858506917,0.3193717277486911,0.680628272251309,172556,191,14.395192117895931,1637657600,16666800,0,1454156800,13889,879423488,45,16fc94288a063015c567dd368f63c8fc34bfed991575a91aff1228c78fa7cb00,5b3e0fb7f2757da1b3f11d1af630d718210061e0acc172a00682d6de804081bb
gtx,ibm,shuffled,louvain,20261003,123,0.03336406287063312,0.0840064620355412,0.001087636563225861,0.06074766355140187,0.13612565445026178,0.9064635454137187,0.3403141361256545,0.7329842931937173,172556,191,21.380071509163827,494387200,16666800,0,727078400,13889,963768320,50,16fc94288a063015c567dd368f63c8fc34bfed991575a91aff1228c78fa7cb00,5b3e0fb7f2757da1b3f11d1af630d718210061e0acc172a00682d6de804081bb
gtx,ibm,current,louvain,20261003,42,0.04035512138417011,0.08490566037735849,0.0010851580470665886,0.07725321888412018,0.09424083769633508,0.9132660464377388,0.3298429319371728,0.7015706806282722,172556,191,18.3240357930772,494387200,16666800,0,727078400,13889,963608576,25,16fc94288a063015c567dd368f63c8fc34bfed991575a91aff1228c78fa7cb00,45baacf6f0c35cb04828c2ca3ff14010c040cba5ace72b6bbee7bc68b3400cb0
gtx,ibm,fedavg,louvain,20261003,42,0.05508026195742245,0.11147540983606558,0.0010804178829157416,0.14912280701754385,0.08900523560209424,0.907563229922864,0.3507853403141361,0.7068062827225131,172556,191,12.686708729946986,0,16666800,0,0,13889,591095296,30,16fc94288a063015c567dd368f63c8fc34bfed991575a91aff1228c78fa7cb00,45baacf6f0c35cb04828c2ca3ff14010c040cba5ace72b6bbee7bc68b3400cb0
gtx,ibm,fedgcn,louvain,20261003,42,0.01027362744467068,0.03723404255319149,0.001100671003522294,0.03783783783783784,0.03664921465968586,0.8550971752231012,0.08376963350785341,0.5340314136125655,172556,191,35.18965881783515,0,3458400,8081808,0,2882,2653701120,35,16fc94288a063015c567dd368f63c8fc34bfed991575a91aff1228c78fa7cb00,06dcbe94e3ea7fea5c20e1c25953cd46595b3ad2adc341488eca1ae1ef048c33
gtx,ibm,fedmlp,louvain,20261003,42,0.045145311592105025,0.0890937019969278,0.0010867389062060866,0.06304347826086956,0.1518324607329843,0.8899923500340124,0.3507853403141361,0.7120418848167539,172556,191,5.837096896953881,0,8526000,0,0,7105,477908992,15,16fc94288a063015c567dd368f63c8fc34bfed991575a91aff1228c78fa7cb00,59117d67ef2f04365e2d705ac004a58ce85cd11f3250565e55099f0ea932e74f
gtx,ibm,fresh,louvain,20261003,42,0.039349943441251777,0.08056872037914692,0.0010854185246900786,0.0735930735930736,0.08900523560209424,0.912992412454819,0.3298429319371728,0.6963350785340314,172556,191,21.40377264493145,988774400,16666800,0,1454156800,13889,963546624,25,16fc94288a063015c567dd368f63c8fc34bfed991575a91aff1228c78fa7cb00,45baacf6f0c35cb04828c2ca3ff14010c040cba5ace72b6bbee7bc68b3400cb0
gtx,ibm,local,louvain,20261003,42,0.023509996657748854,0.028169014084507043,0.001096292692202072,0.03048780487804878,0.02617801047120419,0.8591127770834539,0.28272251308900526,0.6492146596858639,172556,191,12.610688166925684,0,0,0,0,13889,591095296,40,16fc94288a063015c567dd368f63c8fc34bfed991575a91aff1228c78fa7cb00,45baacf6f0c35cb04828c2ca3ff14010c040cba5ace72b6bbee7bc68b3400cb0
gtx,ibm,oracle,louvain,20261003,42,0.04420138505520893,0.08610567514677103,0.001085153121926471,0.06875,0.11518324607329843,0.9127536946358961,0.3403141361256545,0.7015706806282722,172556,191,14.267905120970681,1637657600,16666800,0,1454156800,13889,879423488,25,16fc94288a063015c567dd368f63c8fc34bfed991575a91aff1228c78fa7cb00,45baacf6f0c35cb04828c2ca3ff14010c040cba5ace72b6bbee7bc68b3400cb0
gtx,ibm,shuffled,louvain,20261003,42,0.041514773846346,0.0703125,0.0010822501636879101,0.13846153846153847,0.04712041884816754,0.9061057724362173,0.31413612565445026,0.6910994764397905,172556,191,21.36948046181351,494387200,16666800,0,727078400,13889,963768320,50,16fc94288a063015c567dd368f63c8fc34bfed991575a91aff1228c78fa7cb00,45baacf6f0c35cb04828c2ca3ff14010c040cba5ace72b6bbee7bc68b3400cb0
gtx,ibm,current,louvain,20261003,456,0.05253138558584737,0.07421875,0.001078348401927167,0.04561824729891957,0.19895287958115182,0.9063392353648647,0.3612565445026178,0.7172774869109948,172556,191,18.49852565396577,494387200,16666800,0,727078400,13889,963608576,40,16fc94288a063015c567dd368f63c8fc34bfed991575a91aff1228c78fa7cb00,ffbc4647057ab3f7549d8d805dce104d2c8b6b6e1344e3d6706b1e395f64322c
gtx,ibm,fedavg,louvain,20261003,456,0.049558862787099645,0.07483870967741936,0.0010797671181308264,0.04965753424657534,0.1518324607329843,0.9050939326824257,0.3507853403141361,0.7382198952879581,172556,191,12.811852386919782,0,16666800,0,0,13889,591095296,40,16fc94288a063015c567dd368f63c8fc34bfed991575a91aff1228c78fa7cb00,ffbc4647057ab3f7549d8d805dce104d2c8b6b6e1344e3d6706b1e395f64322c
gtx,ibm,fedgcn,louvain,20261003,456,0.008639106152734333,0.02522312766783081,0.0011018262920381855,0.01309691718718517,0.3403141361256545,0.8628497634464061,0.07329842931937172,0.5287958115183246,172556,191,35.2078667730093,0,3458400,8081808,0,2882,2653701120,50,16fc94288a063015c567dd368f63c8fc34bfed991575a91aff1228c78fa7cb00,2a29c2cdb9e5dc9c1b41f499447fdcece146c6bad38722d905ebba298f7ea2b7
gtx,ibm,fedmlp,louvain,20261003,456,0.04668082864584448,0.10434782608695652,0.0010823546622613386,0.06840390879478828,0.2198952879581152,0.8957434021891024,0.3717277486910995,0.7591623036649214,172556,191,5.867609770968556,0,8526000,0,0,7105,477908992,50,16fc94288a063015c567dd368f63c8fc34bfed991575a91aff1228c78fa7cb00,7c1fdd36fcc51f6c3f97ae3f4d46be3c95bbb3cb8965966788bd8f46f13453a6
gtx,ibm,fresh,louvain,20261003,456,0.056947477433676195,0.12017167381974249,0.001075857096470491,0.10181818181818182,0.14659685863874344,0.9106122964736193,0.35602094240837695,0.7277486910994765,172556,191,21.46010565990582,988774400,16666800,0,1454156800,13889,963546624,50,16fc94288a063015c567dd368f63c8fc34bfed991575a91aff1228c78fa7cb00,ffbc4647057ab3f7549d8d805dce104d2c8b6b6e1344e3d6706b1e395f64322c
gtx,ibm,local,louvain,20261003,456,0.035894952792199945,0.04132231404958678,0.001096252907896467,0.09803921568627451,0.02617801047120419,0.8494961911917407,0.3193717277486911,0.6387434554973822,172556,191,12.714859335916117,0,0,0,0,13889,591095296,35,16fc94288a063015c567dd368f63c8fc34bfed991575a91aff1228c78fa7cb00,ffbc4647057ab3f7549d8d805dce104d2c8b6b6e1344e3d6706b1e395f64322c
gtx,ibm,oracle,louvain,20261003,456,0.03896810491541914,0.08879492600422834,0.0010890735486521021,0.07446808510638298,0.1099476439790576,0.9069681060054132,0.31413612565445026,0.7015706806282722,172556,191,14.346523083979264,1637657600,16666800,0,1454156800,13889,879423488,50,16fc94288a063015c567dd368f63c8fc34bfed991575a91aff1228c78fa7cb00,ffbc4647057ab3f7549d8d805dce104d2c8b6b6e1344e3d6706b1e395f64322c
gtx,ibm,shuffled,louvain,20261003,456,0.03960810474146357,0.07901234567901234,0.0010833653293537036,0.07476635514018691,0.08376963350785341,0.9034699893368252,0.31413612565445026,0.7277486910994765,172556,191,21.379240499809384,494387200,16666800,0,727078400,13889,963768320,40,16fc94288a063015c567dd368f63c8fc34bfed991575a91aff1228c78fa7cb00,ffbc4647057ab3f7549d8d805dce104d2c8b6b6e1344e3d6706b1e395f64322c
gtx,ibm,current,louvain,20261004,123,0.030500696247148074,0.07090103397341212,0.0010889995868841032,0.04938271604938271,0.1256544502617801,0.9146925972720437,0.19895287958115182,0.7068062827225131,172556,191,18.433363255113363,493939200,16666800,0,723328000,13889,962515456,15,cedc8408e2b049b25123054f877141ae2ef1e5a124569dcdc008121de41754d6,5b3e0fb7f2757da1b3f11d1af630d718210061e0acc172a00682d6de804081bb
gtx,ibm,fedavg,louvain,20261004,123,0.048203014025326056,0.0921409214092141,0.0010813575263494697,0.09550561797752809,0.08900523560209424,0.9072271295708624,0.3403141361256545,0.7120418848167539,172556,191,12.762047501048073,0,16666800,0,0,13889,590998528,25,cedc8408e2b049b25123054f877141ae2ef1e5a124569dcdc008121de41754d6,5b3e0fb7f2757da1b3f11d1af630d718210061e0acc172a00682d6de804081bb
gtx,ibm,fedgcn,louvain,20261004,123,0.010208678027140964,0.03189066059225513,0.0011006159228064663,0.028225806451612902,0.03664921465968586,0.862539831232972,0.06282722513089005,0.5497382198952879,172556,191,35.18918495182879,0,3458400,8074416,0,2882,2656432128,30,cedc8408e2b049b25123054f877141ae2ef1e5a124569dcdc008121de41754d6,edcc4fcac4d91435de69ff1216dd2ed8eca4ea2946a15440c969eb82abb5094a
gtx,ibm,fedmlp,louvain,20261004,123,0.03150307007988593,0.055449330783938815,0.0010901064113884112,0.03391812865497076,0.1518324607329843,0.8858796390163757,0.2617801047120419,0.7120418848167539,172556,191,5.839848728151992,0,8526000,0,0,7105,477165056,15,cedc8408e2b049b25123054f877141ae2ef1e5a124569dcdc008121de41754d6,dae2ee3864e4d838f8f3715b7b3a6cbe4db977ad89a70ce995dc1054a5c3cc99
gtx,ibm,fresh,louvain,20261004,123,0.029278838135559423,0.07109737248840804,0.0010890456873699952,0.05043859649122807,0.12041884816753927,0.9143716389015579,0.19895287958115182,0.7068062827225131,172556,191,21.47348714596592,987878400,16666800,0,1446656000,13889,961636352,15,cedc8408e2b049b25123054f877141ae2ef1e5a124569dcdc008121de41754d6,5b3e0fb7f2757da1b3f11d1af630d718210061e0acc172a00682d6de804081bb
gtx,ibm,local,louvain,20261004,123,0.018980221390086663,0.04240282685512368,0.0010966102002452323,0.06521739130434782,0.031413612565445025,0.8467804760474962,0.21465968586387435,0.6544502617801047,172556,191,12.652601219946519,0,0,0,0,13889,590998528,35,cedc8408e2b049b25123054f877141ae2ef1e5a124569dcdc008121de41754d6,5b3e0fb7f2757da1b3f11d1af630d718210061e0acc172a00682d6de804081bb
gtx,ibm,oracle,louvain,20261004,123,0.03910101497203091,0.1,0.0010835389478448235,0.09569377990430622,0.10471204188481675,0.9045564151199292,0.35602094240837695,0.7120418848167539,172556,191,14.330646799178794,1636173600,16666800,0,1446656000,13889,880075264,40,cedc8408e2b049b25123054f877141ae2ef1e5a124569dcdc008121de41754d6,5b3e0fb7f2757da1b3f11d1af630d718210061e0acc172a00682d6de804081bb
gtx,ibm,shuffled,louvain,20261004,123,0.030264554290450798,0.05701509223029626,0.0010891288718890726,0.031914893617021274,0.2670157068062827,0.9112778298457417,0.2879581151832461,0.7015706806282722,172556,191,21.467309714993462,493939200,16666800,0,723328000,13889,962136576,25,cedc8408e2b049b25123054f877141ae2ef1e5a124569dcdc008121de41754d6,5b3e0fb7f2757da1b3f11d1af630d718210061e0acc172a00682d6de804081bb
gtx,ibm,current,louvain,20261004,42,0.03329584651150067,0.07730426164519326,0.0010875151144116367,0.04767726161369193,0.20418848167539266,0.9156013136010684,0.32460732984293195,0.6910994764397905,172556,191,18.33133956696838,493939200,16666800,0,723328000,13889,962172416,20,cedc8408e2b049b25123054f877141ae2ef1e5a124569dcdc008121de41754d6,45baacf6f0c35cb04828c2ca3ff14010c040cba5ace72b6bbee7bc68b3400cb0
gtx,ibm,fedavg,louvain,20261004,42,0.052441810027906065,0.09655172413793103,0.001080916560752746,0.1414141414141414,0.07329842931937172,0.9017534323470087,0.3089005235602094,0.6963350785340314,172556,191,12.689903017133474,0,16666800,0,0,13889,590998528,30,cedc8408e2b049b25123054f877141ae2ef1e5a124569dcdc008121de41754d6,45baacf6f0c35cb04828c2ca3ff14010c040cba5ace72b6bbee7bc68b3400cb0
gtx,ibm,fedgcn,louvain,20261004,42,0.010225085739341751,0.03686635944700461,0.0011006644350171782,0.03292181069958848,0.041884816753926704,0.8548580777155746,0.07853403141361257,0.5287958115183246,172556,191,35.21450220094994,0,3458400,8074416,0,2882,2655883264,40,cedc8408e2b049b25123054f877141ae2ef1e5a124569dcdc008121de41754d6,06dcbe94e3ea7fea5c20e1c25953cd46595b3ad2adc341488eca1ae1ef048c33
gtx,ibm,fedmlp,louvain,20261004,42,0.049045607089154175,0.0832282471626734,0.001081078991296434,0.054817275747508304,0.17277486910994763,0.8907162643258408,0.3769633507853403,0.7643979057591623,172556,191,5.844946618191898,0,8526000,0,0,7105,477912576,45,cedc8408e2b049b25123054f877141ae2ef1e5a124569dcdc008121de41754d6,59117d67ef2f04365e2d705ac004a58ce85cd11f3250565e55099f0ea932e74f
gtx,ibm,fresh,louvain,20261004,42,0.03303339911839283,0.07478427612655801,0.0010876469310503395,0.045774647887323945,0.20418848167539266,0.9150408628469082,0.31413612565445026,0.6910994764397905,172556,191,21.419654238969088,987878400,16666800,0,1446656000,13889,962172416,20,cedc8408e2b049b25123054f877141ae2ef1e5a124569dcdc008121de41754d6,45baacf6f0c35cb04828c2ca3ff14010c040cba5ace72b6bbee7bc68b3400cb0
gtx,ibm,local,louvain,20261004,42,0.023263265063407874,0.03007518796992481,0.0010972901156721835,0.02346041055718475,0.041884816753926704,0.8554197738483551,0.18324607329842932,0.643979057591623,172556,191,12.61707333708182,0,0,0,0,13889,590998528,30,cedc8408e2b049b25123054f877141ae2ef1e5a124569dcdc008121de41754d6,45baacf6f0c35cb04828c2ca3ff14010c040cba5ace72b6bbee7bc68b3400cb0
gtx,ibm,oracle,louvain,20261004,42,0.03729806873975383,0.07583965330444203,0.0010867102819667762,0.04781420765027322,0.18324607329842932,0.9175628001153646,0.31413612565445026,0.6910994764397905,172556,191,14.27118211099878,1636173600,16666800,0,1446656000,13889,879468544,20,cedc8408e2b049b25123054f877141ae2ef1e5a124569dcdc008121de41754d6,45baacf6f0c35cb04828c2ca3ff14010c040cba5ace72b6bbee7bc68b3400cb0
gtx,ibm,shuffled,louvain,20261004,42,0.030170884114237538,0.081145584725537,0.0010941546917368873,0.07456140350877193,0.08900523560209424,0.9048429888904634,0.3036649214659686,0.7172774869109948,172556,191,21.3826955370605,493939200,16666800,0,723328000,13889,962394112,35,cedc8408e2b049b25123054f877141ae2ef1e5a124569dcdc008121de41754d6,45baacf6f0c35cb04828c2ca3ff14010c040cba5ace72b6bbee7bc68b3400cb0
gtx,ibm,current,louvain,20261004,456,0.03701951550188268,0.07489597780859916,0.0010856064018083156,0.0509433962264151,0.14136125654450263,0.9067934188726194,0.31413612565445026,0.7015706806282722,172556,191,18.411969021894038,493939200,16666800,0,723328000,13889,962515456,40,cedc8408e2b049b25123054f877141ae2ef1e5a124569dcdc008121de41754d6,ffbc4647057ab3f7549d8d805dce104d2c8b6b6e1344e3d6706b1e395f64322c
gtx,ibm,fedavg,louvain,20261004,456,0.04295522657940288,0.08982035928143713,0.001085644858488592,0.055487053020961775,0.2356020942408377,0.885729236766675,0.32460732984293195,0.6910994764397905,172556,191,12.807163219200447,0,16666800,0,0,13889,590998528,50,cedc8408e2b049b25123054f877141ae2ef1e5a124569dcdc008121de41754d6,ffbc4647057ab3f7549d8d805dce104d2c8b6b6e1344e3d6706b1e395f64322c
gtx,ibm,fedgcn,louvain,20261004,456,0.00883267316327266,0.027391397389257437,0.0011016249868175698,0.0142793395805444,0.33507853403141363,0.8637737888199324,0.07853403141361257,0.5340314136125655,172556,191,35.194291167892516,0,3458400,8074416,0,2882,2656432128,50,cedc8408e2b049b25123054f877141ae2ef1e5a124569dcdc008121de41754d6,2a29c2cdb9e5dc9c1b41f499447fdcece146c6bad38722d905ebba298f7ea2b7
gtx,ibm,fedmlp,louvain,20261004,456,0.044966342229689406,0.0925700365408039,0.0010831913528837,0.06031746031746032,0.19895287958115182,0.8912342355190184,0.35602094240837695,0.7382198952879581,172556,191,5.861669558100402,0,8526000,0,0,7105,477165056,30,cedc8408e2b049b25123054f877141ae2ef1e5a124569dcdc008121de41754d6,7c1fdd36fcc51f6c3f97ae3f4d46be3c95bbb3cb8965966788bd8f46f13453a6
gtx,ibm,fresh,louvain,20261004,456,0.040140838628305434,0.10367170626349892,0.001084541584265197,0.08823529411764706,0.1256544502617801,0.9048646007657863,0.3193717277486911,0.7068062827225131,172556,191,21.46775946696289,987878400,16666800,0,1446656000,13889,961636352,45,cedc8408e2b049b25123054f877141ae2ef1e5a124569dcdc008121de41754d6,ffbc4647057ab3f7549d8d805dce104d2c8b6b6e1344e3d6706b1e395f64322c
gtx,ibm,local,louvain,20261004,456,0.029043092559864016,0.03496503496503497,0.001097001714720363,0.05263157894736842,0.02617801047120419,0.8459233669934876,0.2356020942408377,0.6492146596858639,172556,191,12.661702826851979,0,0,0,0,13889,590998528,35,cedc8408e2b049b25123054f877141ae2ef1e5a124569dcdc008121de41754d6,ffbc4647057ab3f7549d8d805dce104d2c8b6b6e1344e3d6706b1e395f64322c
gtx,ibm,oracle,louvain,20261004,456,0.04236417675977022,0.09667673716012085,0.0010852349335989623,0.11428571428571428,0.08376963350785341,0.8910257561004948,0.35602094240837695,0.7068062827225131,172556,191,14.28310822416097,1636173600,16666800,0,1446656000,13889,880075264,50,cedc8408e2b049b25123054f877141ae2ef1e5a124569dcdc008121de41754d6,ffbc4647057ab3f7549d8d805dce104d2c8b6b6e1344e3d6706b1e395f64322c
gtx,ibm,shuffled,louvain,20261004,456,0.03261703128780997,0.053427743804312845,0.0010902265962938963,0.028463648834019206,0.43455497382198954,0.8986539583372251,0.3193717277486911,0.7120418848167539,172556,191,21.393085843883455,493939200,16666800,0,723328000,13889,962136576,50,cedc8408e2b049b25123054f877141ae2ef1e5a124569dcdc008121de41754d6,ffbc4647057ab3f7549d8d805dce104d2c8b6b6e1344e3d6706b1e395f64322c
gtx,ibm,current,louvain,20261005,123,0.037350004633692625,0.08013355592654424,0.0010874437557682039,0.058823529411764705,0.1256544502617801,0.9179505988676471,0.21465968586387435,0.6963350785340314,172556,191,18.41717740590684,493798400,16666800,0,724441600,13889,962326528,15,432aacfba520ae1b28aca46fa1517b51b97797e4b88d503ed36d5b71af143a22,5b3e0fb7f2757da1b3f11d1af630d718210061e0acc172a00682d6de804081bb
gtx,ibm,fedavg,louvain,20261005,123,0.04888763011798713,0.0851063829787234,0.0010801744220750122,0.10144927536231885,0.07329842931937172,0.9122133066275557,0.33507853403141363,0.7277486910994765,172556,191,12.760695090983063,0,16666800,0,0,13889,590983168,30,432aacfba520ae1b28aca46fa1517b51b97797e4b88d503ed36d5b71af143a22,5b3e0fb7f2757da1b3f11d1af630d718210061e0acc172a00682d6de804081bb
gtx,ibm,fedgcn,louvain,20261005,123,0.010162804928853263,0.029850746268656716,0.0011007134338439032,0.02843601895734597,0.031413612565445025,0.8643580688308613,0.06282722513089005,0.5445026178010471,172556,191,35.207135130884126,0,3458400,8069544,0,2882,2655799808,35,432aacfba520ae1b28aca46fa1517b51b97797e4b88d503ed36d5b71af143a22,edcc4fcac4d91435de69ff1216dd2ed8eca4ea2946a15440c969eb82abb5094a
gtx,ibm,fedmlp,louvain,20261005,123,0.03843435511848376,0.08602150537634409,0.0010863094164675472,0.13636363636363635,0.06282722513089005,0.8919768456776933,0.34554973821989526,0.7277486910994765,172556,191,5.84404853801243,0,8526000,0,0,7105,477180416,20,432aacfba520ae1b28aca46fa1517b51b97797e4b88d503ed36d5b71af143a22,dae2ee3864e4d838f8f3715b7b3a6cbe4db977ad89a70ce995dc1054a5c3cc99
gtx,ibm,fresh,louvain,20261005,123,0.0354059909899346,0.08261617900172118,0.001087439291162316,0.06153846153846154,0.1256544502617801,0.9176558238232728,0.20418848167539266,0.6963350785340314,172556,191,21.450352661078796,987596800,16666800,0,1448883200,13889,962326528,15,432aacfba520ae1b28aca46fa1517b51b97797e4b88d503ed36d5b71af143a22,5b3e0fb7f2757da1b3f11d1af630d718210061e0acc172a00682d6de804081bb
gtx,ibm,local,louvain,20261005,123,0.021600473687415446,0.03717472118959108,0.001097543018942268,0.024350649350649352,0.07853403141361257,0.8483822607661842,0.27225130890052357,0.643979057591623,172556,191,12.662373448954895,0,0,0,0,13889,590983168,50,432aacfba520ae1b28aca46fa1517b51b97797e4b88d503ed36d5b71af143a22,5b3e0fb7f2757da1b3f11d1af630d718210061e0acc172a00682d6de804081bb
gtx,ibm,oracle,louvain,20261005,123,0.04141491113875997,0.0858085808580858,0.0010851350538642706,0.11607142857142858,0.06806282722513089,0.9169960009677502,0.31413612565445026,0.6910994764397905,172556,191,14.279216585913673,1635707200,16666800,0,1448883200,13889,879672320,40,432aacfba520ae1b28aca46fa1517b51b97797e4b88d503ed36d5b71af143a22,5b3e0fb7f2757da1b3f11d1af630d718210061e0acc172a00682d6de804081bb
gtx,ibm,shuffled,louvain,20261005,123,0.035576958585255794,0.0593841642228739,0.0010880788753710824,0.03192747339377217,0.42408376963350786,0.9089659970630327,0.3089005235602094,0.743455497382199,172556,191,21.376075133914128,493798400,16666800,0,724441600,13889,961801216,50,432aacfba520ae1b28aca46fa1517b51b97797e4b88d503ed36d5b71af143a22,5b3e0fb7f2757da1b3f11d1af630d718210061e0acc172a00682d6de804081bb
gtx,ibm,current,louvain,20261005,42,0.03969666685343086,0.09473684210526316,0.0010844457896203345,0.09523809523809523,0.09424083769633508,0.9035915656277322,0.3403141361256545,0.7015706806282722,172556,191,18.359723951900378,493798400,16666800,0,724441600,13889,962326528,50,432aacfba520ae1b28aca46fa1517b51b97797e4b88d503ed36d5b71af143a22,45baacf6f0c35cb04828c2ca3ff14010c040cba5ace72b6bbee7bc68b3400cb0
gtx,ibm,fedavg,louvain,20261005,42,0.04639301165516929,0.09022556390977443,0.0010817293833366754,0.16,0.06282722513089005,0.9120290361544044,0.3089005235602094,0.6963350785340314,172556,191,12.698888570070267,0,16666800,0,0,13889,590983168,25,432aacfba520ae1b28aca46fa1517b51b97797e4b88d503ed36d5b71af143a22,45baacf6f0c35cb04828c2ca3ff14010c040cba5ace72b6bbee7bc68b3400cb0
gtx,ibm,fedgcn,louvain,20261005,42,0.010146277108427254,0.034739454094292806,0.0011007808851990672,0.0330188679245283,0.03664921465968586,0.8556448380650886,0.07329842931937172,0.5287958115183246,172556,191,35.198893872089684,0,3458400,8069544,0,2882,2657123840,40,432aacfba520ae1b28aca46fa1517b51b97797e4b88d503ed36d5b71af143a22,06dcbe94e3ea7fea5c20e1c25953cd46595b3ad2adc341488eca1ae1ef048c33
gtx,ibm,fedmlp,louvain,20261005,42,0.045321357927340926,0.0827178729689808,0.0010836255911057665,0.05761316872427984,0.14659685863874344,0.8935532368225653,0.3507853403141361,0.743455497382199,172556,191,5.839363512815908,0,8526000,0,0,7105,477180416,20,432aacfba520ae1b28aca46fa1517b51b97797e4b88d503ed36d5b71af143a22,59117d67ef2f04365e2d705ac004a58ce85cd11f3250565e55099f0ea932e74f
gtx,ibm,fresh,louvain,20261005,42,0.03793862882219306,0.06760270410816432,0.0010854624332055347,0.037528868360277134,0.3403141361256545,0.9200255059616427,0.3403141361256545,0.675392670157068,172556,191,21.45267485291697,987596800,16666800,0,1448883200,13889,962326528,20,432aacfba520ae1b28aca46fa1517b51b97797e4b88d503ed36d5b71af143a22,45baacf6f0c35cb04828c2ca3ff14010c040cba5ace72b6bbee7bc68b3400cb0
gtx,ibm,local,louvain,20261005,42,0.03512881860419487,0.03587443946188341,0.001097131850222522,0.125,0.020942408376963352,0.8601586065610496,0.23036649214659685,0.643979057591623,172556,191,12.599711748072878,0,0,0,0,13889,590983168,35,432aacfba520ae1b28aca46fa1517b51b97797e4b88d503ed36d5b71af143a22,45baacf6f0c35cb04828c2ca3ff14010c040cba5ace72b6bbee7bc68b3400cb0
gtx,ibm,oracle,louvain,20261005,42,0.03672329390957221,0.09554140127388536,0.0010883696152846395,0.12195121951219512,0.07853403141361257,0.92199080454952,0.33507853403141363,0.7015706806282722,172556,191,14.271671663969755,1635707200,16666800,0,1448883200,13889,879672320,20,432aacfba520ae1b28aca46fa1517b51b97797e4b88d503ed36d5b71af143a22,45baacf6f0c35cb04828c2ca3ff14010c040cba5ace72b6bbee7bc68b3400cb0
gtx,ibm,shuffled,louvain,20261005,42,0.0352117513017171,0.07068607068607069,0.0010857608529697364,0.05862068965517241,0.08900523560209424,0.9042008291487852,0.2879581151832461,0.7068062827225131,172556,191,21.37730990513228,493798400,16666800,0,724441600,13889,961801216,40,432aacfba520ae1b28aca46fa1517b51b97797e4b88d503ed36d5b71af143a22,45baacf6f0c35cb04828c2ca3ff14010c040cba5ace72b6bbee7bc68b3400cb0
gtx,ibm,current,louvain,20261005,456,0.04371446321749982,0.08254397834912043,0.0010850278295989047,0.0473970473970474,0.3193717277486911,0.9061425414806004,0.35602094240837695,0.7277486910994765,172556,191,18.408456545090303,493798400,16666800,0,724441600,13889,962326528,50,432aacfba520ae1b28aca46fa1517b51b97797e4b88d503ed36d5b71af143a22,ffbc4647057ab3f7549d8d805dce104d2c8b6b6e1344e3d6706b1e395f64322c
gtx,ibm,fedavg,louvain,20261005,456,0.029598941250931654,0.07428571428571429,0.0010887823076888813,0.08176100628930817,0.06806282722513089,0.9167157148404936,0.2617801047120419,0.6910994764397905,172556,191,12.759504088200629,0,16666800,0,0,13889,590983168,20,432aacfba520ae1b28aca46fa1517b51b97797e4b88d503ed36d5b71af143a22,ffbc4647057ab3f7549d8d805dce104d2c8b6b6e1344e3d6706b1e395f64322c
gtx,ibm,fedgcn,louvain,20261005,456,0.008214957959508114,0.021073961499493414,0.0011016773089471239,0.010961214165261383,0.27225130890052357,0.860748171837342,0.06806282722513089,0.46596858638743455,172556,191,35.24575636908412,0,3458400,8069544,0,2882,2657123840,30,432aacfba520ae1b28aca46fa1517b51b97797e4b88d503ed36d5b71af143a22,2a29c2cdb9e5dc9c1b41f499447fdcece146c6bad38722d905ebba298f7ea2b7
gtx,ibm,fedmlp,louvain,20261005,456,0.045027198379988184,0.07958921694480103,0.001082874023365172,0.05272108843537415,0.16230366492146597,0.8963962539618607,0.3769633507853403,0.7486910994764397,172556,191,5.853320888010785,0,8526000,0,0,7105,477180416,30,432aacfba520ae1b28aca46fa1517b51b97797e4b88d503ed36d5b71af143a22,7c1fdd36fcc51f6c3f97ae3f4d46be3c95bbb3cb8965966788bd8f46f13453a6
gtx,ibm,fresh,louvain,20261005,456,0.042421834569402926,0.0975609756097561,0.0010867500585717402,0.10112359550561797,0.09424083769633508,0.9117368581800795,0.3298429319371728,0.7277486910994765,172556,191,21.46925632795319,987596800,16666800,0,1448883200,13889,962326528,45,432aacfba520ae1b28aca46fa1517b51b97797e4b88d503ed36d5b71af143a22,ffbc4647057ab3f7549d8d805dce104d2c8b6b6e1344e3d6706b1e395f64322c
gtx,ibm,local,louvain,20261005,456,0.02545672488299673,0.03676470588235294,0.001097131632272158,0.06172839506172839,0.02617801047120419,0.8579388406709675,0.27225130890052357,0.6230366492146597,172556,191,12.662610242841765,0,0,0,0,13889,590983168,35,432aacfba520ae1b28aca46fa1517b51b97797e4b88d503ed36d5b71af143a22,ffbc4647057ab3f7549d8d805dce104d2c8b6b6e1344e3d6706b1e395f64322c
gtx,ibm,oracle,louvain,20261005,456,0.047888365437616515,0.12080536912751678,0.0010869322022105867,0.16822429906542055,0.09424083769633508,0.9060726028397974,0.2670157068062827,0.7172774869109948,172556,191,14.3432873620186,1635707200,16666800,0,1448883200,13889,879672320,40,432aacfba520ae1b28aca46fa1517b51b97797e4b88d503ed36d5b71af143a22,ffbc4647057ab3f7549d8d805dce104d2c8b6b6e1344e3d6706b1e395f64322c
gtx,ibm,shuffled,louvain,20261005,456,0.03764987698275654,0.06779661016949153,0.0010858452704660844,0.0736196319018405,0.06282722513089005,0.9124155287778902,0.3193717277486911,0.7382198952879581,172556,191,21.459140519145876,493798400,16666800,0,724441600,13889,961801216,35,432aacfba520ae1b28aca46fa1517b51b97797e4b88d503ed36d5b71af143a22,ffbc4647057ab3f7549d8d805dce104d2c8b6b6e1344e3d6706b1e395f64322c
gtx,ibm,centralized,random,20261003,123,0.0434096379677266,0.07726864330637916,0.0010850269789573041,0.046637744034707156,0.225130890052356,0.8816786428046048,0.3612565445026178,0.675392670157068,172556,191,13.80347033101134,0,0,0,0,13889,1570589184,50,d0e9ffb2e7b8c218e9bc2044824624f1d4a07d530e67d1bc490e76a575f29855,5b3e0fb7f2757da1b3f11d1af630d718210061e0acc172a00682d6de804081bb
gtx,ibm,current,random,20261003,123,0.03804398778474861,0.07860262008733625,0.0010854672624987564,0.05443548387096774,0.14136125654450263,0.9090391402756509,0.3612565445026178,0.7225130890052356,172556,191,14.788515097927302,1461094400,16666800,0,2255654400,13889,895015424,45,d0e9ffb2e7b8c218e9bc2044824624f1d4a07d530e67d1bc490e76a575f29855,5b3e0fb7f2757da1b3f11d1af630d718210061e0acc172a00682d6de804081bb
gtx,ibm,fedavg,random,20261003,123,0.029289161406472513,0.05175718849840256,0.0010889109138038117,0.027560394692072134,0.42408376963350786,0.8985510475380764,0.32460732984293195,0.7539267015706806,172556,191,10.245763534214348,0,16666800,0,0,13889,582025216,50,d0e9ffb2e7b8c218e9bc2044824624f1d4a07d530e67d1bc490e76a575f29855,5b3e0fb7f2757da1b3f11d1af630d718210061e0acc172a00682d6de804081bb
gtx,ibm,fedgcn,random,20261003,123,0.010315979438934612,0.032407407407407406,0.0011005645230236134,0.029045643153526972,0.03664921465968586,0.8622864878090343,0.06282722513089005,0.5445026178010471,172556,191,39.009497734950855,0,3458400,21002352,0,2882,2935297024,30,d0e9ffb2e7b8c218e9bc2044824624f1d4a07d530e67d1bc490e76a575f29855,edcc4fcac4d91435de69ff1216dd2ed8eca4ea2946a15440c969eb82abb5094a
gtx,ibm,fedmlp,random,20261003,123,0.04484178653209174,0.0823045267489712,0.001084655178440214,0.046357615894039736,0.36649214659685864,0.8888911619579964,0.39267015706806285,0.7120418848167539,172556,191,5.82882387493737,0,8526000,0,0,7105,478496768,20,d0e9ffb2e7b8c218e9bc2044824624f1d4a07d530e67d1bc490e76a575f29855,dae2ee3864e4d838f8f3715b7b3a6cbe4db977ad89a70ce995dc1054a5c3cc99
gtx,ibm,fresh,random,20261003,123,0.03607521572428281,0.07344632768361582,0.001085395246104838,0.05029013539651837,0.13612565445026178,0.8970615898959091,0.3298429319371728,0.7277486910994765,172556,191,16.932868382893503,2922188800,16666800,0,4511308800,13889,895015424,50,d0e9ffb2e7b8c218e9bc2044824624f1d4a07d530e67d1bc490e76a575f29855,5b3e0fb7f2757da1b3f11d1af630d718210061e0acc172a00682d6de804081bb
gtx,ibm,local,random,20261003,123,0.025441254527198337,0.06304728546409807,0.0010938817201496195,0.03785488958990536,0.18848167539267016,0.8525830139772488,0.2774869109947644,0.6230366492146597,172556,191,10.166031036991626,0,0,0,0,13889,582824960,20,d0e9ffb2e7b8c218e9bc2044824624f1d4a07d530e67d1bc490e76a575f29855,5b3e0fb7f2757da1b3f11d1af630d718210061e0acc172a00682d6de804081bb
gtx,ibm,mlp,random,20261003,123,0.040137883830068076,0.10199004975124377,0.0010855688634262691,0.06688417618270799,0.21465968586387435,0.8922719852231271,0.3193717277486911,0.7329842931937173,172556,191,6.335964927915484,0,0,0,0,7105,1288468992,20,d0e9ffb2e7b8c218e9bc2044824624f1d4a07d530e67d1bc490e76a575f29855,dae2ee3864e4d838f8f3715b7b3a6cbe4db977ad89a70ce995dc1054a5c3cc99
gtx,ibm,oracle,random,20261003,123,0.03920078274487021,0.0913978494623656,0.0010947316346107932,0.09392265193370165,0.08900523560209424,0.9110932252466193,0.33507853403141363,0.7382198952879581,172556,191,14.154483082937077,4839875200,16666800,0,4511308800,13889,975172096,50,d0e9ffb2e7b8c218e9bc2044824624f1d4a07d530e67d1bc490e76a575f29855,5b3e0fb7f2757da1b3f11d1af630d718210061e0acc172a00682d6de804081bb
gtx,ibm,shuffled,random,20261003,123,0.035311458153675736,0.07692307692307693,0.0010858792354194165,0.09917355371900827,0.06282722513089005,0.8895877082952697,0.33507853403141363,0.7382198952879581,172556,191,18.193103659898043,1461094400,16666800,0,2255654400,13889,895015424,50,d0e9ffb2e7b8c218e9bc2044824624f1d4a07d530e67d1bc490e76a575f29855,5b3e0fb7f2757da1b3f11d1af630d718210061e0acc172a00682d6de804081bb
gtx,ibm,centralized,random,20261003,42,0.03709803452049149,0.08125,0.0010891068228199752,0.10077519379844961,0.06806282722513089,0.8934799721095938,0.31413612565445026,0.6596858638743456,172556,191,13.777104455046356,0,0,0,0,13889,1570589184,25,d0e9ffb2e7b8c218e9bc2044824624f1d4a07d530e67d1bc490e76a575f29855,45baacf6f0c35cb04828c2ca3ff14010c040cba5ace72b6bbee7bc68b3400cb0
gtx,ibm,current,random,20261003,42,0.040192907682744555,0.0761904761904762,0.0010848004746074906,0.06986899563318777,0.08376963350785341,0.9133243817948122,0.3507853403141361,0.7068062827225131,172556,191,14.931891798041761,1461094400,16666800,0,2255654400,13889,895015424,40,d0e9ffb2e7b8c218e9bc2044824624f1d4a07d530e67d1bc490e76a575f29855,45baacf6f0c35cb04828c2ca3ff14010c040cba5ace72b6bbee7bc68b3400cb0
gtx,ibm,fedavg,random,20261003,42,0.03352016500414412,0.06578947368421052,0.0010870915271231514,0.08849557522123894,0.05235602094240838,0.9050130286347476,0.3193717277486911,0.7277486910994765,172556,191,10.171756192110479,0,16666800,0,0,13889,582025216,25,d0e9ffb2e7b8c218e9bc2044824624f1d4a07d530e67d1bc490e76a575f29855,45baacf6f0c35cb04828c2ca3ff14010c040cba5ace72b6bbee7bc68b3400cb0
gtx,ibm,fedgcn,random,20261003,42,0.01009231810681069,0.0326975476839237,0.001100697674450479,0.03409090909090909,0.031413612565445025,0.8525451210545987,0.07853403141361257,0.5287958115183246,172556,191,38.9998365950305,0,3458400,21002352,0,2882,2935297024,25,d0e9ffb2e7b8c218e9bc2044824624f1d4a07d530e67d1bc490e76a575f29855,06dcbe94e3ea7fea5c20e1c25953cd46595b3ad2adc341488eca1ae1ef048c33
gtx,ibm,fedmlp,random,20261003,42,0.04598828668133755,0.10157194679564692,0.0010826644114822316,0.0660377358490566,0.2198952879581152,0.8924445916623723,0.33507853403141363,0.7696335078534031,172556,191,5.819347375072539,0,8526000,0,0,7105,478496768,40,d0e9ffb2e7b8c218e9bc2044824624f1d4a07d530e67d1bc490e76a575f29855,59117d67ef2f04365e2d705ac004a58ce85cd11f3250565e55099f0ea932e74f
gtx,ibm,fresh,random,20261003,42,0.03698830222071699,0.07262569832402235,0.0010855295868177405,0.07784431137724551,0.06806282722513089,0.9122100716806522,0.3612565445026178,0.7277486910994765,172556,191,16.836556155001745,2922188800,16666800,0,4511308800,13889,895015424,45,d0e9ffb2e7b8c218e9bc2044824624f1d4a07d530e67d1bc490e76a575f29855,45baacf6f0c35cb04828c2ca3ff14010c040cba5ace72b6bbee7bc68b3400cb0
gtx,ibm,local,random,20261003,42,0.031810562621236244,0.07540983606557378,0.0010943542868687712,0.05489260143198091,0.12041884816753927,0.8484055432713636,0.3036649214659686,0.6492146596858639,172556,191,10.260648268973455,0,0,0,0,13889,581289984,50,d0e9ffb2e7b8c218e9bc2044824624f1d4a07d530e67d1bc490e76a575f29855,45baacf6f0c35cb04828c2ca3ff14010c040cba5ace72b6bbee7bc68b3400cb0
gtx,ibm,mlp,random,20261003,42,0.04526224332828381,0.10596026490066225,0.0010880237444416618,0.07092198581560284,0.2094240837696335,0.8900724643293948,0.31413612565445026,0.7015706806282722,172556,191,6.330504694022238,0,0,0,0,7105,1288468992,15,d0e9ffb2e7b8c218e9bc2044824624f1d4a07d530e67d1bc490e76a575f29855,59117d67ef2f04365e2d705ac004a58ce85cd11f3250565e55099f0ea932e74f
gtx,ibm,oracle,random,20261003,42,0.041139868057174,0.11176470588235295,0.0010862663039101234,0.12751677852348994,0.09947643979057591,0.9208173845135346,0.3403141361256545,0.7172774869109948,172556,191,14.119802214903757,4839875200,16666800,0,4511308800,13889,975172096,25,d0e9ffb2e7b8c218e9bc2044824624f1d4a07d530e67d1bc490e76a575f29855,45baacf6f0c35cb04828c2ca3ff14010c040cba5ace72b6bbee7bc68b3400cb0
gtx,ibm,shuffled,random,20261003,42,0.03852504730506288,0.07281553398058252,0.0010845661809564425,0.06787330316742081,0.07853403141361257,0.8873961456746711,0.4031413612565445,0.743455497382199,172556,191,18.139028642792255,1461094400,16666800,0,2255654400,13889,895015424,35,d0e9ffb2e7b8c218e9bc2044824624f1d4a07d530e67d1bc490e76a575f29855,45baacf6f0c35cb04828c2ca3ff14010c040cba5ace72b6bbee7bc68b3400cb0
gtx,ibm,centralized,random,20261003,456,0.030313394278467697,0.028037383177570093,0.0010919945299335872,0.13043478260869565,0.015706806282722512,0.9053046750450273,0.17801047120418848,0.675392670157068,172556,191,13.849842387950048,0,0,0,0,13889,1570589184,25,d0e9ffb2e7b8c218e9bc2044824624f1d4a07d530e67d1bc490e76a575f29855,ffbc4647057ab3f7549d8d805dce104d2c8b6b6e1344e3d6706b1e395f64322c
gtx,ibm,current,random,20261003,456,0.027315391929209162,0.06896551724137931,0.0010936256650420327,0.050239234449760764,0.1099476439790576,0.8943074502649695,0.34554973821989526,0.7172774869109948,172556,191,14.78365068603307,1461094400,16666800,0,2255654400,13889,895015424,50,d0e9ffb2e7b8c218e9bc2044824624f1d4a07d530e67d1bc490e76a575f29855,ffbc4647057ab3f7549d8d805dce104d2c8b6b6e1344e3d6706b1e395f64322c
gtx,ibm,fedavg,random,20261003,456,0.04174263200645677,0.07962962962962963,0.0010853293851514753,0.048368953880764905,0.225130890052356,0.8988888337074785,0.35602094240837695,0.743455497382199,172556,191,10.248910217080265,0,16666800,0,0,13889,582025216,35,d0e9ffb2e7b8c218e9bc2044824624f1d4a07d530e67d1bc490e76a575f29855,ffbc4647057ab3f7549d8d805dce104d2c8b6b6e1344e3d6706b1e395f64322c
gtx,ibm,fedgcn,random,20261003,456,0.008803771224076192,0.02548076923076923,0.0011016296773351379,0.013353489543965735,0.2774869109947644,0.8634886882411806,0.07329842931937172,0.5340314136125655,172556,191,38.99931267811917,0,3458400,21002352,0,2882,2935297024,50,d0e9ffb2e7b8c218e9bc2044824624f1d4a07d530e67d1bc490e76a575f29855,2a29c2cdb9e5dc9c1b41f499447fdcece146c6bad38722d905ebba298f7ea2b7
gtx,ibm,fedmlp,random,20261003,456,0.04599625620321688,0.09309542280837858,0.0010827881212624368,0.0546448087431694,0.31413612565445026,0.8951405174365916,0.3717277486910995,0.7591623036649214,172556,191,5.849380078027025,0,8526000,0,0,7105,478496768,30,d0e9ffb2e7b8c218e9bc2044824624f1d4a07d530e67d1bc490e76a575f29855,7c1fdd36fcc51f6c3f97ae3f4d46be3c95bbb3cb8965966788bd8f46f13453a6
gtx,ibm,fresh,random,20261003,456,0.02858194667008587,0.08112874779541446,0.0010942429812760203,0.061170212765957445,0.12041884816753927,0.9043194286810392,0.3089005235602094,0.7329842931937173,172556,191,16.968943275976926,2922188800,16666800,0,4511308800,13889,895015424,45,d0e9ffb2e7b8c218e9bc2044824624f1d4a07d530e67d1bc490e76a575f29855,ffbc4647057ab3f7549d8d805dce104d2c8b6b6e1344e3d6706b1e395f64322c
gtx,ibm,local,random,20261003,456,0.017940394354389547,0.03802281368821293,0.001095340559219752,0.06944444444444445,0.02617801047120419,0.8588277676299669,0.193717277486911,0.612565445026178,172556,191,10.170259995851666,0,0,0,0,13889,582824960,15,d0e9ffb2e7b8c218e9bc2044824624f1d4a07d530e67d1bc490e76a575f29855,ffbc4647057ab3f7549d8d805dce104d2c8b6b6e1344e3d6706b1e395f64322c
gtx,ibm,mlp,random,20261003,456,0.04499149793074247,0.07317073170731707,0.0010816421033450255,0.039904988123515436,0.4397905759162304,0.8973512619254496,0.39267015706806285,0.7801047120418848,172556,191,6.366842766059563,0,0,0,0,7105,1288468992,40,d0e9ffb2e7b8c218e9bc2044824624f1d4a07d530e67d1bc490e76a575f29855,7c1fdd36fcc51f6c3f97ae3f4d46be3c95bbb3cb8965966788bd8f46f13453a6
gtx,ibm,oracle,random,20261003,456,0.028435908188309066,0.06862745098039216,0.0010899751847725275,0.0498812351543943,0.1099476439790576,0.912228494171704,0.2879581151832461,0.7172774869109948,172556,191,14.160550323082134,4839875200,16666800,0,4511308800,13889,975172096,35,d0e9ffb2e7b8c218e9bc2044824624f1d4a07d530e67d1bc490e76a575f29855,ffbc4647057ab3f7549d8d805dce104d2c8b6b6e1344e3d6706b1e395f64322c
gtx,ibm,shuffled,random,20261003,456,0.0450430510736261,0.0841683366733467,0.001084859734408813,0.06818181818181818,0.1099476439790576,0.8992876889919009,0.3089005235602094,0.7172774869109948,172556,191,18.197447875980288,1461094400,16666800,0,2255654400,13889,895015424,25,d0e9ffb2e7b8c218e9bc2044824624f1d4a07d530e67d1bc490e76a575f29855,ffbc4647057ab3f7549d8d805dce104d2c8b6b6e1344e3d6706b1e395f64322c
gtx,ibm,current,random,20261004,123,0.02865282500971221,0.061611374407582936,0.001089862192734623,0.05627705627705628,0.06806282722513089,0.9058698491254177,0.3298429319371728,0.7015706806282722,172556,191,14.810076750116423,1467404800,16666800,0,2258547200,13889,894836224,30,88ae290bb8384fa5c058c6904d16f48d4b01387420f6d8ab5cfc5b6d23545992,5b3e0fb7f2757da1b3f11d1af630d718210061e0acc172a00682d6de804081bb
gtx,ibm,fedavg,random,20261004,123,0.029560894536056887,0.07902163687676388,0.001088755591506378,0.0481651376146789,0.2198952879581152,0.8826777098337678,0.33507853403141363,0.7015706806282722,172556,191,10.236278622876853,0,16666800,0,0,13889,586012672,45,88ae290bb8384fa5c058c6904d16f48d4b01387420f6d8ab5cfc5b6d23545992,5b3e0fb7f2757da1b3f11d1af630d718210061e0acc172a00682d6de804081bb
gtx,ibm,fedgcn,random,20261004,123,0.009844887571569576,0.03428571428571429,0.001100830135490206,0.03773584905660377,0.031413612565445025,0.8558402258205564,0.05759162303664921,0.5078534031413613,172556,191,39.06003359681927,0,3458400,21072744,0,2882,2936488960,10,88ae290bb8384fa5c058c6904d16f48d4b01387420f6d8ab5cfc5b6d23545992,edcc4fcac4d91435de69ff1216dd2ed8eca4ea2946a15440c969eb82abb5094a
gtx,ibm,fedmlp,random,20261004,123,0.04387962771103734,0.09119496855345911,0.0010853647349474867,0.0651685393258427,0.1518324607329843,0.8901802047675826,0.39267015706806285,0.7225130890052356,172556,191,5.824439559830353,0,8526000,0,0,7105,480417280,20,88ae290bb8384fa5c058c6904d16f48d4b01387420f6d8ab5cfc5b6d23545992,dae2ee3864e4d838f8f3715b7b3a6cbe4db977ad89a70ce995dc1054a5c3cc99
gtx,ibm,fresh,random,20261004,123,0.02740489647207261,0.060041407867494824,0.00109066195931142,0.03331418724870764,0.3036649214659686,0.907950770486896,0.3036649214659686,0.6963350785340314,172556,191,16.991090533090755,2934809600,16666800,0,4517094400,13889,895862784,30,88ae290bb8384fa5c058c6904d16f48d4b01387420f6d8ab5cfc5b6d23545992,5b3e0fb7f2757da1b3f11d1af630d718210061e0acc172a00682d6de804081bb
gtx,ibm,local,random,20261004,123,0.01865818431036672,0.03832752613240418,0.0010950423792787172,0.028720626631853787,0.05759162303664921,0.8785902405145054,0.25654450261780104,0.7015706806282722,172556,191,10.14904927299358,0,0,0,0,13889,582609408,30,88ae290bb8384fa5c058c6904d16f48d4b01387420f6d8ab5cfc5b6d23545992,5b3e0fb7f2757da1b3f11d1af630d718210061e0acc172a00682d6de804081bb
gtx,ibm,oracle,random,20261004,123,0.039039795067736756,0.07933194154488518,0.001086443889315024,0.06597222222222222,0.09947643979057591,0.9076092633691775,0.3507853403141361,0.7120418848167539,172556,191,14.152369912015274,4860778400,16666800,0,4517094400,13889,974910976,50,88ae290bb8384fa5c058c6904d16f48d4b01387420f6d8ab5cfc5b6d23545992,5b3e0fb7f2757da1b3f11d1af630d718210061e0acc172a00682d6de804081bb
gtx,ibm,shuffled,random,20261004,123,0.028658748878645893,0.05847953216374269,0.0010898243462282224,0.06622516556291391,0.05235602094240838,0.8908435511333477,0.32460732984293195,0.7120418848167539,172556,191,18.2605279230047,1467404800,16666800,0,2258547200,13889,896037376,50,88ae290bb8384fa5c058c6904d16f48d4b01387420f6d8ab5cfc5b6d23545992,5b3e0fb7f2757da1b3f11d1af630d718210061e0acc172a00682d6de804081bb
gtx,ibm,current,random,20261004,42,0.034452077264637164,0.07565011820330969,0.001087617665618582,0.06896551724137931,0.08376963350785341,0.9076944047416728,0.3298429319371728,0.675392670157068,172556,191,14.820955245988443,1467404800,16666800,0,2258547200,13889,895862784,35,88ae290bb8384fa5c058c6904d16f48d4b01387420f6d8ab5cfc5b6d23545992,45baacf6f0c35cb04828c2ca3ff14010c040cba5ace72b6bbee7bc68b3400cb0
gtx,ibm,fedavg,random,20261004,42,0.028050369321387304,0.07861271676300578,0.0010895578848977672,0.050445103857566766,0.17801047120418848,0.8792377007090912,0.3193717277486911,0.7068062827225131,172556,191,10.27629995602183,0,16666800,0,0,13889,588098560,50,88ae290bb8384fa5c058c6904d16f48d4b01387420f6d8ab5cfc5b6d23545992,45baacf6f0c35cb04828c2ca3ff14010c040cba5ace72b6bbee7bc68b3400cb0
gtx,ibm,fedgcn,random,20261004,42,0.01026642161469832,0.03470715835140998,0.0011007203364682633,0.02962962962962963,0.041884816753926704,0.8564189016276946,0.07853403141361257,0.5287958115183246,172556,191,39.04272173694335,0,3458400,21072744,0,2882,2936692224,40,88ae290bb8384fa5c058c6904d16f48d4b01387420f6d8ab5cfc5b6d23545992,06dcbe94e3ea7fea5c20e1c25953cd46595b3ad2adc341488eca1ae1ef048c33
gtx,ibm,fedmlp,random,20261004,42,0.030371121750091445,0.05084745762711865,0.0010887991330738303,0.02828520919269299,0.2513089005235602,0.8965044955890056,0.25654450261780104,0.7696335078534031,172556,191,5.850932531990111,0,8526000,0,0,7105,483546112,50,88ae290bb8384fa5c058c6904d16f48d4b01387420f6d8ab5cfc5b6d23545992,59117d67ef2f04365e2d705ac004a58ce85cd11f3250565e55099f0ea932e74f
gtx,ibm,fresh,random,20261004,42,0.029796825926448906,0.055384615384615386,0.0010887191756566504,0.06716417910447761,0.04712041884816754,0.8917226061886508,0.3036649214659686,0.680628272251309,172556,191,16.932148464024067,2934809600,16666800,0,4517094400,13889,895862784,50,88ae290bb8384fa5c058c6904d16f48d4b01387420f6d8ab5cfc5b6d23545992,45baacf6f0c35cb04828c2ca3ff14010c040cba5ace72b6bbee7bc68b3400cb0
gtx,ibm,local,random,20261004,42,0.020949833551029685,0.06702208682406702,0.0010952807639686287,0.0392156862745098,0.23036649214659685,0.8776163999961728,0.32460732984293195,0.675392670157068,172556,191,10.185706769116223,0,0,0,0,13889,587824128,45,88ae290bb8384fa5c058c6904d16f48d4b01387420f6d8ab5cfc5b6d23545992,45baacf6f0c35cb04828c2ca3ff14010c040cba5ace72b6bbee7bc68b3400cb0
gtx,ibm,oracle,random,20261004,42,0.03511864694481711,0.08433734939759036,0.0010895734128716042,0.09929078014184398,0.07329842931937172,0.9188899484732189,0.3036649214659686,0.7172774869109948,172556,191,14.186679393053055,4860778400,16666800,0,4517094400,13889,974910976,25,88ae290bb8384fa5c058c6904d16f48d4b01387420f6d8ab5cfc5b6d23545992,45baacf6f0c35cb04828c2ca3ff14010c040cba5ace72b6bbee7bc68b3400cb0
gtx,ibm,shuffled,random,20261004,42,0.03203085686538788,0.07326007326007326,0.001087347693794005,0.12195121951219512,0.05235602094240838,0.8832846648481101,0.33507853403141363,0.7068062827225131,172556,191,18.21254381001927,1467404800,16666800,0,2258547200,13889,896037376,45,88ae290bb8384fa5c058c6904d16f48d4b01387420f6d8ab5cfc5b6d23545992,45baacf6f0c35cb04828c2ca3ff14010c040cba5ace72b6bbee7bc68b3400cb0
gtx,ibm,current,random,20261004,456,0.037958712352569486,0.08280254777070063,0.001086026825662499,0.10569105691056911,0.06806282722513089,0.9010780574462782,0.2670157068062827,0.6963350785340314,172556,191,14.764416267862543,1467404800,16666800,0,2258547200,13889,894836224,35,88ae290bb8384fa5c058c6904d16f48d4b01387420f6d8ab5cfc5b6d23545992,ffbc4647057ab3f7549d8d805dce104d2c8b6b6e1344e3d6706b1e395f64322c
gtx,ibm,fedavg,random,20261004,456,0.024673551347322516,0.06376811594202898,0.0010909241595407535,0.07142857142857142,0.05759162303664921,0.8802112982267176,0.3193717277486911,0.7015706806282722,172556,191,10.24022220284678,0,16666800,0,0,13889,586012672,50,88ae290bb8384fa5c058c6904d16f48d4b01387420f6d8ab5cfc5b6d23545992,ffbc4647057ab3f7549d8d805dce104d2c8b6b6e1344e3d6706b1e395f64322c
gtx,ibm,fedgcn,random,20261004,456,0.008803861841661263,0.026598026598026597,0.00110154131830042,0.013867143815701186,0.32460732984293195,0.8618862504580943,0.07853403141361257,0.5235602094240838,172556,191,39.05000241706148,0,3458400,21072744,0,2882,2936488960,45,88ae290bb8384fa5c058c6904d16f48d4b01387420f6d8ab5cfc5b6d23545992,2a29c2cdb9e5dc9c1b41f499447fdcece146c6bad38722d905ebba298f7ea2b7
gtx,ibm,fedmlp,random,20261004,456,0.04363132738271425,0.09813874788494077,0.001086965756554654,0.0725,0.1518324607329843,0.8928358987373531,0.3036649214659686,0.7329842931937173,172556,191,5.822421184973791,0,8526000,0,0,7105,480417280,15,88ae290bb8384fa5c058c6904d16f48d4b01387420f6d8ab5cfc5b6d23545992,7c1fdd36fcc51f6c3f97ae3f4d46be3c95bbb3cb8965966788bd8f46f13453a6
gtx,ibm,fresh,random,20261004,456,0.03824162938281742,0.07526881720430108,0.0010858255590670608,0.07734806629834254,0.07329842931937172,0.8903554842145982,0.27225130890052357,0.6858638743455497,172556,191,16.999071487924084,2934809600,16666800,0,4517094400,13889,895862784,45,88ae290bb8384fa5c058c6904d16f48d4b01387420f6d8ab5cfc5b6d23545992,ffbc4647057ab3f7549d8d805dce104d2c8b6b6e1344e3d6706b1e395f64322c
gtx,ibm,local,random,20261004,456,0.02184901392616269,0.04555808656036447,0.0010944401471647647,0.04032258064516129,0.05235602094240838,0.8773200150721189,0.3193717277486911,0.6492146596858639,172556,191,10.148656520992517,0,0,0,0,13889,584969728,45,88ae290bb8384fa5c058c6904d16f48d4b01387420f6d8ab5cfc5b6d23545992,ffbc4647057ab3f7549d8d805dce104d2c8b6b6e1344e3d6706b1e395f64322c
gtx,ibm,oracle,random,20261004,456,0.04262702704950658,0.0851063829787234,0.001087690300412235,0.07758620689655173,0.09424083769633508,0.9031514305983148,0.3298429319371728,0.7172774869109948,172556,191,14.217973564984277,4860778400,16666800,0,4517094400,13889,974910976,45,88ae290bb8384fa5c058c6904d16f48d4b01387420f6d8ab5cfc5b6d23545992,ffbc4647057ab3f7549d8d805dce104d2c8b6b6e1344e3d6706b1e395f64322c
gtx,ibm,shuffled,random,20261004,456,0.030082650475904867,0.06474820143884892,0.0010880864006670699,0.10344827586206896,0.04712041884816754,0.8878349593877477,0.28272251308900526,0.7068062827225131,172556,191,18.273533853935078,1467404800,16666800,0,2258547200,13889,896037376,30,88ae290bb8384fa5c058c6904d16f48d4b01387420f6d8ab5cfc5b6d23545992,ffbc4647057ab3f7549d8d805dce104d2c8b6b6e1344e3d6706b1e395f64322c
gtx,ibm,current,random,20261005,123,0.03337267377110721,0.08917197452229299,0.0010885731247534788,0.075,0.1099476439790576,0.8962002738921712,0.27225130890052357,0.6858638743455497,172556,191,14.783381588989869,1464000000,16666800,0,2258099200,13889,894594560,45,ede8a431ba0606dcb82696700085aea005373e91224ef7185c1ff8731cc10eb6,5b3e0fb7f2757da1b3f11d1af630d718210061e0acc172a00682d6de804081bb
gtx,ibm,fedavg,random,20261005,123,0.030628826153659718,0.06060606060606061,0.0010893750130724388,0.08490566037735849,0.04712041884816754,0.8934789241690477,0.3298429319371728,0.7225130890052356,172556,191,10.306867263047025,0,16666800,0,0,13889,581919232,50,ede8a431ba0606dcb82696700085aea005373e91224ef7185c1ff8731cc10eb6,5b3e0fb7f2757da1b3f11d1af630d718210061e0acc172a00682d6de804081bb
gtx,ibm,fedgcn,random,20261005,123,0.010336760128090493,0.031180400890868598,0.0011005460633835063,0.027131782945736434,0.03664921465968586,0.8630769539193204,0.06282722513089005,0.5497382198952879,172556,191,38.967994194012135,0,3458400,20992776,0,2882,2930742272,30,ede8a431ba0606dcb82696700085aea005373e91224ef7185c1ff8731cc10eb6,edcc4fcac4d91435de69ff1216dd2ed8eca4ea2946a15440c969eb82abb5094a
gtx,ibm,fedmlp,random,20261005,123,0.036409844698097424,0.06675567423230974,0.001089331366212218,0.044802867383512544,0.13089005235602094,0.885777259781272,0.32460732984293195,0.7068062827225131,172556,191,5.857047043042257,0,8526000,0,0,7105,478284800,15,ede8a431ba0606dcb82696700085aea005373e91224ef7185c1ff8731cc10eb6,dae2ee3864e4d838f8f3715b7b3a6cbe4db977ad89a70ce995dc1054a5c3cc99
gtx,ibm,fresh,random,20261005,123,0.032578340746676746,0.08403361344537816,0.0010893649396388838,0.07017543859649122,0.10471204188481675,0.8900007183708383,0.3089005235602094,0.6858638743455497,172556,191,16.966877401806414,2928000000,16666800,0,4516198400,13889,894594560,50,ede8a431ba0606dcb82696700085aea005373e91224ef7185c1ff8731cc10eb6,5b3e0fb7f2757da1b3f11d1af630d718210061e0acc172a00682d6de804081bb
gtx,ibm,local,random,20261005,123,0.01954726303335295,0.050216450216450215,0.0010937999360865964,0.03008298755186722,0.1518324607329843,0.8686364911427003,0.2774869109947644,0.680628272251309,172556,191,10.215301122982055,0,0,0,0,13889,581919232,15,ede8a431ba0606dcb82696700085aea005373e91224ef7185c1ff8731cc10eb6,5b3e0fb7f2757da1b3f11d1af630d718210061e0acc172a00682d6de804081bb
gtx,ibm,oracle,random,20261005,123,0.03419088974191789,0.06735751295336788,0.0010899860435055054,0.06666666666666667,0.06806282722513089,0.9142413297727654,0.3089005235602094,0.6963350785340314,172556,191,14.226401155116037,4849500000,16666800,0,4516198400,13889,975616512,40,ede8a431ba0606dcb82696700085aea005373e91224ef7185c1ff8731cc10eb6,5b3e0fb7f2757da1b3f11d1af630d718210061e0acc172a00682d6de804081bb
gtx,ibm,shuffled,random,20261005,123,0.03142788349252012,0.046149857402126,0.0010885690113314355,0.024277141298417893,0.46596858638743455,0.8890209395227436,0.3193717277486911,0.7172774869109948,172556,191,18.297472150065005,1464000000,16666800,0,2258099200,13889,894599168,50,ede8a431ba0606dcb82696700085aea005373e91224ef7185c1ff8731cc10eb6,5b3e0fb7f2757da1b3f11d1af630d718210061e0acc172a00682d6de804081bb
gtx,ibm,current,random,20261005,42,0.043408156895633904,0.05668016194331984,0.0010838312348168096,0.125,0.03664921465968586,0.9140832426257258,0.32460732984293195,0.7172774869109948,172556,191,14.783340506954119,1464000000,16666800,0,2258099200,13889,894594560,45,ede8a431ba0606dcb82696700085aea005373e91224ef7185c1ff8731cc10eb6,45baacf6f0c35cb04828c2ca3ff14010c040cba5ace72b6bbee7bc68b3400cb0
gtx,ibm,fedavg,random,20261005,42,0.030592417898905187,0.07885304659498207,0.0010902225306938472,0.125,0.05759162303664921,0.8990318548107229,0.3036649214659686,0.7225130890052356,172556,191,10.254899722058326,0,16666800,0,0,13889,581919232,30,ede8a431ba0606dcb82696700085aea005373e91224ef7185c1ff8731cc10eb6,45baacf6f0c35cb04828c2ca3ff14010c040cba5ace72b6bbee7bc68b3400cb0
gtx,ibm,fedgcn,random,20261005,42,0.010139978108751349,0.03294117647058824,0.0011007992794514249,0.029914529914529916,0.03664921465968586,0.8564586170556425,0.07853403141361257,0.5340314136125655,172556,191,38.96643041097559,0,3458400,20992776,0,2882,2930742272,40,ede8a431ba0606dcb82696700085aea005373e91224ef7185c1ff8731cc10eb6,06dcbe94e3ea7fea5c20e1c25953cd46595b3ad2adc341488eca1ae1ef048c33
gtx,ibm,fedmlp,random,20261005,42,0.04988177660900608,0.09147095179233622,0.0010832964143469507,0.059870550161812294,0.193717277486911,0.8880962914599072,0.34554973821989526,0.7696335078534031,172556,191,5.8288636829238385,0,8526000,0,0,7105,478284800,30,ede8a431ba0606dcb82696700085aea005373e91224ef7185c1ff8731cc10eb6,59117d67ef2f04365e2d705ac004a58ce85cd11f3250565e55099f0ea932e74f
gtx,ibm,fresh,random,20261005,42,0.03942642158932763,0.07003891050583658,0.00108429882928131,0.13636363636363635,0.04712041884816754,0.9161054793166152,0.3089005235602094,0.7277486910994765,172556,191,16.943099566036835,2928000000,16666800,0,4516198400,13889,894594560,30,ede8a431ba0606dcb82696700085aea005373e91224ef7185c1ff8731cc10eb6,45baacf6f0c35cb04828c2ca3ff14010c040cba5ace72b6bbee7bc68b3400cb0
gtx,ibm,local,random,20261005,42,0.028539602733190825,0.03821656050955414,0.0010928207043862984,0.03214285714285714,0.04712041884816754,0.8755336713169409,0.27225130890052357,0.6858638743455497,172556,191,10.177265804028139,0,0,0,0,13889,581919232,15,ede8a431ba0606dcb82696700085aea005373e91224ef7185c1ff8731cc10eb6,45baacf6f0c35cb04828c2ca3ff14010c040cba5ace72b6bbee7bc68b3400cb0
gtx,ibm,oracle,random,20261005,42,0.034547788677276266,0.0946372239747634,0.001094468247069585,0.11904761904761904,0.07853403141361257,0.9205372654492635,0.31413612565445026,0.7015706806282722,172556,191,14.145963937044144,4849500000,16666800,0,4516198400,13889,975616512,35,ede8a431ba0606dcb82696700085aea005373e91224ef7185c1ff8731cc10eb6,45baacf6f0c35cb04828c2ca3ff14010c040cba5ace72b6bbee7bc68b3400cb0
gtx,ibm,shuffled,random,20261005,42,0.028296771665554984,0.06620689655172414,0.0010896572248694587,0.0449438202247191,0.1256544502617801,0.8940225926869241,0.32460732984293195,0.7277486910994765,172556,191,18.291996598010883,1464000000,16666800,0,2258099200,13889,894599168,45,ede8a431ba0606dcb82696700085aea005373e91224ef7185c1ff8731cc10eb6,45baacf6f0c35cb04828c2ca3ff14010c040cba5ace72b6bbee7bc68b3400cb0
gtx,ibm,current,random,20261005,456,0.03419943898854567,0.06694560669456066,0.001089933479035983,0.16666666666666666,0.041884816753926704,0.9089957038993868,0.3036649214659686,0.7172774869109948,172556,191,14.797654825961217,1464000000,16666800,0,2258099200,13889,894594560,50,ede8a431ba0606dcb82696700085aea005373e91224ef7185c1ff8731cc10eb6,ffbc4647057ab3f7549d8d805dce104d2c8b6b6e1344e3d6706b1e395f64322c
gtx,ibm,fedavg,random,20261005,456,0.03282515216764384,0.07547169811320754,0.0010879053852358397,0.04788732394366197,0.17801047120418848,0.8902806551845796,0.32460732984293195,0.7329842931937173,172556,191,10.256405879976228,0,16666800,0,0,13889,581919232,45,ede8a431ba0606dcb82696700085aea005373e91224ef7185c1ff8731cc10eb6,ffbc4647057ab3f7549d8d805dce104d2c8b6b6e1344e3d6706b1e395f64322c
gtx,ibm,fedgcn,random,20261005,456,0.008542512841662003,0.0234375,0.0011015589078128673,0.012291933418693982,0.2513089005235602,0.8624017157064873,0.06806282722513089,0.49214659685863876,172556,191,38.9649069418665,0,3458400,20992776,0,2882,2930742272,35,ede8a431ba0606dcb82696700085aea005373e91224ef7185c1ff8731cc10eb6,2a29c2cdb9e5dc9c1b41f499447fdcece146c6bad38722d905ebba298f7ea2b7
gtx,ibm,fedmlp,random,20261005,456,0.04826785129925528,0.10681399631675875,0.0010877558178551557,0.08238636363636363,0.1518324607329843,0.8879130841148464,0.3036649214659686,0.7225130890052356,172556,191,5.853067626012489,0,8526000,0,0,7105,478284800,15,ede8a431ba0606dcb82696700085aea005373e91224ef7185c1ff8731cc10eb6,7c1fdd36fcc51f6c3f97ae3f4d46be3c95bbb3cb8965966788bd8f46f13453a6
gtx,ibm,fresh,random,20261005,456,0.03733837917749106,0.06722689075630252,0.0010865983437780098,0.1702127659574468,0.041884816753926704,0.9015536402037378,0.3403141361256545,0.7172774869109948,172556,191,16.9419288628269,2928000000,16666800,0,4516198400,13889,894594560,50,ede8a431ba0606dcb82696700085aea005373e91224ef7185c1ff8731cc10eb6,ffbc4647057ab3f7549d8d805dce104d2c8b6b6e1344e3d6706b1e395f64322c
gtx,ibm,local,random,20261005,456,0.021259937098672643,0.05099150141643059,0.0010938422913505377,0.03495145631067961,0.09424083769633508,0.8684570806836764,0.3036649214659686,0.6544502617801047,172556,191,10.214999960036948,0,0,0,0,13889,581919232,15,ede8a431ba0606dcb82696700085aea005373e91224ef7185c1ff8731cc10eb6,ffbc4647057ab3f7549d8d805dce104d2c8b6b6e1344e3d6706b1e395f64322c
gtx,ibm,oracle,random,20261005,456,0.038574715961090515,0.0783132530120482,0.001086616349576957,0.09219858156028368,0.06806282722513089,0.912694888464954,0.32460732984293195,0.7277486910994765,172556,191,14.262296278961003,4849500000,16666800,0,4516198400,13889,975616512,45,ede8a431ba0606dcb82696700085aea005373e91224ef7185c1ff8731cc10eb6,ffbc4647057ab3f7549d8d805dce104d2c8b6b6e1344e3d6706b1e395f64322c
gtx,ibm,shuffled,random,20261005,456,0.031319744212536096,0.08463251670378619,0.0010877081132073143,0.07364341085271318,0.09947643979057591,0.8935888212385047,0.3507853403141361,0.7172774869109948,172556,191,18.208875071024522,1464000000,16666800,0,2258099200,13889,894599168,35,ede8a431ba0606dcb82696700085aea005373e91224ef7185c1ff8731cc10eb6,ffbc4647057ab3f7549d8d805dce104d2c8b6b6e1344e3d6706b1e395f64322c
gtx,ibm,rf_local,louvain,20261003,123,0.027225106988116452,0.06324110671936758,0.0010889194426016763,0.0389768574908648,0.16753926701570682,0.903015653953629,0.2931937172774869,0.7539267015706806,172556,191,28.658827774925157,0,0,0,0,,,,16fc94288a063015c567dd368f63c8fc34bfed991575a91aff1228c78fa7cb00,
gtx,ibm,rf_local,louvain,20261003,42,0.03134385547249224,0.07407407407407407,0.0010871285594625856,0.048465266558966075,0.15706806282722513,0.8982795853739697,0.2879581151832461,0.7486910994764397,172556,191,28.995214384049177,0,0,0,0,,,,16fc94288a063015c567dd368f63c8fc34bfed991575a91aff1228c78fa7cb00,
gtx,ibm,rf_local,louvain,20261003,456,0.02730026930566605,0.06852248394004283,0.0010884149270747486,0.057971014492753624,0.08376963350785341,0.9009779563427969,0.27225130890052357,0.7643979057591623,172556,191,28.883383207954466,0,0,0,0,,,,16fc94288a063015c567dd368f63c8fc34bfed991575a91aff1228c78fa7cb00,
gtx,ibm,rf_local,louvain,20261004,123,0.028896222583168842,0.07365439093484419,0.0010883325051668589,0.05048543689320388,0.13612565445026178,0.9028059595315737,0.28272251308900526,0.7486910994764397,172556,191,28.21085818693973,0,0,0,0,,,,cedc8408e2b049b25123054f877141ae2ef1e5a124569dcdc008121de41754d6,
gtx,ibm,rf_local,louvain,20261004,42,0.031085532281190324,0.06666666666666667,0.001086474295548937,0.07100591715976332,0.06282722513089005,0.9013471351659536,0.2879581151832461,0.7591623036649214,172556,191,28.199334253091365,0,0,0,0,,,,cedc8408e2b049b25123054f877141ae2ef1e5a124569dcdc008121de41754d6,
gtx,ibm,rf_local,louvain,20261004,456,0.029430941102375933,0.07008760951188986,0.0010871219079787403,0.046052631578947366,0.14659685863874344,0.8987567324484768,0.3036649214659686,0.7539267015706806,172556,191,28.19640660705045,0,0,0,0,,,,cedc8408e2b049b25123054f877141ae2ef1e5a124569dcdc008121de41754d6,
gtx,ibm,rf_local,louvain,20261005,123,0.029247039778786833,0.06121091151031271,0.001087528609689218,0.0350609756097561,0.24083769633507854,0.9027349577626804,0.2879581151832461,0.7539267015706806,172556,191,28.855593740940094,0,0,0,0,,,,432aacfba520ae1b28aca46fa1517b51b97797e4b88d503ed36d5b71af143a22,
gtx,ibm,rf_local,louvain,20261005,42,0.030962164328663732,0.09090909090909091,0.0010873577103029527,0.07508532423208192,0.11518324607329843,0.9054144658016752,0.29842931937172773,0.743455497382199,172556,191,29.400107874069363,0,0,0,0,,,,432aacfba520ae1b28aca46fa1517b51b97797e4b88d503ed36d5b71af143a22,
gtx,ibm,rf_local,louvain,20261005,456,0.029245820627238038,0.06451612903225806,0.0010876333178524637,0.04179566563467492,0.14136125654450263,0.8964176683991099,0.2774869109947644,0.743455497382199,172556,191,29.41558872605674,0,0,0,0,,,,432aacfba520ae1b28aca46fa1517b51b97797e4b88d503ed36d5b71af143a22,
gtx,ibm,rf_local,random,20261003,123,0.03302906006366317,0.08310991957104558,0.0010869771281636783,0.055855855855855854,0.16230366492146597,0.8850491081646263,0.3507853403141361,0.7068062827225131,172556,191,28.121058088028803,0,0,0,0,,,,d0e9ffb2e7b8c218e9bc2044824624f1d4a07d530e67d1bc490e76a575f29855,
gtx,ibm,rf_local,random,20261003,42,0.030627297890359454,0.07095343680709534,0.0010870340367093703,0.06153846153846154,0.08376963350785341,0.8856142518699285,0.33507853403141363,0.6910994764397905,172556,191,28.37447552708909,0,0,0,0,,,,d0e9ffb2e7b8c218e9bc2044824624f1d4a07d530e67d1bc490e76a575f29855,
gtx,ibm,rf_local,random,20261003,456,0.034689407874846624,0.08444444444444445,0.0010859595968030287,0.07335907335907337,0.09947643979057591,0.890858024862921,0.3193717277486911,0.6858638743455497,172556,191,28.23932894412428,0,0,0,0,,,,d0e9ffb2e7b8c218e9bc2044824624f1d4a07d530e67d1bc490e76a575f29855,
gtx,ibm,rf_local,random,20261004,123,0.03939747689469652,0.0855106888361045,0.0010839595565262671,0.0782608695652174,0.09424083769633508,0.9008656748289084,0.32460732984293195,0.7277486910994765,172556,191,27.79899178398773,0,0,0,0,,,,88ae290bb8384fa5c058c6904d16f48d4b01387420f6d8ab5cfc5b6d23545992,
gtx,ibm,rf_local,random,20261004,42,0.03992467808179209,0.08463251670378619,0.001083602329793418,0.07364341085271318,0.09947643979057591,0.9103887510113007,0.3089005235602094,0.7172774869109948,172556,191,27.97471741004847,0,0,0,0,,,,88ae290bb8384fa5c058c6904d16f48d4b01387420f6d8ab5cfc5b6d23545992,
gtx,ibm,rf_local,random,20261004,456,0.04396780880676997,0.10623556581986143,0.0010830088142241828,0.09504132231404959,0.12041884816753927,0.9042220309604162,0.34554973821989526,0.7172774869109948,172556,191,27.675200902158394,0,0,0,0,,,,88ae290bb8384fa5c058c6904d16f48d4b01387420f6d8ab5cfc5b6d23545992,
gtx,ibm,rf_local,random,20261005,123,0.03059961711873443,0.06072874493927125,0.0010871323689490228,0.03361344537815126,0.31413612565445026,0.8971539301643308,0.3089005235602094,0.743455497382199,172556,191,27.596475773025304,0,0,0,0,,,,ede8a431ba0606dcb82696700085aea005373e91224ef7185c1ff8731cc10eb6,
gtx,ibm,rf_local,random,20261005,42,0.02897107071658518,0.07692307692307693,0.0010884084902396186,0.056511056511056514,0.12041884816753927,0.8981380222749635,0.2774869109947644,0.743455497382199,172556,191,27.8069757418707,0,0,0,0,,,,ede8a431ba0606dcb82696700085aea005373e91224ef7185c1ff8731cc10eb6,
gtx,ibm,rf_local,random,20261005,456,0.028178487971310253,0.06112054329371817,0.0010882367622927836,0.03426395939086294,0.28272251308900526,0.8958588730872618,0.3036649214659686,0.7591623036649214,172556,191,27.75330471410416,0,0,0,0,,,,ede8a431ba0606dcb82696700085aea005373e91224ef7185c1ff8731cc10eb6,
gtx,ibm,rf_pooled,random,20261003,123,0.03846445018611755,0.09195402298850575,0.0010820584059551266,0.07250755287009064,0.1256544502617801,0.8972578585289376,0.35602094240837695,0.7539267015706806,172556,191,45.32155866106041,0,0,0,0,,,,d0e9ffb2e7b8c218e9bc2044824624f1d4a07d530e67d1bc490e76a575f29855,
gtx,ibm,rf_pooled,random,20261003,42,0.03383922081839476,0.07023411371237458,0.0010853937489709764,0.051597051597051594,0.1099476439790576,0.8978246576765517,0.3298429319371728,0.7696335078534031,172556,191,45.862333494005725,0,0,0,0,,,,d0e9ffb2e7b8c218e9bc2044824624f1d4a07d530e67d1bc490e76a575f29855,
gtx,ibm,rf_pooled,random,20261003,456,0.036292233915555756,0.07158836689038031,0.001084242979756303,0.0625,0.08376963350785341,0.88352922987153,0.3403141361256545,0.7382198952879581,172556,191,46.58673542900942,0,0,0,0,,,,d0e9ffb2e7b8c218e9bc2044824624f1d4a07d530e67d1bc490e76a575f29855,
gtx,ibm,xgb_local,louvain,20261003,123,0.03838366897829242,0.09117647058823529,0.0010890526310995748,0.06339468302658487,0.16230366492146597,0.893773608088157,0.3612565445026178,0.7329842931937173,172556,191,1.8385943789035082,0,0,0,0,,,,16fc94288a063015c567dd368f63c8fc34bfed991575a91aff1228c78fa7cb00,
gtx,ibm,xgb_local,louvain,20261003,42,0.03838366897829242,0.09117647058823529,0.0010890526310995748,0.06339468302658487,0.16230366492146597,0.893773608088157,0.3612565445026178,0.7329842931937173,172556,191,1.908408256014809,0,0,0,0,,,,16fc94288a063015c567dd368f63c8fc34bfed991575a91aff1228c78fa7cb00,
gtx,ibm,xgb_local,louvain,20261003,456,0.03838366897829242,0.09117647058823529,0.0010890526310995748,0.06339468302658487,0.16230366492146597,0.893773608088157,0.3612565445026178,0.7329842931937173,172556,191,1.8422638869378716,0,0,0,0,,,,16fc94288a063015c567dd368f63c8fc34bfed991575a91aff1228c78fa7cb00,
gtx,ibm,xgb_local,louvain,20261004,123,0.036609260071968096,0.0650887573964497,0.001089123873931685,0.07482993197278912,0.05759162303664921,0.9095302750783183,0.4031413612565445,0.7277486910994765,172556,191,1.8278082930482924,0,0,0,0,,,,cedc8408e2b049b25123054f877141ae2ef1e5a124569dcdc008121de41754d6,
gtx,ibm,xgb_local,louvain,20261004,42,0.036609260071968096,0.0650887573964497,0.001089123873931685,0.07482993197278912,0.05759162303664921,0.9095302750783183,0.4031413612565445,0.7277486910994765,172556,191,1.8911990111228079,0,0,0,0,,,,cedc8408e2b049b25123054f877141ae2ef1e5a124569dcdc008121de41754d6,
gtx,ibm,xgb_local,louvain,20261004,456,0.036609260071968096,0.0650887573964497,0.001089123873931685,0.07482993197278912,0.05759162303664921,0.9095302750783183,0.4031413612565445,0.7277486910994765,172556,191,1.8434005200397223,0,0,0,0,,,,cedc8408e2b049b25123054f877141ae2ef1e5a124569dcdc008121de41754d6,
gtx,ibm,xgb_local,louvain,20261005,123,0.037544318300547844,0.08112874779541446,0.0010919281224431455,0.061170212765957445,0.12041884816753927,0.9060167126773316,0.39790575916230364,0.7172774869109948,172556,191,1.8243293729610741,0,0,0,0,,,,432aacfba520ae1b28aca46fa1517b51b97797e4b88d503ed36d5b71af143a22,
gtx,ibm,xgb_local,louvain,20261005,42,0.037544318300547844,0.08112874779541446,0.0010919281224431455,0.061170212765957445,0.12041884816753927,0.9060167126773316,0.39790575916230364,0.7172774869109948,172556,191,1.876365845091641,0,0,0,0,,,,432aacfba520ae1b28aca46fa1517b51b97797e4b88d503ed36d5b71af143a22,
gtx,ibm,xgb_local,louvain,20261005,456,0.037544318300547844,0.08112874779541446,0.0010919281224431455,0.061170212765957445,0.12041884816753927,0.9060167126773316,0.39790575916230364,0.7172774869109948,172556,191,1.8430390930734575,0,0,0,0,,,,432aacfba520ae1b28aca46fa1517b51b97797e4b88d503ed36d5b71af143a22,
gtx,ibm,xgb_local,random,20261003,123,0.04375329465971226,0.09066666666666667,0.0010840382819157343,0.09239130434782608,0.08900523560209424,0.887364904896358,0.3193717277486911,0.6910994764397905,172556,191,1.793168593896553,0,0,0,0,,,,d0e9ffb2e7b8c218e9bc2044824624f1d4a07d530e67d1bc490e76a575f29855,
gtx,ibm,xgb_local,random,20261003,42,0.04375329465971226,0.09066666666666667,0.0010840382819157343,0.09239130434782608,0.08900523560209424,0.887364904896358,0.3193717277486911,0.6910994764397905,172556,191,1.80850321194157,0,0,0,0,,,,d0e9ffb2e7b8c218e9bc2044824624f1d4a07d530e67d1bc490e76a575f29855,
gtx,ibm,xgb_local,random,20261003,456,0.04375329465971226,0.09066666666666667,0.0010840382819157343,0.09239130434782608,0.08900523560209424,0.887364904896358,0.3193717277486911,0.6910994764397905,172556,191,1.7957184580154717,0,0,0,0,,,,d0e9ffb2e7b8c218e9bc2044824624f1d4a07d530e67d1bc490e76a575f29855,
gtx,ibm,xgb_local,random,20261004,123,0.045918065638072415,0.09395973154362416,0.0010767244710081362,0.059743954480796585,0.2198952879581152,0.9013710859230755,0.32460732984293195,0.7015706806282722,172556,191,1.8111033691093326,0,0,0,0,,,,88ae290bb8384fa5c058c6904d16f48d4b01387420f6d8ab5cfc5b6d23545992,
gtx,ibm,xgb_local,random,20261004,42,0.045918065638072415,0.09395973154362416,0.0010767244710081362,0.059743954480796585,0.2198952879581152,0.9013710859230755,0.32460732984293195,0.7015706806282722,172556,191,1.8120824079960585,0,0,0,0,,,,88ae290bb8384fa5c058c6904d16f48d4b01387420f6d8ab5cfc5b6d23545992,
gtx,ibm,xgb_local,random,20261004,456,0.045918065638072415,0.09395973154362416,0.0010767244710081362,0.059743954480796585,0.2198952879581152,0.9013710859230755,0.32460732984293195,0.7015706806282722,172556,191,1.8093061440158635,0,0,0,0,,,,88ae290bb8384fa5c058c6904d16f48d4b01387420f6d8ab5cfc5b6d23545992,
gtx,ibm,xgb_local,random,20261005,123,0.036294893255373516,0.09686609686609686,0.001091571980917899,0.06653620352250489,0.17801047120418848,0.9099780950050749,0.32460732984293195,0.7539267015706806,172556,191,1.8521007460076362,0,0,0,0,,,,ede8a431ba0606dcb82696700085aea005373e91224ef7185c1ff8731cc10eb6,
gtx,ibm,xgb_local,random,20261005,42,0.036294893255373516,0.09686609686609686,0.001091571980917899,0.06653620352250489,0.17801047120418848,0.9099780950050749,0.32460732984293195,0.7539267015706806,172556,191,1.842286498984322,0,0,0,0,,,,ede8a431ba0606dcb82696700085aea005373e91224ef7185c1ff8731cc10eb6,
gtx,ibm,xgb_local,random,20261005,456,0.036294893255373516,0.09686609686609686,0.001091571980917899,0.06653620352250489,0.17801047120418848,0.9099780950050749,0.32460732984293195,0.7539267015706806,172556,191,1.8480057260021567,0,0,0,0,,,,ede8a431ba0606dcb82696700085aea005373e91224ef7185c1ff8731cc10eb6,
gtx,ibm,xgb_pooled,random,20261003,123,0.048042057484379175,0.10767468499427263,0.0010797728735894168,0.0689149560117302,0.24607329842931938,0.8933452889680871,0.418848167539267,0.7591623036649214,172556,191,1.7240403469186276,0,0,0,0,,,,d0e9ffb2e7b8c218e9bc2044824624f1d4a07d530e67d1bc490e76a575f29855,
gtx,ibm,xgb_pooled,random,20261003,42,0.048042057484379175,0.10767468499427263,0.0010797728735894168,0.0689149560117302,0.24607329842931938,0.8933452889680871,0.418848167539267,0.7591623036649214,172556,191,1.9352734829299152,0,0,0,0,,,,d0e9ffb2e7b8c218e9bc2044824624f1d4a07d530e67d1bc490e76a575f29855,
gtx,ibm,xgb_pooled,random,20261003,456,0.048042057484379175,0.10767468499427263,0.0010797728735894168,0.0689149560117302,0.24607329842931938,0.8933452889680871,0.418848167539267,0.7591623036649214,172556,191,1.7201365679502487,0,0,0,0,,,,d0e9ffb2e7b8c218e9bc2044824624f1d4a07d530e67d1bc490e76a575f29855,
rtx,elliptic,current,louvain,20261003,123,0.5647748979112285,0.4959254947613504,0.03525354370902125,0.9551569506726457,0.33490566037735847,0.8599558651316653,0.16981132075471697,0.49842767295597484,11184,636,7.218930329000045,80908800,24500400,0,88588800,20417,590865408,45,8d496fe781c4340601138a0d0ee77d4c5c0b68a4ae6b1560c82a3b8bd3d2ea67,38dddb66ba180cbfa02e1894b5607b4eae8781544dc44b46af03e901414e7a07
rtx,elliptic,fedavg,louvain,20261003,123,0.5502940859832631,0.5483146067415731,0.03503953264601951,0.9606299212598425,0.3836477987421384,0.8573388975942264,0.16981132075471697,0.4937106918238994,11184,636,4.925042002999987,0,24500400,0,0,20417,500969472,50,8d496fe781c4340601138a0d0ee77d4c5c0b68a4ae6b1560c82a3b8bd3d2ea67,38dddb66ba180cbfa02e1894b5607b4eae8781544dc44b46af03e901414e7a07
rtx,elliptic,fedgcn,louvain,20261003,123,0.25451671193805464,0.2958963282937365,0.05014798510260035,0.4724137931034483,0.21540880503144655,0.7765247458160717,0.10220125786163523,0.31761006289308175,11184,636,5.979215360000012,0,7375200,6106008,0,6146,725676032,50,8d496fe781c4340601138a0d0ee77d4c5c0b68a4ae6b1560c82a3b8bd3d2ea67,b9499d48a334a95c0690280625aa9f14766516bde5b881d9eb99a8c11e93888b
rtx,elliptic,fedmlp,louvain,20261003,123,0.6181987660988963,0.6801210898082745,0.02835586007819382,0.9492957746478873,0.529874213836478,0.8196098309495019,0.17452830188679244,0.5738993710691824,11184,636,1.1920355480000353,0,12442800,0,0,10369,187521536,25,8d496fe781c4340601138a0d0ee77d4c5c0b68a4ae6b1560c82a3b8bd3d2ea67,697663bcfc306f09f24b07dc60ac5ab0f02ff9069492a564ac3f7231b54e6e78
rtx,elliptic,fresh,louvain,20261003,123,0.5641973490859806,0.5210466439135382,0.03547816534297862,0.9423868312757202,0.360062893081761,0.8571953489647803,0.17452830188679244,0.5,11184,636,9.03865649599993,161817600,24500400,0,177177600,20417,591201280,40,8d496fe781c4340601138a0d0ee77d4c5c0b68a4ae6b1560c82a3b8bd3d2ea67,38dddb66ba180cbfa02e1894b5607b4eae8781544dc44b46af03e901414e7a07
rtx,elliptic,local,louvain,20261003,123,0.5291084553527815,0.54296875,0.03875779181972901,0.7164948453608248,0.4371069182389937,0.8383813856035185,0.1761006289308176,0.4779874213836478,11184,636,4.817079281999952,0,0,0,0,20417,500969472,25,8d496fe781c4340601138a0d0ee77d4c5c0b68a4ae6b1560c82a3b8bd3d2ea67,38dddb66ba180cbfa02e1894b5607b4eae8781544dc44b46af03e901414e7a07
rtx,elliptic,oracle,louvain,20261003,123,0.5586149929840659,0.5300113250283126,0.0345707898422041,0.9473684210526315,0.36792452830188677,0.8614239964415444,0.16981132075471697,0.5078616352201258,11184,636,4.180858456999999,396958800,24500400,0,177177600,20417,277328384,50,8d496fe781c4340601138a0d0ee77d4c5c0b68a4ae6b1560c82a3b8bd3d2ea67,38dddb66ba180cbfa02e1894b5607b4eae8781544dc44b46af03e901414e7a07
rtx,elliptic,shuffled,louvain,20261003,123,0.5553763275379734,0.5517241379310345,0.03490306096875788,0.9429657794676806,0.389937106918239,0.859617638921683,0.17138364779874213,0.49842767295597484,11184,636,14.526491995000015,80908800,24500400,0,88588800,20417,590865408,45,8d496fe781c4340601138a0d0ee77d4c5c0b68a4ae6b1560c82a3b8bd3d2ea67,38dddb66ba180cbfa02e1894b5607b4eae8781544dc44b46af03e901414e7a07
rtx,elliptic,current,louvain,20261003,42,0.566541672346695,0.4865497076023392,0.034807738064391705,0.9497716894977168,0.3270440251572327,0.8583122854969079,0.17138364779874213,0.5141509433962265,11184,636,7.402958148999971,80908800,24500400,0,88588800,20417,590628352,30,8d496fe781c4340601138a0d0ee77d4c5c0b68a4ae6b1560c82a3b8bd3d2ea67,72b59b45f34cd8d5e7b24de2bde665873fadae4f138a95a5080db0ccc6df75c8
rtx,elliptic,fedavg,louvain,20261003,42,0.5628108524775179,0.5622222222222222,0.03391403684608174,0.9583333333333334,0.3977987421383648,0.8614749763286371,0.17138364779874213,0.5094339622641509,11184,636,5.191681833000018,0,24500400,0,0,20417,500969472,45,8d496fe781c4340601138a0d0ee77d4c5c0b68a4ae6b1560c82a3b8bd3d2ea67,72b59b45f34cd8d5e7b24de2bde665873fadae4f138a95a5080db0ccc6df75c8
rtx,elliptic,fedgcn,louvain,20261003,42,0.2420149181856695,0.3026052104208417,0.051138842574837015,0.22205882352941175,0.4748427672955975,0.7747082519443907,0.07075471698113207,0.30345911949685533,11184,636,5.995968108999989,0,7375200,6106008,0,6146,726190592,45,8d496fe781c4340601138a0d0ee77d4c5c0b68a4ae6b1560c82a3b8bd3d2ea67,e540029da8e7b72e5a9c386a27bc22a5b291642d119fa74f70d5892f656d8b8e
rtx,elliptic,fedmlp,louvain,20261003,42,0.6265218827087123,0.674,0.028289472401015692,0.9258241758241759,0.529874213836478,0.8325960628024508,0.17452830188679244,0.5691823899371069,11184,636,1.1956587770000056,0,12442800,0,0,10369,187521536,35,8d496fe781c4340601138a0d0ee77d4c5c0b68a4ae6b1560c82a3b8bd3d2ea67,a90dfe0478197193d67cebdcdbaad4cdcc06c67fc69beb229e0180f96f920458
rtx,elliptic,fresh,louvain,20261003,42,0.5577152277085531,0.6037344398340249,0.03391108702705959,0.8871951219512195,0.45754716981132076,0.8609675624816651,0.16823899371069181,0.5031446540880503,11184,636,9.01029797199999,161817600,24500400,0,177177600,20417,590964224,50,8d496fe781c4340601138a0d0ee77d4c5c0b68a4ae6b1560c82a3b8bd3d2ea67,72b59b45f34cd8d5e7b24de2bde665873fadae4f138a95a5080db0ccc6df75c8
rtx,elliptic,local,louvain,20261003,42,0.4903984719325229,0.509926854754441,0.04048599571057451,0.7601246105919003,0.3836477987421384,0.836395405966853,0.16823899371069181,0.4591194968553459,11184,636,5.265845478000017,0,0,0,0,20417,500969472,45,8d496fe781c4340601138a0d0ee77d4c5c0b68a4ae6b1560c82a3b8bd3d2ea67,72b59b45f34cd8d5e7b24de2bde665873fadae4f138a95a5080db0ccc6df75c8
rtx,elliptic,oracle,louvain,20261003,42,0.558696375898781,0.5985247629083246,0.03368802098667534,0.9073482428115016,0.44654088050314467,0.8614934602643084,0.16823899371069181,0.5110062893081762,11184,636,4.182714814000008,396958800,24500400,0,177177600,20417,277091328,50,8d496fe781c4340601138a0d0ee77d4c5c0b68a4ae6b1560c82a3b8bd3d2ea67,72b59b45f34cd8d5e7b24de2bde665873fadae4f138a95a5080db0ccc6df75c8
rtx,elliptic,shuffled,louvain,20261003,42,0.5563284306127617,0.6014127144298688,0.03442037826429642,0.8394366197183099,0.46855345911949686,0.8602106155031327,0.16981132075471697,0.5094339622641509,11184,636,14.635723750000011,80908800,24500400,0,88588800,20417,590628352,50,8d496fe781c4340601138a0d0ee77d4c5c0b68a4ae6b1560c82a3b8bd3d2ea67,72b59b45f34cd8d5e7b24de2bde665873fadae4f138a95a5080db0ccc6df75c8
rtx,elliptic,current,louvain,20261003,456,0.5779752256630881,0.5399673735725938,0.03503786380935591,0.5610169491525424,0.5204402515723271,0.857226056148234,0.17295597484276728,0.5141509433962265,11184,636,7.2320414340000525,80908800,24500400,0,88588800,20417,590865408,30,8d496fe781c4340601138a0d0ee77d4c5c0b68a4ae6b1560c82a3b8bd3d2ea67,d258e8c146df19c3e61ced5b6c85c932db725bacce0f9adfe364ae6f90e21213
rtx,elliptic,fedavg,louvain,20261003,456,0.5713786305694755,0.5704347826086956,0.03392370440328647,0.6381322957198443,0.5157232704402516,0.859365720766165,0.16981132075471697,0.5345911949685535,11184,636,4.936227772999928,0,24500400,0,0,20417,500969472,50,8d496fe781c4340601138a0d0ee77d4c5c0b68a4ae6b1560c82a3b8bd3d2ea67,d258e8c146df19c3e61ced5b6c85c932db725bacce0f9adfe364ae6f90e21213
rtx,elliptic,fedgcn,louvain,20261003,456,0.2675391657424944,0.32997032640949553,0.05025857099880789,0.2650142993326978,0.4371069182389937,0.7850705847840241,0.09748427672955975,0.33176100628930816,11184,636,5.97251191099997,0,7375200,6106008,0,6146,725676032,45,8d496fe781c4340601138a0d0ee77d4c5c0b68a4ae6b1560c82a3b8bd3d2ea67,dd43194f57569a9c44627f3a69bad34fce5ceb68d5f1c1fb018898d45334403a
rtx,elliptic,fedmlp,louvain,20261003,456,0.6006230187899105,0.6673228346456693,0.028593699173051844,0.8921052631578947,0.5330188679245284,0.8341291860151735,0.16823899371069181,0.5770440251572327,11184,636,1.197150074000092,0,12442800,0,0,10369,187521536,45,8d496fe781c4340601138a0d0ee77d4c5c0b68a4ae6b1560c82a3b8bd3d2ea67,e3f512063d220e70cf31d0b6c991414144ec4017c051ff7ef22313a13776a234
rtx,elliptic,fresh,louvain,20261003,456,0.574638325330438,0.5991983967935872,0.034543416544122206,0.8259668508287292,0.470125786163522,0.855240449171562,0.16981132075471697,0.5204402515723271,11184,636,9.014960703000042,161817600,24500400,0,177177600,20417,591201280,35,8d496fe781c4340601138a0d0ee77d4c5c0b68a4ae6b1560c82a3b8bd3d2ea67,d258e8c146df19c3e61ced5b6c85c932db725bacce0f9adfe364ae6f90e21213
rtx,elliptic,local,louvain,20261003,456,0.521489404066066,0.525987525987526,0.03924334845067635,0.7760736196319018,0.3977987421383648,0.8505230953794931,0.16666666666666666,0.4716981132075472,11184,636,4.8031694630000175,0,0,0,0,20417,500969472,50,8d496fe781c4340601138a0d0ee77d4c5c0b68a4ae6b1560c82a3b8bd3d2ea67,d258e8c146df19c3e61ced5b6c85c932db725bacce0f9adfe364ae6f90e21213
rtx,elliptic,oracle,louvain,20261003,456,0.5793291312102496,0.5400495458298926,0.03482219853098299,0.568695652173913,0.5141509433962265,0.8552464862634545,0.17295597484276728,0.5125786163522013,11184,636,4.190884420999964,396958800,24500400,0,177177600,20417,277328384,30,8d496fe781c4340601138a0d0ee77d4c5c0b68a4ae6b1560c82a3b8bd3d2ea67,d258e8c146df19c3e61ced5b6c85c932db725bacce0f9adfe364ae6f90e21213
rtx,elliptic,shuffled,louvain,20261003,456,0.5764469590414942,0.5819905213270142,0.03401280938245252,0.7326968973747017,0.4827044025157233,0.8584455487105367,0.17138364779874213,0.5157232704402516,11184,636,14.551723430000038,80908800,24500400,0,88588800,20417,590865408,40,8d496fe781c4340601138a0d0ee77d4c5c0b68a4ae6b1560c82a3b8bd3d2ea67,d258e8c146df19c3e61ced5b6c85c932db725bacce0f9adfe364ae6f90e21213
rtx,elliptic,current,louvain,20261004,123,0.5517426341949777,0.5825049701789264,0.03491981680092432,0.7918918918918919,0.4606918238993711,0.8535656406293601,0.16981132075471697,0.49842767295597484,11184,636,7.224608526999987,79667200,24500400,0,87744000,20417,591234048,50,bcc5a5242e845c86894a972174886c34f25960866ef0370ebb1567afb1b51a0f,38dddb66ba180cbfa02e1894b5607b4eae8781544dc44b46af03e901414e7a07
rtx,elliptic,fedavg,louvain,20261004,123,0.5672512556255686,0.5912863070539419,0.03492828033751475,0.8689024390243902,0.4481132075471698,0.8535163004462379,0.16981132075471697,0.5,11184,636,4.9356684260000065,0,24500400,0,0,20417,501372928,45,bcc5a5242e845c86894a972174886c34f25960866ef0370ebb1567afb1b51a0f,38dddb66ba180cbfa02e1894b5607b4eae8781544dc44b46af03e901414e7a07
rtx,elliptic,fedgcn,louvain,20261004,123,0.2596904090487834,0.32341269841269843,0.05060099739308068,0.4381720430107527,0.2562893081761006,0.773987080325222,0.10062893081761007,0.31446540880503143,11184,636,5.969292975999906,0,7375200,6222072,0,6146,729228288,35,bcc5a5242e845c86894a972174886c34f25960866ef0370ebb1567afb1b51a0f,b9499d48a334a95c0690280625aa9f14766516bde5b881d9eb99a8c11e93888b
rtx,elliptic,fedmlp,louvain,20261004,123,0.6334666489712412,0.6687116564417178,0.028266896745889954,0.956140350877193,0.5141509433962265,0.8363450223357494,0.17452830188679244,0.5770440251572327,11184,636,1.196580332999929,0,12442800,0,0,10369,187520512,40,bcc5a5242e845c86894a972174886c34f25960866ef0370ebb1567afb1b51a0f,697663bcfc306f09f24b07dc60ac5ab0f02ff9069492a564ac3f7231b54e6e78
rtx,elliptic,fresh,louvain,20261004,123,0.5693901468121632,0.4947245017584994,0.03454753591816014,0.9723502304147466,0.33176100628930816,0.8577692453545697,0.16981132075471697,0.5125786163522013,11184,636,9.02063113700001,159334400,24500400,0,175488000,20417,591569920,50,bcc5a5242e845c86894a972174886c34f25960866ef0370ebb1567afb1b51a0f,38dddb66ba180cbfa02e1894b5607b4eae8781544dc44b46af03e901414e7a07
rtx,elliptic,local,louvain,20261004,123,0.5249687367837802,0.525,0.03851113082448024,0.6757425742574258,0.42924528301886794,0.8373894392331671,0.17138364779874213,0.48742138364779874,11184,636,4.803827958000056,0,0,0,0,20417,501372928,25,bcc5a5242e845c86894a972174886c34f25960866ef0370ebb1567afb1b51a0f,38dddb66ba180cbfa02e1894b5607b4eae8781544dc44b46af03e901414e7a07
rtx,elliptic,oracle,louvain,20261004,123,0.5707140740497088,0.5807127882599581,0.035536077775599535,0.8710691823899371,0.43553459119496857,0.8552026614482342,0.17295597484276728,0.5125786163522013,11184,636,4.174492634999979,390867200,24500400,0,175488000,20417,277264384,45,bcc5a5242e845c86894a972174886c34f25960866ef0370ebb1567afb1b51a0f,38dddb66ba180cbfa02e1894b5607b4eae8781544dc44b46af03e901414e7a07
rtx,elliptic,shuffled,louvain,20261004,123,0.5524548970490093,0.5452488687782805,0.03465072845148613,0.9717741935483871,0.3789308176100629,0.8546983779452066,0.16981132075471697,0.5,11184,636,14.528208413000016,79667200,24500400,0,87744000,20417,591234048,50,bcc5a5242e845c86894a972174886c34f25960866ef0370ebb1567afb1b51a0f,38dddb66ba180cbfa02e1894b5607b4eae8781544dc44b46af03e901414e7a07
rtx,elliptic,current,louvain,20261004,42,0.5616862067373027,0.5800214822771214,0.034966107382002246,0.9152542372881356,0.42452830188679247,0.8566551410383917,0.17138364779874213,0.5047169811320755,11184,636,7.226773692000052,79667200,24500400,0,87744000,20417,591234048,50,bcc5a5242e845c86894a972174886c34f25960866ef0370ebb1567afb1b51a0f,72b59b45f34cd8d5e7b24de2bde665873fadae4f138a95a5080db0ccc6df75c8
rtx,elliptic,fedavg,louvain,20261004,42,0.5708437648085514,0.5711610486891385,0.0343519494767704,0.7060185185185185,0.47955974842767296,0.851791928124918,0.17295597484276728,0.5141509433962265,11184,636,4.927699968999946,0,24500400,0,0,20417,501372928,25,bcc5a5242e845c86894a972174886c34f25960866ef0370ebb1567afb1b51a0f,72b59b45f34cd8d5e7b24de2bde665873fadae4f138a95a5080db0ccc6df75c8
rtx,elliptic,fedgcn,louvain,20261004,42,0.25092166988380243,0.3008091385054736,0.050689955006185325,0.21569965870307167,0.4968553459119497,0.7753517612209415,0.08018867924528301,0.30974842767295596,11184,636,5.978383549,0,7375200,6222072,0,6146,729228288,50,bcc5a5242e845c86894a972174886c34f25960866ef0370ebb1567afb1b51a0f,e540029da8e7b72e5a9c386a27bc22a5b291642d119fa74f70d5892f656d8b8e
rtx,elliptic,fedmlp,louvain,20261004,42,0.6262365461924637,0.6687054026503568,0.028306536383480435,0.9507246376811594,0.5157232704402516,0.8337958789171036,0.17452830188679244,0.5786163522012578,11184,636,1.1986434149999923,0,12442800,0,0,10369,187520512,30,bcc5a5242e845c86894a972174886c34f25960866ef0370ebb1567afb1b51a0f,a90dfe0478197193d67cebdcdbaad4cdcc06c67fc69beb229e0180f96f920458
rtx,elliptic,fresh,louvain,20261004,42,0.5676166164826196,0.5884732052578362,0.03461521088322224,0.8243626062322946,0.45754716981132076,0.8543857907427681,0.17138364779874213,0.5141509433962265,11184,636,9.002834119,159334400,24500400,0,175488000,20417,591569920,35,bcc5a5242e845c86894a972174886c34f25960866ef0370ebb1567afb1b51a0f,72b59b45f34cd8d5e7b24de2bde665873fadae4f138a95a5080db0ccc6df75c8
rtx,elliptic,local,louvain,20261004,42,0.5332686345246863,0.5398406374501992,0.03911073201903716,0.7364130434782609,0.4261006289308176,0.847968362060947,0.1761006289308176,0.48427672955974843,11184,636,5.076568172000066,0,0,0,0,20417,501372928,20,bcc5a5242e845c86894a972174886c34f25960866ef0370ebb1567afb1b51a0f,72b59b45f34cd8d5e7b24de2bde665873fadae4f138a95a5080db0ccc6df75c8
rtx,elliptic,oracle,louvain,20261004,42,0.582727492735929,0.502724795640327,0.032939055546969076,0.44350961538461536,0.5801886792452831,0.8585097952933937,0.17138364779874213,0.5471698113207547,11184,636,4.189239508000014,390867200,24500400,0,175488000,20417,277264384,50,bcc5a5242e845c86894a972174886c34f25960866ef0370ebb1567afb1b51a0f,72b59b45f34cd8d5e7b24de2bde665873fadae4f138a95a5080db0ccc6df75c8
rtx,elliptic,shuffled,louvain,20261004,42,0.5687387889391754,0.5969849246231156,0.033972851490788665,0.8272980501392758,0.4669811320754717,0.8539488841665415,0.16981132075471697,0.5235849056603774,11184,636,14.528444868000065,79667200,24500400,0,87744000,20417,591234048,50,bcc5a5242e845c86894a972174886c34f25960866ef0370ebb1567afb1b51a0f,72b59b45f34cd8d5e7b24de2bde665873fadae4f138a95a5080db0ccc6df75c8
rtx,elliptic,current,louvain,20261004,456,0.5636637178693475,0.548770816812054,0.03437865054812671,0.5536,0.5440251572327044,0.8568770973304425,0.16981132075471697,0.5345911949685535,11184,636,7.243695667999987,79667200,24500400,0,87744000,20417,591234048,50,bcc5a5242e845c86894a972174886c34f25960866ef0370ebb1567afb1b51a0f,d258e8c146df19c3e61ced5b6c85c932db725bacce0f9adfe364ae6f90e21213
rtx,elliptic,fedavg,louvain,20261004,456,0.5714582522491195,0.5934718100890207,0.034318778897936775,0.8,0.4716981132075472,0.855273615910972,0.16981132075471697,0.5283018867924528,11184,636,4.932761970999991,0,24500400,0,0,20417,501372928,45,bcc5a5242e845c86894a972174886c34f25960866ef0370ebb1567afb1b51a0f,d258e8c146df19c3e61ced5b6c85c932db725bacce0f9adfe364ae6f90e21213
rtx,elliptic,fedgcn,louvain,20261004,456,0.2640335279384902,0.325,0.0507152978938688,0.4183168316831683,0.26572327044025157,0.7850643986281342,0.10534591194968554,0.32075471698113206,11184,636,5.9680236009999135,0,7375200,6222072,0,6146,729228288,35,bcc5a5242e845c86894a972174886c34f25960866ef0370ebb1567afb1b51a0f,dd43194f57569a9c44627f3a69bad34fce5ceb68d5f1c1fb018898d45334403a
rtx,elliptic,fedmlp,louvain,20261004,456,0.5982707404557128,0.679920477137177,0.028326661657266803,0.9243243243243243,0.5377358490566038,0.831142539764312,0.16823899371069181,0.5691823899371069,11184,636,1.194344706000038,0,12442800,0,0,10369,187520512,45,bcc5a5242e845c86894a972174886c34f25960866ef0370ebb1567afb1b51a0f,e3f512063d220e70cf31d0b6c991414144ec4017c051ff7ef22313a13776a234
rtx,elliptic,fresh,louvain,20261004,456,0.5669092301447112,0.5476003147128246,0.03435852714713353,0.5480314960629922,0.5471698113207547,0.8567089531414342,0.16823899371069181,0.5330188679245284,11184,636,9.005527319000066,159334400,24500400,0,175488000,20417,591569920,50,bcc5a5242e845c86894a972174886c34f25960866ef0370ebb1567afb1b51a0f,d258e8c146df19c3e61ced5b6c85c932db725bacce0f9adfe364ae6f90e21213
rtx,elliptic,local,louvain,20261004,456,0.5415195720462141,0.5436893203883495,0.038487281952250554,0.6197183098591549,0.48427672955974843,0.8407515776933479,0.17295597484276728,0.4937106918238994,11184,636,4.801375680999968,0,0,0,0,20417,501372928,10,bcc5a5242e845c86894a972174886c34f25960866ef0370ebb1567afb1b51a0f,d258e8c146df19c3e61ced5b6c85c932db725bacce0f9adfe364ae6f90e21213
rtx,elliptic,oracle,louvain,20261004,456,0.5746863872390592,0.5511811023622047,0.033785034427781545,0.5520504731861199,0.550314465408805,0.8580964408287481,0.16823899371069181,0.5424528301886793,11184,636,4.177695658999937,390867200,24500400,0,175488000,20417,277264384,50,bcc5a5242e845c86894a972174886c34f25960866ef0370ebb1567afb1b51a0f,d258e8c146df19c3e61ced5b6c85c932db725bacce0f9adfe364ae6f90e21213
rtx,elliptic,shuffled,louvain,20261004,456,0.5774305435942825,0.5561056105610561,0.034190254504592156,0.5850694444444444,0.529874213836478,0.8558415497408672,0.17138364779874213,0.529874213836478,11184,636,14.487560358999986,79667200,24500400,0,87744000,20417,591234048,40,bcc5a5242e845c86894a972174886c34f25960866ef0370ebb1567afb1b51a0f,d258e8c146df19c3e61ced5b6c85c932db725bacce0f9adfe364ae6f90e21213
rtx,elliptic,current,louvain,20261005,123,0.5552306606651547,0.546875,0.03495644308801742,0.9423076923076923,0.38522012578616355,0.8527223855963634,0.16981132075471697,0.5,11184,636,7.204385860000002,81331200,24500400,0,89676800,20417,599261184,35,179968208bf16eea364190790d66fe446bbab9c7ce90e10a185028cd0731df8f,38dddb66ba180cbfa02e1894b5607b4eae8781544dc44b46af03e901414e7a07
rtx,elliptic,fedavg,louvain,20261005,123,0.5404042783151846,0.5460674157303371,0.03520175875939622,0.9566929133858267,0.38207547169811323,0.8494897837498778,0.16981132075471697,0.48427672955974843,11184,636,4.929584721999959,0,24500400,0,0,20417,509358080,40,179968208bf16eea364190790d66fe446bbab9c7ce90e10a185028cd0731df8f,38dddb66ba180cbfa02e1894b5607b4eae8781544dc44b46af03e901414e7a07
rtx,elliptic,fedgcn,louvain,20261005,123,0.2617516916875907,0.31155778894472363,0.05042317186233512,0.43175487465181056,0.24371069182389937,0.7760389462487152,0.10220125786163523,0.31446540880503143,11184,636,5.954110938999975,0,7375200,6229512,0,6146,731803136,30,179968208bf16eea364190790d66fe446bbab9c7ce90e10a185028cd0731df8f,b9499d48a334a95c0690280625aa9f14766516bde5b881d9eb99a8c11e93888b
rtx,elliptic,fedmlp,louvain,20261005,123,0.6160149422777581,0.6780684104627767,0.028458464156637827,0.9413407821229051,0.529874213836478,0.8205724117123756,0.17452830188679244,0.5770440251572327,11184,636,1.182655686999965,0,12442800,0,0,10369,187524096,25,179968208bf16eea364190790d66fe446bbab9c7ce90e10a185028cd0731df8f,697663bcfc306f09f24b07dc60ac5ab0f02ff9069492a564ac3f7231b54e6e78
rtx,elliptic,fresh,louvain,20261005,123,0.559150297221178,0.5239179954441914,0.035359364119605656,0.9504132231404959,0.36163522012578614,0.8527407204680372,0.16981132075471697,0.4968553459119497,11184,636,8.980702429999951,162662400,24500400,0,179353600,20417,599597056,40,179968208bf16eea364190790d66fe446bbab9c7ce90e10a185028cd0731df8f,38dddb66ba180cbfa02e1894b5607b4eae8781544dc44b46af03e901414e7a07
rtx,elliptic,local,louvain,20261005,123,0.520466154348935,0.5310853530031612,0.03931247158245189,0.805111821086262,0.39622641509433965,0.8124189091854426,0.17138364779874213,0.4779874213836478,11184,636,4.793783309000105,0,0,0,0,20417,509358080,45,179968208bf16eea364190790d66fe446bbab9c7ce90e10a185028cd0731df8f,38dddb66ba180cbfa02e1894b5607b4eae8781544dc44b46af03e901414e7a07
rtx,elliptic,oracle,louvain,20261005,123,0.5392195415725028,0.48413631022326675,0.035384499387924456,0.958139534883721,0.3238993710691824,0.8535692181652965,0.16666666666666666,0.4921383647798742,11184,636,4.154674956000008,399031200,24500400,0,179353600,20417,278097408,45,179968208bf16eea364190790d66fe446bbab9c7ce90e10a185028cd0731df8f,38dddb66ba180cbfa02e1894b5607b4eae8781544dc44b46af03e901414e7a07
rtx,elliptic,shuffled,louvain,20261005,123,0.5561635125346954,0.4988399071925754,0.03532580233025921,0.9513274336283186,0.3380503144654088,0.8569180899297133,0.16823899371069181,0.5015723270440252,11184,636,14.29094648299997,81331200,24500400,0,89676800,20417,599261184,40,179968208bf16eea364190790d66fe446bbab9c7ce90e10a185028cd0731df8f,38dddb66ba180cbfa02e1894b5607b4eae8781544dc44b46af03e901414e7a07
rtx,elliptic,current,louvain,20261005,42,0.5640993184987544,0.49825378346915017,0.03412015025668911,0.9596412556053812,0.33647798742138363,0.8579821087427824,0.16981132075471697,0.5204402515723271,11184,636,7.221599347000051,81331200,24500400,0,89676800,20417,599261184,35,179968208bf16eea364190790d66fe446bbab9c7ce90e10a185028cd0731df8f,72b59b45f34cd8d5e7b24de2bde665873fadae4f138a95a5080db0ccc6df75c8
rtx,elliptic,fedavg,louvain,20261005,42,0.5484208251519535,0.48786127167630056,0.036366084877963556,0.9213973799126638,0.33176100628930816,0.848034844603764,0.17295597484276728,0.49528301886792453,11184,636,4.914289424000003,0,24500400,0,0,20417,509358080,20,179968208bf16eea364190790d66fe446bbab9c7ce90e10a185028cd0731df8f,72b59b45f34cd8d5e7b24de2bde665873fadae4f138a95a5080db0ccc6df75c8
rtx,elliptic,fedgcn,louvain,20261005,42,0.2436570458413271,0.32063492063492066,0.05104277002343925,0.32371794871794873,0.31761006289308175,0.7757857610492197,0.07232704402515723,0.3081761006289308,11184,636,5.982267473999968,0,7375200,6229512,0,6146,731803136,45,179968208bf16eea364190790d66fe446bbab9c7ce90e10a185028cd0731df8f,e540029da8e7b72e5a9c386a27bc22a5b291642d119fa74f70d5892f656d8b8e
rtx,elliptic,fedmlp,louvain,20261005,42,0.6203644213441358,0.6733266733266733,0.0287175393207092,0.9232876712328767,0.529874213836478,0.8284002094051034,0.17452830188679244,0.5723270440251572,11184,636,1.1907587599999943,0,12442800,0,0,10369,187524096,35,179968208bf16eea364190790d66fe446bbab9c7ce90e10a185028cd0731df8f,a90dfe0478197193d67cebdcdbaad4cdcc06c67fc69beb229e0180f96f920458
rtx,elliptic,fresh,louvain,20261005,42,0.5540331589386724,0.5138248847926268,0.034909052993759494,0.9612068965517241,0.35062893081761004,0.8556681883119515,0.16981132075471697,0.5125786163522013,11184,636,9.007946801999992,162662400,24500400,0,179353600,20417,599597056,45,179968208bf16eea364190790d66fe446bbab9c7ce90e10a185028cd0731df8f,72b59b45f34cd8d5e7b24de2bde665873fadae4f138a95a5080db0ccc6df75c8
rtx,elliptic,local,louvain,20261005,42,0.5195177772489478,0.5250544662309368,0.038571921193424556,0.8546099290780141,0.3789308176100629,0.8134730897746868,0.16981132075471697,0.4811320754716981,11184,636,4.960179449999941,0,0,0,0,20417,509358080,25,179968208bf16eea364190790d66fe446bbab9c7ce90e10a185028cd0731df8f,72b59b45f34cd8d5e7b24de2bde665873fadae4f138a95a5080db0ccc6df75c8
rtx,elliptic,oracle,louvain,20261005,42,0.5378565671025106,0.5091324200913242,0.03482885002382635,0.9291666666666667,0.35062893081761004,0.8555572846979249,0.16352201257861634,0.5015723270440252,11184,636,4.20530308299999,399031200,24500400,0,179353600,20417,278097408,50,179968208bf16eea364190790d66fe446bbab9c7ce90e10a185028cd0731df8f,72b59b45f34cd8d5e7b24de2bde665873fadae4f138a95a5080db0ccc6df75c8
rtx,elliptic,shuffled,louvain,20261005,42,0.5539366875146187,0.4655581947743468,0.03415057067415859,0.9514563106796117,0.3081761006289308,0.8601782686157082,0.16823899371069181,0.5062893081761006,11184,636,14.590042694999966,81331200,24500400,0,89676800,20417,599261184,50,179968208bf16eea364190790d66fe446bbab9c7ce90e10a185028cd0731df8f,72b59b45f34cd8d5e7b24de2bde665873fadae4f138a95a5080db0ccc6df75c8
rtx,elliptic,current,louvain,20261005,456,0.5446416262014604,0.5935613682092555,0.03483314268302989,0.8240223463687151,0.4638364779874214,0.8527972157230318,0.16666666666666666,0.5141509433962265,11184,636,7.2162564210000255,81331200,24500400,0,89676800,20417,599261184,50,179968208bf16eea364190790d66fe446bbab9c7ce90e10a185028cd0731df8f,d258e8c146df19c3e61ced5b6c85c932db725bacce0f9adfe364ae6f90e21213
rtx,elliptic,fedavg,louvain,20261005,456,0.5466178635177382,0.5975359342915811,0.0346665127010337,0.8609467455621301,0.45754716981132076,0.8570197515759046,0.16666666666666666,0.5094339622641509,11184,636,4.913568895000026,0,24500400,0,0,20417,509358080,50,179968208bf16eea364190790d66fe446bbab9c7ce90e10a185028cd0731df8f,d258e8c146df19c3e61ced5b6c85c932db725bacce0f9adfe364ae6f90e21213
rtx,elliptic,fedgcn,louvain,20261005,456,0.27228585537626915,0.3133402275077559,0.050276837039068004,0.23343605546995377,0.47641509433962265,0.7824858150700125,0.10062893081761007,0.3333333333333333,11184,636,5.9504973819999805,0,7375200,6229512,0,6146,731803136,50,179968208bf16eea364190790d66fe446bbab9c7ce90e10a185028cd0731df8f,dd43194f57569a9c44627f3a69bad34fce5ceb68d5f1c1fb018898d45334403a
rtx,elliptic,fedmlp,louvain,20261005,456,0.6128861339684072,0.6659939455095862,0.028601587333058016,0.9295774647887324,0.5188679245283019,0.826992747142145,0.17295597484276728,0.5723270440251572,11184,636,1.1810509079999747,0,12442800,0,0,10369,187524096,30,179968208bf16eea364190790d66fe446bbab9c7ce90e10a185028cd0731df8f,e3f512063d220e70cf31d0b6c991414144ec4017c051ff7ef22313a13776a234
rtx,elliptic,fresh,louvain,20261005,456,0.5573598878411694,0.5261958997722096,0.03505045584921683,0.9545454545454546,0.3632075471698113,0.85578967546979,0.16981132075471697,0.5094339622641509,11184,636,8.973720765000053,162662400,24500400,0,179353600,20417,599597056,40,179968208bf16eea364190790d66fe446bbab9c7ce90e10a185028cd0731df8f,d258e8c146df19c3e61ced5b6c85c932db725bacce0f9adfe364ae6f90e21213
rtx,elliptic,local,louvain,20261005,456,0.539800810252911,0.5605095541401274,0.03837576263053976,0.8627450980392157,0.41509433962264153,0.8201071084446545,0.17295597484276728,0.4937106918238994,11184,636,4.783101165000062,0,0,0,0,20417,509358080,40,179968208bf16eea364190790d66fe446bbab9c7ce90e10a185028cd0731df8f,d258e8c146df19c3e61ced5b6c85c932db725bacce0f9adfe364ae6f90e21213
rtx,elliptic,oracle,louvain,20261005,456,0.5573129177443474,0.5872093023255814,0.034802154267989625,0.7651515151515151,0.47641509433962265,0.8581574825356622,0.16981132075471697,0.5188679245283019,11184,636,4.160535125000024,399031200,24500400,0,179353600,20417,278097408,40,179968208bf16eea364190790d66fe446bbab9c7ce90e10a185028cd0731df8f,d258e8c146df19c3e61ced5b6c85c932db725bacce0f9adfe364ae6f90e21213
rtx,elliptic,shuffled,louvain,20261005,456,0.5630571165840731,0.5055106539309331,0.03420645915138472,0.47448275862068967,0.5408805031446541,0.8598226019180363,0.16981132075471697,0.5220125786163522,11184,636,14.198797145999947,81331200,24500400,0,89676800,20417,599261184,50,179968208bf16eea364190790d66fe446bbab9c7ce90e10a185028cd0731df8f,d258e8c146df19c3e61ced5b6c85c932db725bacce0f9adfe364ae6f90e21213
rtx,elliptic,centralized,random,20261003,123,0.5595638193911826,0.6314831665150137,0.03234687688109338,0.7494600431965442,0.5455974842767296,0.8632637442968114,0.15723270440251572,0.5581761006289309,11184,636,4.278969657999994,0,0,0,0,20417,1291061248,45,0fe35ace768179363d3da19703e432cea7989d630e29bc85b81c0fbee42064cd,38dddb66ba180cbfa02e1894b5607b4eae8781544dc44b46af03e901414e7a07
rtx,elliptic,current,random,20261003,123,0.6044621380173297,0.6391752577319587,0.030892835592861143,0.9281437125748503,0.48742138364779874,0.8621126721092913,0.16823899371069181,0.5550314465408805,11184,636,4.507446193000007,1153395200,24500400,0,1339852800,20417,382520320,40,0fe35ace768179363d3da19703e432cea7989d630e29bc85b81c0fbee42064cd,38dddb66ba180cbfa02e1894b5607b4eae8781544dc44b46af03e901414e7a07
rtx,elliptic,fedavg,random,20261003,123,0.581545473901947,0.6377708978328174,0.03079475574379716,0.9279279279279279,0.4858490566037736,0.8428354178442723,0.16666666666666666,0.5487421383647799,11184,636,3.0407568839999897,0,24500400,0,0,20417,267057664,50,0fe35ace768179363d3da19703e432cea7989d630e29bc85b81c0fbee42064cd,38dddb66ba180cbfa02e1894b5607b4eae8781544dc44b46af03e901414e7a07
rtx,elliptic,fedgcn,random,20261003,123,0.2514386451974362,0.2934443288241415,0.0507393711365127,0.4338461538461538,0.22169811320754718,0.773748428865468,0.10062893081761007,0.3081761006289308,11184,636,8.948439534999991,0,7375200,49143060,0,6146,1166184448,40,0fe35ace768179363d3da19703e432cea7989d630e29bc85b81c0fbee42064cd,b9499d48a334a95c0690280625aa9f14766516bde5b881d9eb99a8c11e93888b
rtx,elliptic,fedmlp,random,20261003,123,0.5987264933697771,0.4556354916067146,0.028820041939808434,0.9595959595959596,0.29874213836477986,0.8376092340972565,0.16666666666666666,0.5817610062893082,11184,636,1.1263622320000053,0,12442800,0,0,10369,187521536,50,0fe35ace768179363d3da19703e432cea7989d630e29bc85b81c0fbee42064cd,697663bcfc306f09f24b07dc60ac5ab0f02ff9069492a564ac3f7231b54e6e78
rtx,elliptic,fresh,random,20261003,123,0.5872874228107703,0.6369294605809128,0.030430788360978043,0.9359756097560976,0.4827044025157233,0.8632546513929731,0.16823899371069181,0.5487421383647799,11184,636,5.4251772829999965,2306790400,24500400,0,2679705600,20417,383051264,50,0fe35ace768179363d3da19703e432cea7989d630e29bc85b81c0fbee42064cd,38dddb66ba180cbfa02e1894b5607b4eae8781544dc44b46af03e901414e7a07
rtx,elliptic,local,random,20261003,123,0.5520723232828902,0.5653333333333334,0.034774814656119445,0.6503067484662577,0.5,0.832009048780895,0.16666666666666666,0.5125786163522013,11184,636,2.9246059270000018,0,0,0,0,20417,267057664,30,0fe35ace768179363d3da19703e432cea7989d630e29bc85b81c0fbee42064cd,38dddb66ba180cbfa02e1894b5607b4eae8781544dc44b46af03e901414e7a07
rtx,elliptic,mlp,random,20261003,123,0.5739419603852208,0.6374745417515275,0.0320824724280573,0.9046242774566474,0.4921383647798742,0.8477906032441096,0.16037735849056603,0.5613207547169812,11184,636,0.7548617439999958,0,0,0,0,10369,303966720,35,0fe35ace768179363d3da19703e432cea7989d630e29bc85b81c0fbee42064cd,697663bcfc306f09f24b07dc60ac5ab0f02ff9069492a564ac3f7231b54e6e78
rtx,elliptic,oracle,random,20261003,123,0.5968822317278976,0.6065116279069768,0.03405836808118529,0.7425968109339408,0.5125786163522013,0.856165465807104,0.17452830188679244,0.5440251572327044,11184,636,4.0256925450000125,5658845200,24500400,0,2679705600,20417,355106816,50,0fe35ace768179363d3da19703e432cea7989d630e29bc85b81c0fbee42064cd,38dddb66ba180cbfa02e1894b5607b4eae8781544dc44b46af03e901414e7a07
rtx,elliptic,shuffled,random,20261003,123,0.5840593700745536,0.6400817995910021,0.031559969810699966,0.9152046783625731,0.4921383647798742,0.8483726981537529,0.16981132075471697,0.5534591194968553,11184,636,11.655865453999994,1153395200,24500400,0,1339852800,20417,382715392,45,0fe35ace768179363d3da19703e432cea7989d630e29bc85b81c0fbee42064cd,38dddb66ba180cbfa02e1894b5607b4eae8781544dc44b46af03e901414e7a07
rtx,elliptic,centralized,random,20261003,42,0.5622802941811231,0.6389658356417359,0.03207435208190503,0.7740492170022372,0.5440251572327044,0.8656250670787988,0.15566037735849056,0.5581761006289309,11184,636,4.2630547440000015,0,0,0,0,20417,1291061248,50,0fe35ace768179363d3da19703e432cea7989d630e29bc85b81c0fbee42064cd,72b59b45f34cd8d5e7b24de2bde665873fadae4f138a95a5080db0ccc6df75c8
rtx,elliptic,current,random,20261003,42,0.586107449599972,0.6366427840327533,0.03189055104317185,0.9120234604105572,0.4889937106918239,0.8644262944121273,0.16666666666666666,0.5566037735849056,11184,636,4.706264015999999,1153395200,24500400,0,1339852800,20417,382684672,50,0fe35ace768179363d3da19703e432cea7989d630e29bc85b81c0fbee42064cd,72b59b45f34cd8d5e7b24de2bde665873fadae4f138a95a5080db0ccc6df75c8
rtx,elliptic,fedavg,random,20261003,42,0.5765096600062529,0.4628099173553719,0.0322871500117404,0.9289099526066351,0.3081761006289308,0.8510167953387092,0.1619496855345912,0.5471698113207547,11184,636,3.050486135,0,24500400,0,0,20417,267057664,45,0fe35ace768179363d3da19703e432cea7989d630e29bc85b81c0fbee42064cd,72b59b45f34cd8d5e7b24de2bde665873fadae4f138a95a5080db0ccc6df75c8
rtx,elliptic,fedgcn,random,20261003,42,0.2554187536391056,0.3284313725490196,0.05087373005315416,0.34183673469387754,0.3160377358490566,0.7783018867924527,0.10062893081761007,0.3128930817610063,11184,636,8.969865704999997,0,7375200,49143060,0,6146,1166184448,35,0fe35ace768179363d3da19703e432cea7989d630e29bc85b81c0fbee42064cd,e540029da8e7b72e5a9c386a27bc22a5b291642d119fa74f70d5892f656d8b8e
rtx,elliptic,fedmlp,random,20261003,42,0.6031436798749049,0.6779324055666004,0.028740269794937195,0.9216216216216216,0.5361635220125787,0.8395937230939485,0.16823899371069181,0.5754716981132075,11184,636,1.1276900860000012,0,12442800,0,0,10369,187521536,45,0fe35ace768179363d3da19703e432cea7989d630e29bc85b81c0fbee42064cd,a90dfe0478197193d67cebdcdbaad4cdcc06c67fc69beb229e0180f96f920458
rtx,elliptic,fresh,random,20261003,42,0.5875244707787471,0.6450980392156863,0.031105357992238528,0.8567708333333334,0.5172955974842768,0.8645702902335655,0.16666666666666666,0.5613207547169812,11184,636,5.429720050999997,2306790400,24500400,0,2679705600,20417,383020544,50,0fe35ace768179363d3da19703e432cea7989d630e29bc85b81c0fbee42064cd,72b59b45f34cd8d5e7b24de2bde665873fadae4f138a95a5080db0ccc6df75c8
rtx,elliptic,local,random,20261003,42,0.5595904582031109,0.5950920245398773,0.03432525662156097,0.8508771929824561,0.45754716981132076,0.8442023346999519,0.16037735849056603,0.539308176100629,11184,636,3.4461796100000015,0,0,0,0,20417,267057664,50,0fe35ace768179363d3da19703e432cea7989d630e29bc85b81c0fbee42064cd,72b59b45f34cd8d5e7b24de2bde665873fadae4f138a95a5080db0ccc6df75c8
rtx,elliptic,mlp,random,20261003,42,0.5574356997068889,0.6452905811623246,0.03034183069460737,0.8895027624309392,0.5062893081761006,0.8352098999959454,0.1540880503144654,0.559748427672956,11184,636,0.7478018179999992,0,0,0,0,10369,303966720,30,0fe35ace768179363d3da19703e432cea7989d630e29bc85b81c0fbee42064cd,a90dfe0478197193d67cebdcdbaad4cdcc06c67fc69beb229e0180f96f920458
rtx,elliptic,oracle,random,20261003,42,0.5792970582797415,0.572642310960068,0.03418978789651637,0.6229205175600739,0.529874213836478,0.8537843175134694,0.17138364779874213,0.529874213836478,11184,636,3.939773840000001,5658845200,24500400,0,2679705600,20417,355136000,30,0fe35ace768179363d3da19703e432cea7989d630e29bc85b81c0fbee42064cd,72b59b45f34cd8d5e7b24de2bde665873fadae4f138a95a5080db0ccc6df75c8
rtx,elliptic,shuffled,random,20261003,42,0.5773624797946615,0.6036131774707758,0.03251710426270521,0.9311475409836065,0.44654088050314467,0.8572077212765602,0.16666666666666666,0.5534591194968553,11184,636,11.650354961000001,1153395200,24500400,0,1339852800,20417,382744576,45,0fe35ace768179363d3da19703e432cea7989d630e29bc85b81c0fbee42064cd,72b59b45f34cd8d5e7b24de2bde665873fadae4f138a95a5080db0ccc6df75c8
rtx,elliptic,centralized,random,20261003,456,0.5486744417377445,0.5562700964630225,0.03591531889428833,0.569078947368421,0.5440251572327044,0.8664371677363498,0.1619496855345912,0.5424528301886793,11184,636,4.279373751999998,0,0,0,0,20417,1291061248,50,0fe35ace768179363d3da19703e432cea7989d630e29bc85b81c0fbee42064cd,d258e8c146df19c3e61ced5b6c85c932db725bacce0f9adfe364ae6f90e21213
rtx,elliptic,current,random,20261003,456,0.6078694344974718,0.6442953020134228,0.029834676891386306,0.8255528255528255,0.5283018867924528,0.8669191661717741,0.16823899371069181,0.5691823899371069,11184,636,4.520004284000009,1153395200,24500400,0,1339852800,20417,382520320,50,0fe35ace768179363d3da19703e432cea7989d630e29bc85b81c0fbee42064cd,d258e8c146df19c3e61ced5b6c85c932db725bacce0f9adfe364ae6f90e21213
rtx,elliptic,fedavg,random,20261003,456,0.5649775931044284,0.6252587991718427,0.0319431638279517,0.9151515151515152,0.4748427672955975,0.847192111294758,0.15880503144654087,0.550314465408805,11184,636,3.0447238,0,24500400,0,0,20417,267057664,50,0fe35ace768179363d3da19703e432cea7989d630e29bc85b81c0fbee42064cd,d258e8c146df19c3e61ced5b6c85c932db725bacce0f9adfe364ae6f90e21213
rtx,elliptic,fedgcn,random,20261003,456,0.26914164330154444,0.3311178247734139,0.05056022638344707,0.2688910696761531,0.4308176100628931,0.7823767002239538,0.10534591194968554,0.3333333333333333,11184,636,8.95815026699998,0,7375200,49143060,0,6146,1166184448,45,0fe35ace768179363d3da19703e432cea7989d630e29bc85b81c0fbee42064cd,dd43194f57569a9c44627f3a69bad34fce5ceb68d5f1c1fb018898d45334403a
rtx,elliptic,fedmlp,random,20261003,456,0.6164767930145187,0.6806387225548902,0.028236895550926695,0.9316939890710383,0.5361635220125787,0.8322574639324751,0.16981132075471697,0.5738993710691824,11184,636,1.1396946099999923,0,12442800,0,0,10369,187521536,35,0fe35ace768179363d3da19703e432cea7989d630e29bc85b81c0fbee42064cd,e3f512063d220e70cf31d0b6c991414144ec4017c051ff7ef22313a13776a234
rtx,elliptic,fresh,random,20261003,456,0.5947354747601458,0.6295149638802889,0.030438155483699984,0.9159159159159159,0.47955974842767296,0.8646533188800882,0.16823899371069181,0.5644654088050315,11184,636,5.430078809999998,2306790400,24500400,0,2679705600,20417,383051264,50,0fe35ace768179363d3da19703e432cea7989d630e29bc85b81c0fbee42064cd,d258e8c146df19c3e61ced5b6c85c932db725bacce0f9adfe364ae6f90e21213
rtx,elliptic,local,random,20261003,456,0.5379012041747575,0.5393494228751312,0.03551423758493609,0.8107255520504731,0.40408805031446543,0.8344855980328322,0.1650943396226415,0.5172955974842768,11184,636,2.9378409560000023,0,0,0,0,20417,267057664,40,0fe35ace768179363d3da19703e432cea7989d630e29bc85b81c0fbee42064cd,d258e8c146df19c3e61ced5b6c85c932db725bacce0f9adfe364ae6f90e21213
rtx,elliptic,mlp,random,20261003,456,0.5919222532742984,0.655705996131528,0.031279537060091116,0.8517587939698492,0.5330188679245284,0.8466952809915976,0.16666666666666666,0.5566037735849056,11184,636,0.7534657089999826,0,0,0,0,10369,303966720,30,0fe35ace768179363d3da19703e432cea7989d630e29bc85b81c0fbee42064cd,e3f512063d220e70cf31d0b6c991414144ec4017c051ff7ef22313a13776a234
rtx,elliptic,oracle,random,20261003,456,0.5914566586605752,0.5998142989786444,0.03353605570939459,0.7324263038548753,0.5078616352201258,0.8609428178581053,0.17138364779874213,0.5518867924528302,11184,636,3.9769135689999757,5658845200,24500400,0,2679705600,20417,355106816,40,0fe35ace768179363d3da19703e432cea7989d630e29bc85b81c0fbee42064cd,d258e8c146df19c3e61ced5b6c85c932db725bacce0f9adfe364ae6f90e21213
rtx,elliptic,shuffled,random,20261003,456,0.5801760588787215,0.6247422680412371,0.0314493409997901,0.907185628742515,0.47641509433962265,0.8580335358218674,0.1650943396226415,0.5534591194968553,11184,636,11.62410779199999,1153395200,24500400,0,1339852800,20417,382715392,45,0fe35ace768179363d3da19703e432cea7989d630e29bc85b81c0fbee42064cd,d258e8c146df19c3e61ced5b6c85c932db725bacce0f9adfe364ae6f90e21213
rtx,elliptic,current,random,20261004,123,0.6079122240169001,0.6480908152734778,0.030722814912812577,0.9429429429429429,0.4937106918238994,0.8535066858184089,0.17138364779874213,0.5581761006289309,11184,636,4.527623008000006,1149158400,24500400,0,1335027200,20417,386877440,50,0b9008df6ba57ee5b77ad5b1a9a617ff33b5d3e5fd194e289d7def6ff20bab4f,38dddb66ba180cbfa02e1894b5607b4eae8781544dc44b46af03e901414e7a07
rtx,elliptic,fedavg,random,20261004,123,0.5887197010394383,0.6267087276550999,0.03066998555600474,0.946031746031746,0.46855345911949686,0.8406808468266065,0.16823899371069181,0.5518867924528302,11184,636,3.054091029999995,0,24500400,0,0,20417,271404032,50,0b9008df6ba57ee5b77ad5b1a9a617ff33b5d3e5fd194e289d7def6ff20bab4f,38dddb66ba180cbfa02e1894b5607b4eae8781544dc44b46af03e901414e7a07
rtx,elliptic,fedgcn,random,20261004,123,0.25600355578058964,0.3280701754385965,0.05072334172703813,0.37103174603174605,0.2940251572327044,0.7762892247002622,0.09748427672955975,0.31761006289308175,11184,636,8.956996642000007,0,7375200,49002444,0,6146,1167958528,35,0b9008df6ba57ee5b77ad5b1a9a617ff33b5d3e5fd194e289d7def6ff20bab4f,b9499d48a334a95c0690280625aa9f14766516bde5b881d9eb99a8c11e93888b
rtx,elliptic,fedmlp,random,20261004,123,0.6272002984426416,0.6780684104627767,0.02807013469952924,0.9413407821229051,0.529874213836478,0.8258679102181581,0.17452830188679244,0.5801886792452831,11184,636,1.137415878000013,0,12442800,0,0,10369,183899648,25,0b9008df6ba57ee5b77ad5b1a9a617ff33b5d3e5fd194e289d7def6ff20bab4f,697663bcfc306f09f24b07dc60ac5ab0f02ff9069492a564ac3f7231b54e6e78
rtx,elliptic,fresh,random,20261004,123,0.5921656949496554,0.6148936170212767,0.03163991725447269,0.9506578947368421,0.45440251572327045,0.8510246957305687,0.16823899371069181,0.5455974842767296,11184,636,5.4517942989999995,2298316800,24500400,0,2670054400,20417,387314176,30,0b9008df6ba57ee5b77ad5b1a9a617ff33b5d3e5fd194e289d7def6ff20bab4f,38dddb66ba180cbfa02e1894b5607b4eae8781544dc44b46af03e901414e7a07
rtx,elliptic,local,random,20261004,123,0.5522656845862065,0.6238716148445336,0.03359488866200506,0.8614958448753463,0.4889937106918239,0.8302047781569966,0.1619496855345912,0.5345911949685535,11184,636,2.9532695649999994,0,0,0,0,20417,271404032,30,0b9008df6ba57ee5b77ad5b1a9a617ff33b5d3e5fd194e289d7def6ff20bab4f,38dddb66ba180cbfa02e1894b5607b4eae8781544dc44b46af03e901414e7a07
rtx,elliptic,oracle,random,20261004,123,0.5543076297139253,0.5773874862788145,0.03528570822723977,0.9563636363636364,0.41352201257861637,0.8535783856011334,0.16981132075471697,0.5015723270440252,11184,636,3.9642955739999763,5638058400,24500400,0,2670054400,20417,354366464,45,0b9008df6ba57ee5b77ad5b1a9a617ff33b5d3e5fd194e289d7def6ff20bab4f,38dddb66ba180cbfa02e1894b5607b4eae8781544dc44b46af03e901414e7a07
rtx,elliptic,shuffled,random,20261004,123,0.5945439370739162,0.6405767250257467,0.02994560362227408,0.9283582089552239,0.4889937106918239,0.8533260947856222,0.16981132075471697,0.5613207547169812,11184,636,11.652720893999998,1149158400,24500400,0,1335027200,20417,386978304,45,0b9008df6ba57ee5b77ad5b1a9a617ff33b5d3e5fd194e289d7def6ff20bab4f,38dddb66ba180cbfa02e1894b5607b4eae8781544dc44b46af03e901414e7a07
rtx,elliptic,current,random,20261004,42,0.5952349916204267,0.6191489361702127,0.031018573181921083,0.9572368421052632,0.45754716981132076,0.8583739979918098,0.16981132075471697,0.5566037735849056,11184,636,4.532543990999983,1149158400,24500400,0,1335027200,20417,386877440,50,0b9008df6ba57ee5b77ad5b1a9a617ff33b5d3e5fd194e289d7def6ff20bab4f,72b59b45f34cd8d5e7b24de2bde665873fadae4f138a95a5080db0ccc6df75c8
rtx,elliptic,fedavg,random,20261004,42,0.5782772002503959,0.44038929440389296,0.03208577044548841,0.9731182795698925,0.28459119496855345,0.8398598768612131,0.16823899371069181,0.5581761006289309,11184,636,3.066316784999998,0,24500400,0,0,20417,271404032,50,0b9008df6ba57ee5b77ad5b1a9a617ff33b5d3e5fd194e289d7def6ff20bab4f,72b59b45f34cd8d5e7b24de2bde665873fadae4f138a95a5080db0ccc6df75c8
rtx,elliptic,fedgcn,random,20261004,42,0.23989049896308237,0.3281378178835111,0.05151502444856384,0.34305317324185247,0.31446540880503143,0.7730150339985165,0.08176100628930817,0.30974842767295596,11184,636,8.947172397999992,0,7375200,49002444,0,6146,1167958528,40,0b9008df6ba57ee5b77ad5b1a9a617ff33b5d3e5fd194e289d7def6ff20bab4f,e540029da8e7b72e5a9c386a27bc22a5b291642d119fa74f70d5892f656d8b8e
rtx,elliptic,fedmlp,random,20261004,42,0.6280849674865825,0.6733466933867736,0.028257053515175667,0.9281767955801105,0.5283018867924528,0.8322107323693066,0.17452830188679244,0.5723270440251572,11184,636,1.1274919379999915,0,12442800,0,0,10369,183899648,30,0b9008df6ba57ee5b77ad5b1a9a617ff33b5d3e5fd194e289d7def6ff20bab4f,a90dfe0478197193d67cebdcdbaad4cdcc06c67fc69beb229e0180f96f920458
rtx,elliptic,fresh,random,20261004,42,0.5994929279443033,0.654434250764526,0.03044477175672797,0.9304347826086956,0.5047169811320755,0.8604440497229794,0.16981132075471697,0.5628930817610063,11184,636,5.4524940960000094,2298316800,24500400,0,2670054400,20417,387314176,50,0b9008df6ba57ee5b77ad5b1a9a617ff33b5d3e5fd194e289d7def6ff20bab4f,72b59b45f34cd8d5e7b24de2bde665873fadae4f138a95a5080db0ccc6df75c8
rtx,elliptic,local,random,20261004,42,0.536431966456888,0.5066666666666667,0.03505389177957662,0.8636363636363636,0.3584905660377358,0.8324790475645327,0.15723270440251572,0.5345911949685535,11184,636,2.9408769020000136,0,0,0,0,20417,271404032,35,0b9008df6ba57ee5b77ad5b1a9a617ff33b5d3e5fd194e289d7def6ff20bab4f,72b59b45f34cd8d5e7b24de2bde665873fadae4f138a95a5080db0ccc6df75c8
rtx,elliptic,oracle,random,20261004,42,0.5663224901855715,0.5017421602787456,0.034432540112417934,0.96,0.33962264150943394,0.8620013213032724,0.16981132075471697,0.5330188679245284,11184,636,3.9602547090000257,5638058400,24500400,0,2670054400,20417,354366464,50,0b9008df6ba57ee5b77ad5b1a9a617ff33b5d3e5fd194e289d7def6ff20bab4f,72b59b45f34cd8d5e7b24de2bde665873fadae4f138a95a5080db0ccc6df75c8
rtx,elliptic,shuffled,random,20261004,42,0.5945780838003871,0.6405767250257467,0.03115033834539529,0.9283582089552239,0.4889937106918239,0.8547165637528829,0.16981132075471697,0.5628930817610063,11184,636,11.628352937999978,1149158400,24500400,0,1335027200,20417,386978304,45,0b9008df6ba57ee5b77ad5b1a9a617ff33b5d3e5fd194e289d7def6ff20bab4f,72b59b45f34cd8d5e7b24de2bde665873fadae4f138a95a5080db0ccc6df75c8
rtx,elliptic,current,random,20261004,456,0.5918344387849572,0.6326742976066597,0.030947856476093705,0.9353846153846154,0.4779874213836478,0.8581340049560797,0.16981132075471697,0.5581761006289309,11184,636,4.541652051999989,1149158400,24500400,0,1335027200,20417,386877440,50,0b9008df6ba57ee5b77ad5b1a9a617ff33b5d3e5fd194e289d7def6ff20bab4f,d258e8c146df19c3e61ced5b6c85c932db725bacce0f9adfe364ae6f90e21213
rtx,elliptic,fedavg,random,20261004,456,0.5422834004318197,0.42685851318944845,0.03437683144707933,0.898989898989899,0.279874213836478,0.8395934249659538,0.1509433962264151,0.5487421383647799,11184,636,3.0610257559999923,0,24500400,0,0,20417,271404032,50,0b9008df6ba57ee5b77ad5b1a9a617ff33b5d3e5fd194e289d7def6ff20bab4f,d258e8c146df19c3e61ced5b6c85c932db725bacce0f9adfe364ae6f90e21213
rtx,elliptic,fedgcn,random,20261004,456,0.2609861872893896,0.32406519654841803,0.05086889106848052,0.4152334152334152,0.26572327044025157,0.7843093894815673,0.10062893081761007,0.31761006289308175,11184,636,8.955275137000001,0,7375200,49002444,0,6146,1167958528,35,0b9008df6ba57ee5b77ad5b1a9a617ff33b5d3e5fd194e289d7def6ff20bab4f,dd43194f57569a9c44627f3a69bad34fce5ceb68d5f1c1fb018898d45334403a
rtx,elliptic,fedmlp,random,20261004,456,0.6014816311433204,0.6700404858299596,0.028598077484471456,0.9403409090909091,0.5204402515723271,0.8288978595602492,0.16666666666666666,0.5801886792452831,11184,636,1.1373165859999972,0,12442800,0,0,10369,183899648,30,0b9008df6ba57ee5b77ad5b1a9a617ff33b5d3e5fd194e289d7def6ff20bab4f,e3f512063d220e70cf31d0b6c991414144ec4017c051ff7ef22313a13776a234
rtx,elliptic,fresh,random,20261004,456,0.5991134270403228,0.6351209253417456,0.030268978067208976,0.9587301587301588,0.4748427672955975,0.8612633799844019,0.16981132075471697,0.5581761006289309,11184,636,5.463150378000023,2298316800,24500400,0,2670054400,20417,387314176,50,0b9008df6ba57ee5b77ad5b1a9a617ff33b5d3e5fd194e289d7def6ff20bab4f,d258e8c146df19c3e61ced5b6c85c932db725bacce0f9adfe364ae6f90e21213
rtx,elliptic,local,random,20261004,456,0.5431359692056329,0.5361050328227571,0.03425313632366173,0.8812949640287769,0.38522012578616355,0.8372057178564358,0.15566037735849056,0.5361635220125787,11184,636,2.9539869959999976,0,0,0,0,20417,271404032,35,0b9008df6ba57ee5b77ad5b1a9a617ff33b5d3e5fd194e289d7def6ff20bab4f,d258e8c146df19c3e61ced5b6c85c932db725bacce0f9adfe364ae6f90e21213
rtx,elliptic,oracle,random,20261004,456,0.5744409894087695,0.5804651162790697,0.03418663597001782,0.7107061503416856,0.49056603773584906,0.8593334484107393,0.16981132075471697,0.5283018867924528,11184,636,3.9753102079999962,5638058400,24500400,0,2670054400,20417,354366464,45,0b9008df6ba57ee5b77ad5b1a9a617ff33b5d3e5fd194e289d7def6ff20bab4f,d258e8c146df19c3e61ced5b6c85c932db725bacce0f9adfe364ae6f90e21213
rtx,elliptic,shuffled,random,20261004,456,0.582004155957601,0.6213389121338913,0.03118548452498883,0.928125,0.4669811320754717,0.8590568601636603,0.1650943396226415,0.5534591194968553,11184,636,11.673609064000004,1149158400,24500400,0,1335027200,20417,386978304,45,0b9008df6ba57ee5b77ad5b1a9a617ff33b5d3e5fd194e289d7def6ff20bab4f,d258e8c146df19c3e61ced5b6c85c932db725bacce0f9adfe364ae6f90e21213
rtx,elliptic,current,random,20261005,123,0.594277722101627,0.6516393442622951,0.030096971896293814,0.9352941176470588,0.5,0.8568381916271349,0.16981132075471697,0.5566037735849056,11184,636,4.536910266999996,1155161600,24500400,0,1343475200,20417,386467328,50,efc2da353c9a1b28951bfe2e466ec592cda86dcad0cf4f8c63ffa1b2c50215b5,38dddb66ba180cbfa02e1894b5607b4eae8781544dc44b46af03e901414e7a07
rtx,elliptic,fedavg,random,20261005,123,0.5849969050738945,0.6533066132264529,0.02971239963753955,0.9005524861878453,0.5125786163522013,0.8377083616554928,0.16823899371069181,0.5676100628930818,11184,636,3.06181830700001,0,24500400,0,0,20417,269998592,50,efc2da353c9a1b28951bfe2e466ec592cda86dcad0cf4f8c63ffa1b2c50215b5,38dddb66ba180cbfa02e1894b5607b4eae8781544dc44b46af03e901414e7a07
rtx,elliptic,fedgcn,random,20261005,123,0.2525190453735784,0.3132295719844358,0.0506977565084513,0.4107142857142857,0.2531446540880503,0.7763870852145209,0.0959119496855346,0.3128930817610063,11184,636,8.975679141,0,7375200,49243128,0,6146,1172342272,30,efc2da353c9a1b28951bfe2e466ec592cda86dcad0cf4f8c63ffa1b2c50215b5,b9499d48a334a95c0690280625aa9f14766516bde5b881d9eb99a8c11e93888b
rtx,elliptic,fedmlp,random,20261005,123,0.6185772785046795,0.6753507014028056,0.028560285932548796,0.930939226519337,0.529874213836478,0.8154192693240604,0.17452830188679244,0.5691823899371069,11184,636,1.1373006249999662,0,12442800,0,0,10369,183841792,20,efc2da353c9a1b28951bfe2e466ec592cda86dcad0cf4f8c63ffa1b2c50215b5,697663bcfc306f09f24b07dc60ac5ab0f02ff9069492a564ac3f7231b54e6e78
rtx,elliptic,fresh,random,20261005,123,0.5905570386602684,0.6338912133891214,0.030546057442158693,0.946875,0.47641509433962265,0.8564005397309216,0.16823899371069181,0.5566037735849056,11184,636,5.468741039000008,2310323200,24500400,0,2686950400,20417,386794496,45,efc2da353c9a1b28951bfe2e466ec592cda86dcad0cf4f8c63ffa1b2c50215b5,38dddb66ba180cbfa02e1894b5607b4eae8781544dc44b46af03e901414e7a07
rtx,elliptic,local,random,20261005,123,0.5312611946448619,0.5911431513903193,0.034886393658646486,0.8567164179104477,0.45125786163522014,0.8204937059217758,0.16037735849056603,0.5172955974842768,11184,636,2.9415910000000167,0,0,0,0,20417,269998592,50,efc2da353c9a1b28951bfe2e466ec592cda86dcad0cf4f8c63ffa1b2c50215b5,38dddb66ba180cbfa02e1894b5607b4eae8781544dc44b46af03e901414e7a07
rtx,elliptic,oracle,random,20261005,123,0.5737285266789408,0.5098493626882966,0.03428694312134429,0.9691629955947136,0.34591194968553457,0.8585788119241657,0.16981132075471697,0.5188679245283019,11184,636,4.012329010999963,5667511600,24500400,0,2686950400,20417,355059712,50,efc2da353c9a1b28951bfe2e466ec592cda86dcad0cf4f8c63ffa1b2c50215b5,38dddb66ba180cbfa02e1894b5607b4eae8781544dc44b46af03e901414e7a07
rtx,elliptic,shuffled,random,20261005,123,0.5930284859364197,0.6467661691542289,0.030766934763618033,0.8807588075880759,0.5110062893081762,0.8424580623349862,0.16823899371069181,0.5613207547169812,11184,636,11.695496847000015,1155161600,24500400,0,1343475200,20417,386638336,35,efc2da353c9a1b28951bfe2e466ec592cda86dcad0cf4f8c63ffa1b2c50215b5,38dddb66ba180cbfa02e1894b5607b4eae8781544dc44b46af03e901414e7a07
rtx,elliptic,current,random,20261005,42,0.5898321552268224,0.6356435643564357,0.03134255047358282,0.8582887700534759,0.5047169811320755,0.8589949986047609,0.16823899371069181,0.5550314465408805,11184,636,4.529661361999956,1155161600,24500400,0,1343475200,20417,386467328,50,efc2da353c9a1b28951bfe2e466ec592cda86dcad0cf4f8c63ffa1b2c50215b5,72b59b45f34cd8d5e7b24de2bde665873fadae4f138a95a5080db0ccc6df75c8
rtx,elliptic,fedavg,random,20261005,42,0.5853017872105065,0.6462167689161554,0.03112074477325813,0.9239766081871345,0.4968553459119497,0.8408278239279914,0.16823899371069181,0.559748427672956,11184,636,3.05380132800002,0,24500400,0,0,20417,269998592,40,efc2da353c9a1b28951bfe2e466ec592cda86dcad0cf4f8c63ffa1b2c50215b5,72b59b45f34cd8d5e7b24de2bde665873fadae4f138a95a5080db0ccc6df75c8
rtx,elliptic,fedgcn,random,20261005,42,0.23998824786831344,0.2989639861864825,0.05121761227121701,0.21782890007189074,0.47641509433962265,0.773609650283937,0.06918238993710692,0.30974842767295596,11184,636,8.975132956000039,0,7375200,49243128,0,6146,1172342272,45,efc2da353c9a1b28951bfe2e466ec592cda86dcad0cf4f8c63ffa1b2c50215b5,e540029da8e7b72e5a9c386a27bc22a5b291642d119fa74f70d5892f656d8b8e
rtx,elliptic,fedmlp,random,20261005,42,0.624797603798102,0.662613981762918,0.028421640992606776,0.9316239316239316,0.5141509433962265,0.8304039276574533,0.17452830188679244,0.5691823899371069,11184,636,1.1382634269999699,0,12442800,0,0,10369,183841792,25,efc2da353c9a1b28951bfe2e466ec592cda86dcad0cf4f8c63ffa1b2c50215b5,a90dfe0478197193d67cebdcdbaad4cdcc06c67fc69beb229e0180f96f920458
rtx,elliptic,fresh,random,20261005,42,0.5918399101544206,0.6332992849846782,0.031171552729065393,0.9037900874635568,0.48742138364779874,0.8600910661772596,0.16823899371069181,0.5518867924528302,11184,636,5.441818839000007,2310323200,24500400,0,2686950400,20417,386794496,45,efc2da353c9a1b28951bfe2e466ec592cda86dcad0cf4f8c63ffa1b2c50215b5,72b59b45f34cd8d5e7b24de2bde665873fadae4f138a95a5080db0ccc6df75c8
rtx,elliptic,local,random,20261005,42,0.551733194295451,0.59436913451512,0.03438212371469671,0.8823529411764706,0.4481132075471698,0.8198910401804986,0.1650943396226415,0.5204402515723271,11184,636,2.942921107000018,0,0,0,0,20417,269998592,15,efc2da353c9a1b28951bfe2e466ec592cda86dcad0cf4f8c63ffa1b2c50215b5,72b59b45f34cd8d5e7b24de2bde665873fadae4f138a95a5080db0ccc6df75c8
rtx,elliptic,oracle,random,20261005,42,0.5700602719134863,0.5509868421052632,0.034946634212301694,0.5775862068965517,0.5267295597484277,0.8509146865005258,0.17138364779874213,0.5220125786163522,11184,636,4.003417053999954,5667511600,24500400,0,2686950400,20417,355059712,30,efc2da353c9a1b28951bfe2e466ec592cda86dcad0cf4f8c63ffa1b2c50215b5,72b59b45f34cd8d5e7b24de2bde665873fadae4f138a95a5080db0ccc6df75c8
rtx,elliptic,shuffled,random,20261005,42,0.5922562070877506,0.6388308977035491,0.03045158500354014,0.9503105590062112,0.4811320754716981,0.8607897291328291,0.16823899371069181,0.5550314465408805,11184,636,11.669779207000033,1155161600,24500400,0,1343475200,20417,386638336,50,efc2da353c9a1b28951bfe2e466ec592cda86dcad0cf4f8c63ffa1b2c50215b5,72b59b45f34cd8d5e7b24de2bde665873fadae4f138a95a5080db0ccc6df75c8
rtx,elliptic,current,random,20261005,456,0.5857080053065321,0.6336633663366337,0.03202886923522858,0.8556149732620321,0.5031446540880503,0.8602419934745745,0.16823899371069181,0.5408805031446541,11184,636,4.535730351999973,1155161600,24500400,0,1343475200,20417,386467328,35,efc2da353c9a1b28951bfe2e466ec592cda86dcad0cf4f8c63ffa1b2c50215b5,d258e8c146df19c3e61ced5b6c85c932db725bacce0f9adfe364ae6f90e21213
rtx,elliptic,fedavg,random,20261005,456,0.5836414334496427,0.6252390057361377,0.031347959925406364,0.7975609756097561,0.5141509433962265,0.836535078932368,0.16666666666666666,0.5613207547169812,11184,636,3.061165881000022,0,24500400,0,0,20417,269998592,35,efc2da353c9a1b28951bfe2e466ec592cda86dcad0cf4f8c63ffa1b2c50215b5,d258e8c146df19c3e61ced5b6c85c932db725bacce0f9adfe364ae6f90e21213
rtx,elliptic,fedgcn,random,20261005,456,0.26933096655013833,0.3158984981874676,0.0503893458046137,0.23552123552123552,0.47955974842767296,0.784502650954129,0.09433962264150944,0.33647798742138363,11184,636,9.502843813000027,0,7375200,49243128,0,6146,1172342272,50,efc2da353c9a1b28951bfe2e466ec592cda86dcad0cf4f8c63ffa1b2c50215b5,dd43194f57569a9c44627f3a69bad34fce5ceb68d5f1c1fb018898d45334403a
rtx,elliptic,fedmlp,random,20261005,456,0.6139073701809237,0.662,0.028839481447093113,0.9093406593406593,0.5204402515723271,0.8247235459105187,0.17295597484276728,0.5770440251572327,11184,636,1.2184106689999794,0,12442800,0,0,10369,183841792,25,efc2da353c9a1b28951bfe2e466ec592cda86dcad0cf4f8c63ffa1b2c50215b5,e3f512063d220e70cf31d0b6c991414144ec4017c051ff7ef22313a13776a234
rtx,elliptic,fresh,random,20261005,456,0.5958143988561615,0.6286307053941909,0.03140293718363748,0.9237804878048781,0.47641509433962265,0.8568074844436813,0.16981132075471697,0.5518867924528302,11184,636,5.476031078999995,2310323200,24500400,0,2686950400,20417,386794496,35,efc2da353c9a1b28951bfe2e466ec592cda86dcad0cf4f8c63ffa1b2c50215b5,d258e8c146df19c3e61ced5b6c85c932db725bacce0f9adfe364ae6f90e21213
rtx,elliptic,local,random,20261005,456,0.541003281382374,0.5968063872255489,0.035430301825469544,0.8169398907103825,0.470125786163522,0.8237910760751092,0.16352201257861634,0.5235849056603774,11184,636,2.9443946990000427,0,0,0,0,20417,269998592,15,efc2da353c9a1b28951bfe2e466ec592cda86dcad0cf4f8c63ffa1b2c50215b5,d258e8c146df19c3e61ced5b6c85c932db725bacce0f9adfe364ae6f90e21213
rtx,elliptic,oracle,random,20261005,456,0.5811149874950653,0.6009852216748769,0.03296500957359925,0.8047493403693932,0.47955974842767296,0.8593822668698707,0.16981132075471697,0.5487421383647799,11184,636,4.292944488999979,5667511600,24500400,0,2686950400,20417,355059712,45,efc2da353c9a1b28951bfe2e466ec592cda86dcad0cf4f8c63ffa1b2c50215b5,d258e8c146df19c3e61ced5b6c85c932db725bacce0f9adfe364ae6f90e21213
rtx,elliptic,shuffled,random,20261005,456,0.5896841413788537,0.6396039603960396,0.030900664130580513,0.8636363636363636,0.5078616352201258,0.8557547944944108,0.16823899371069181,0.5518867924528302,11184,636,12.329675308999981,1155161600,24500400,0,1343475200,20417,386638336,45,efc2da353c9a1b28951bfe2e466ec592cda86dcad0cf4f8c63ffa1b2c50215b5,d258e8c146df19c3e61ced5b6c85c932db725bacce0f9adfe364ae6f90e21213
rtx,elliptic,rf_local,louvain,20261003,123,0.655234853968929,0.6964112512124151,0.026513642379144612,0.9088607594936708,0.5644654088050315,0.8483794805656322,0.1761006289308176,0.60062893081761,11184,636,2.2865359120000903,0,0,0,0,,,,8d496fe781c4340601138a0d0ee77d4c5c0b68a4ae6b1560c82a3b8bd3d2ea67,
rtx,elliptic,rf_local,louvain,20261003,42,0.6559121772593451,0.6947162426614482,0.026681167155882757,0.9196891191709845,0.5581761006289309,0.848880112000725,0.1761006289308176,0.5974842767295597,11184,636,2.2456043020001744,0,0,0,0,,,,8d496fe781c4340601138a0d0ee77d4c5c0b68a4ae6b1560c82a3b8bd3d2ea67,
rtx,elliptic,rf_local,louvain,20261003,456,0.6551333499485212,0.6832174776564052,0.02656694125458295,0.9272237196765498,0.5408805031446541,0.8511824054397625,0.1761006289308176,0.60062893081761,11184,636,2.266516109999884,0,0,0,0,,,,8d496fe781c4340601138a0d0ee77d4c5c0b68a4ae6b1560c82a3b8bd3d2ea67,
rtx,elliptic,rf_local,louvain,20261004,123,0.6540131682994903,0.6825396825396826,0.026607203922231096,0.9247311827956989,0.5408805031446541,0.8474543148660929,0.1761006289308176,0.6037735849056604,11184,636,2.2739569010000196,0,0,0,0,,,,bcc5a5242e845c86894a972174886c34f25960866ef0370ebb1567afb1b51a0f,
rtx,elliptic,rf_local,louvain,20261004,42,0.6549903045751702,0.6922320550639135,0.026712647373208002,0.9238845144356955,0.5534591194968553,0.849913498162339,0.1761006289308176,0.6022012578616353,11184,636,2.255602955000086,0,0,0,0,,,,bcc5a5242e845c86894a972174886c34f25960866ef0370ebb1567afb1b51a0f,
rtx,elliptic,rf_local,louvain,20261004,456,0.6535445987759583,0.6912181303116147,0.026697138782669466,0.8652482269503546,0.5754716981132075,0.842542879749477,0.1761006289308176,0.6022012578616353,11184,636,2.2649629440002172,0,0,0,0,,,,bcc5a5242e845c86894a972174886c34f25960866ef0370ebb1567afb1b51a0f,
rtx,elliptic,rf_local,louvain,20261005,123,0.6452617253863875,0.693050193050193,0.027228348401976153,0.8975,0.5644654088050315,0.8313564466005061,0.1761006289308176,0.60062893081761,11184,636,2.2747132509998664,0,0,0,0,,,,179968208bf16eea364190790d66fe446bbab9c7ce90e10a185028cd0731df8f,
rtx,elliptic,rf_local,louvain,20261005,42,0.645218509007244,0.6841085271317829,0.027268775921234608,0.8914141414141414,0.5550314465408805,0.8251592599747666,0.1761006289308176,0.5943396226415094,11184,636,2.275060666999707,0,0,0,0,,,,179968208bf16eea364190790d66fe446bbab9c7ce90e10a185028cd0731df8f,
rtx,elliptic,rf_local,louvain,20261005,456,0.6472021417411552,0.690978886756238,0.027088449118863624,0.8866995073891626,0.5660377358490566,0.8339859355137224,0.1761006289308176,0.5959119496855346,11184,636,2.2745939649998945,0,0,0,0,,,,179968208bf16eea364190790d66fe446bbab9c7ce90e10a185028cd0731df8f,
rtx,elliptic,rf_local,random,20261003,123,0.6561681967572998,0.696911196911197,0.026575245829827728,0.9025,0.5676100628930818,0.8486594227526515,0.1761006289308176,0.6053459119496856,11184,636,2.324083678000079,0,0,0,0,,,,0fe35ace768179363d3da19703e432cea7989d630e29bc85b81c0fbee42064cd,
rtx,elliptic,rf_local,random,20261003,42,0.6587124030588073,0.6942909760589319,0.026464061031750488,0.8377777777777777,0.5927672955974843,0.8532762328785093,0.1761006289308176,0.6053459119496856,11184,636,2.2934653769998476,0,0,0,0,,,,0fe35ace768179363d3da19703e432cea7989d630e29bc85b81c0fbee42064cd,
rtx,elliptic,rf_local,random,20261003,456,0.6588329543152479,0.7023923444976077,0.02650843546424623,0.8973105134474327,0.5770440251572327,0.849118316268487,0.1761006289308176,0.6037735849056604,11184,636,2.2850489020001987,0,0,0,0,,,,0fe35ace768179363d3da19703e432cea7989d630e29bc85b81c0fbee42064cd,
rtx,elliptic,rf_local,random,20261004,123,0.6525422332336821,0.6871508379888268,0.027022192880841425,0.8424657534246576,0.5801886792452831,0.8494000472234744,0.1761006289308176,0.6022012578616353,11184,636,2.327877273000013,0,0,0,0,,,,0b9008df6ba57ee5b77ad5b1a9a617ff33b5d3e5fd194e289d7def6ff20bab4f,
rtx,elliptic,rf_local,random,20261004,42,0.6526202651295393,0.6879699248120301,0.02702023231615625,0.8551401869158879,0.5754716981132075,0.8510505583341084,0.1761006289308176,0.6022012578616353,11184,636,2.2849246279997715,0,0,0,0,,,,0b9008df6ba57ee5b77ad5b1a9a617ff33b5d3e5fd194e289d7def6ff20bab4f,
rtx,elliptic,rf_local,random,20261004,456,0.6510448380249524,0.6856600189933523,0.026915100751318227,0.8657074340527577,0.5676100628930818,0.8449849206860284,0.1761006289308176,0.60062893081761,11184,636,2.295515613999669,0,0,0,0,,,,0b9008df6ba57ee5b77ad5b1a9a617ff33b5d3e5fd194e289d7def6ff20bab4f,
rtx,elliptic,rf_local,random,20261005,123,0.6495165646189641,0.6758241758241759,0.026985849953582372,0.8092105263157895,0.5801886792452831,0.8388759799467185,0.1761006289308176,0.60062893081761,11184,636,2.3253958769996643,0,0,0,0,,,,efc2da353c9a1b28951bfe2e466ec592cda86dcad0cf4f8c63ffa1b2c50215b5,
rtx,elliptic,rf_local,random,20261005,42,0.6508654057034756,0.6838586437440306,0.02687342962996599,0.8710462287104623,0.5628930817610063,0.8477338843931188,0.1761006289308176,0.5959119496855346,11184,636,2.317681200000152,0,0,0,0,,,,efc2da353c9a1b28951bfe2e466ec592cda86dcad0cf4f8c63ffa1b2c50215b5,
rtx,elliptic,rf_local,random,20261005,456,0.6485907951125894,0.6770642201834862,0.02706077441160096,0.8127753303964758,0.5801886792452831,0.8417810136590324,0.1761006289308176,0.60062893081761,11184,636,2.3164401020003424,0,0,0,0,,,,efc2da353c9a1b28951bfe2e466ec592cda86dcad0cf4f8c63ffa1b2c50215b5,
rtx,elliptic,rf_pooled,random,20261003,123,0.6551012689969299,0.6918714555765595,0.026323553076372113,0.8672985781990521,0.5754716981132075,0.8427879409611169,0.1761006289308176,0.6037735849056604,11184,636,2.510909886000263,0,0,0,0,,,,0fe35ace768179363d3da19703e432cea7989d630e29bc85b81c0fbee42064cd,
rtx,elliptic,rf_pooled,random,20261003,42,0.6560508131492981,0.6920821114369502,0.026342340814913153,0.9147286821705426,0.5566037735849056,0.8402441638463759,0.1761006289308176,0.6022012578616353,11184,636,2.505029504000049,0,0,0,0,,,,0fe35ace768179363d3da19703e432cea7989d630e29bc85b81c0fbee42064cd,
rtx,elliptic,rf_pooled,random,20261003,456,0.6583841905056347,0.6957364341085271,0.026181400151444434,0.9065656565656566,0.5644654088050315,0.848781804294474,0.1761006289308176,0.6037735849056604,11184,636,2.4810254240001086,0,0,0,0,,,,0fe35ace768179363d3da19703e432cea7989d630e29bc85b81c0fbee42064cd,
rtx,elliptic,xgb_local,louvain,20261003,123,0.6570772808872962,0.6613616268788682,0.02854287485354148,0.7555555555555555,0.5880503144654088,0.8808079805286644,0.1761006289308176,0.5974842767295597,11184,636,0.9295609669998157,0,0,0,0,,,,8d496fe781c4340601138a0d0ee77d4c5c0b68a4ae6b1560c82a3b8bd3d2ea67,
rtx,elliptic,xgb_local,louvain,20261003,42,0.6570772808872962,0.6613616268788682,0.02854287485354148,0.7555555555555555,0.5880503144654088,0.8808079805286644,0.1761006289308176,0.5974842767295597,11184,636,1.1382342310002969,0,0,0,0,,,,8d496fe781c4340601138a0d0ee77d4c5c0b68a4ae6b1560c82a3b8bd3d2ea67,
rtx,elliptic,xgb_local,louvain,20261003,456,0.6570772808872962,0.6613616268788682,0.02854287485354148,0.7555555555555555,0.5880503144654088,0.8808079805286644,0.1761006289308176,0.5974842767295597,11184,636,0.931004101000326,0,0,0,0,,,,8d496fe781c4340601138a0d0ee77d4c5c0b68a4ae6b1560c82a3b8bd3d2ea67,
rtx,elliptic,xgb_local,louvain,20261004,123,0.6441005920278835,0.6609195402298851,0.028761269829541247,0.8455882352941176,0.5424528301886793,0.8819639718280969,0.1761006289308176,0.5707547169811321,11184,636,0.9639909509996869,0,0,0,0,,,,bcc5a5242e845c86894a972174886c34f25960866ef0370ebb1567afb1b51a0f,
rtx,elliptic,xgb_local,louvain,20261004,42,0.6441005920278835,0.6609195402298851,0.028761269829541247,0.8455882352941176,0.5424528301886793,0.8819639718280969,0.1761006289308176,0.5707547169811321,11184,636,1.5181067959997563,0,0,0,0,,,,bcc5a5242e845c86894a972174886c34f25960866ef0370ebb1567afb1b51a0f,
rtx,elliptic,xgb_local,louvain,20261004,456,0.6441005920278835,0.6609195402298851,0.028761269829541247,0.8455882352941176,0.5424528301886793,0.8819639718280969,0.1761006289308176,0.5707547169811321,11184,636,0.9346030199999404,0,0,0,0,,,,bcc5a5242e845c86894a972174886c34f25960866ef0370ebb1567afb1b51a0f,
rtx,elliptic,xgb_local,louvain,20261005,123,0.6512809702779607,0.686595949855352,0.028785142400810666,0.8877805486284289,0.559748427672956,0.8725672755632831,0.1761006289308176,0.5927672955974843,11184,636,0.9291836870002044,0,0,0,0,,,,179968208bf16eea364190790d66fe446bbab9c7ce90e10a185028cd0731df8f,
rtx,elliptic,xgb_local,louvain,20261005,42,0.6512809702779607,0.686595949855352,0.028785142400810666,0.8877805486284289,0.559748427672956,0.8725672755632831,0.1761006289308176,0.5927672955974843,11184,636,1.1121794360001331,0,0,0,0,,,,179968208bf16eea364190790d66fe446bbab9c7ce90e10a185028cd0731df8f,
rtx,elliptic,xgb_local,louvain,20261005,456,0.6512809702779607,0.686595949855352,0.028785142400810666,0.8877805486284289,0.559748427672956,0.8725672755632831,0.1761006289308176,0.5927672955974843,11184,636,0.9323964319996776,0,0,0,0,,,,179968208bf16eea364190790d66fe446bbab9c7ce90e10a185028cd0731df8f,
rtx,elliptic,xgb_local,random,20261003,123,0.6563393421495006,0.687007874015748,0.028163199684376108,0.9184210526315789,0.5487421383647799,0.8799802281513918,0.1761006289308176,0.5974842767295597,11184,636,0.9274445209998703,0,0,0,0,,,,0fe35ace768179363d3da19703e432cea7989d630e29bc85b81c0fbee42064cd,
rtx,elliptic,xgb_local,random,20261003,42,0.6563393421495006,0.687007874015748,0.028163199684376108,0.9184210526315789,0.5487421383647799,0.8799802281513918,0.1761006289308176,0.5974842767295597,11184,636,0.9315255550000074,0,0,0,0,,,,0fe35ace768179363d3da19703e432cea7989d630e29bc85b81c0fbee42064cd,
rtx,elliptic,xgb_local,random,20261003,456,0.6563393421495006,0.687007874015748,0.028163199684376108,0.9184210526315789,0.5487421383647799,0.8799802281513918,0.1761006289308176,0.5974842767295597,11184,636,0.9326858449999236,0,0,0,0,,,,0fe35ace768179363d3da19703e432cea7989d630e29bc85b81c0fbee42064cd,
rtx,elliptic,xgb_local,random,20261004,123,0.6488277967236321,0.6723646723646723,0.028145739342472702,0.8489208633093526,0.5566037735849056,0.880171924451981,0.17452830188679244,0.5833333333333334,11184,636,0.9308083349997105,0,0,0,0,,,,0b9008df6ba57ee5b77ad5b1a9a617ff33b5d3e5fd194e289d7def6ff20bab4f,
rtx,elliptic,xgb_local,random,20261004,42,0.6488277967236321,0.6723646723646723,0.028145739342472702,0.8489208633093526,0.5566037735849056,0.880171924451981,0.17452830188679244,0.5833333333333334,11184,636,0.9320277099996019,0,0,0,0,,,,0b9008df6ba57ee5b77ad5b1a9a617ff33b5d3e5fd194e289d7def6ff20bab4f,
rtx,elliptic,xgb_local,random,20261004,456,0.6488277967236321,0.6723646723646723,0.028145739342472702,0.8489208633093526,0.5566037735849056,0.880171924451981,0.17452830188679244,0.5833333333333334,11184,636,0.9309676720004063,0,0,0,0,,,,0b9008df6ba57ee5b77ad5b1a9a617ff33b5d3e5fd194e289d7def6ff20bab4f,
rtx,elliptic,xgb_local,random,20261005,123,0.6570927303099701,0.688,0.02723513826721104,0.945054945054945,0.5408805031446541,0.8742563197172315,0.1761006289308176,0.5974842767295597,11184,636,0.9335899190000418,0,0,0,0,,,,efc2da353c9a1b28951bfe2e466ec592cda86dcad0cf4f8c63ffa1b2c50215b5,
rtx,elliptic,xgb_local,random,20261005,42,0.6570927303099701,0.688,0.02723513826721104,0.945054945054945,0.5408805031446541,0.8742563197172315,0.1761006289308176,0.5974842767295597,11184,636,0.920189455000127,0,0,0,0,,,,efc2da353c9a1b28951bfe2e466ec592cda86dcad0cf4f8c63ffa1b2c50215b5,
rtx,elliptic,xgb_local,random,20261005,456,0.6570927303099701,0.688,0.02723513826721104,0.945054945054945,0.5408805031446541,0.8742563197172315,0.1761006289308176,0.5974842767295597,11184,636,0.9344395460002488,0,0,0,0,,,,efc2da353c9a1b28951bfe2e466ec592cda86dcad0cf4f8c63ffa1b2c50215b5,
rtx,elliptic,xgb_pooled,random,20261003,123,0.6529317442838376,0.6703296703296703,0.02783284882720281,0.8026315789473685,0.5754716981132075,0.875291420114815,0.1761006289308176,0.5943396226415094,11184,636,0.40344210000012026,0,0,0,0,,,,0fe35ace768179363d3da19703e432cea7989d630e29bc85b81c0fbee42064cd,
rtx,elliptic,xgb_pooled,random,20261003,42,0.6529317442838376,0.6703296703296703,0.02783284882720281,0.8026315789473685,0.5754716981132075,0.875291420114815,0.1761006289308176,0.5943396226415094,11184,636,0.719695756999954,0,0,0,0,,,,0fe35ace768179363d3da19703e432cea7989d630e29bc85b81c0fbee42064cd,
rtx,elliptic,xgb_pooled,random,20261003,456,0.6529317442838376,0.6703296703296703,0.02783284882720281,0.8026315789473685,0.5754716981132075,0.875291420114815,0.1761006289308176,0.5943396226415094,11184,636,0.400600962000226,0,0,0,0,,,,0fe35ace768179363d3da19703e432cea7989d630e29bc85b81c0fbee42064cd,
rtx,ibm,current,louvain,20261003,123,0.046663827163477486,0.10330578512396695,0.0010814581251742407,0.08532423208191127,0.13089005235602094,0.9131183627584407,0.3089005235602094,0.7120418848167539,172556,191,12.405481010999893,494387200,16666800,0,727078400,13889,964769280,30,16fc94288a063015c567dd368f63c8fc34bfed991575a91aff1228c78fa7cb00,5b3e0fb7f2757da1b3f11d1af630d718210061e0acc172a00682d6de804081bb
rtx,ibm,fedavg,louvain,20261003,123,0.04254767677782824,0.09072978303747535,0.0010845442735505045,0.07278481012658228,0.12041884816753927,0.9160563627988396,0.23036649214659685,0.7068062827225131,172556,191,8.949095192999948,0,16666800,0,0,13889,595960320,15,16fc94288a063015c567dd368f63c8fc34bfed991575a91aff1228c78fa7cb00,5b3e0fb7f2757da1b3f11d1af630d718210061e0acc172a00682d6de804081bb
rtx,ibm,fedgcn,louvain,20261003,123,0.010042727289476625,0.03296703296703297,0.0011006601745599599,0.03468208092485549,0.031413612565445025,0.8621897279652655,0.06282722513089005,0.5078534031413613,172556,191,21.08310870199989,0,3458400,8081808,0,2882,2653197312,20,16fc94288a063015c567dd368f63c8fc34bfed991575a91aff1228c78fa7cb00,edcc4fcac4d91435de69ff1216dd2ed8eca4ea2946a15440c969eb82abb5094a
rtx,ibm,fedmlp,louvain,20261003,123,0.044366199931819554,0.08842105263157894,0.0010841706109740894,0.05533596837944664,0.2198952879581152,0.8921355403264988,0.32460732984293195,0.743455497382199,172556,191,4.725484186999893,0,8526000,0,0,7105,477908992,40,16fc94288a063015c567dd368f63c8fc34bfed991575a91aff1228c78fa7cb00,dae2ee3864e4d838f8f3715b7b3a6cbe4db977ad89a70ce995dc1054a5c3cc99
rtx,ibm,fresh,louvain,20261003,123,0.04365021814107267,0.1073170731707317,0.0010830913397174879,0.1004566210045662,0.11518324607329843,0.9079605512653275,0.3298429319371728,0.7068062827225131,172556,191,14.272272116000067,988774400,16666800,0,1454156800,13889,963624448,45,16fc94288a063015c567dd368f63c8fc34bfed991575a91aff1228c78fa7cb00,5b3e0fb7f2757da1b3f11d1af630d718210061e0acc172a00682d6de804081bb
rtx,ibm,local,louvain,20261003,123,0.016489455154595777,0.026168224299065422,0.0010971286021055364,0.020348837209302327,0.03664921465968586,0.8590290177774762,0.18848167539267016,0.643979057591623,172556,191,8.798954645000094,0,0,0,0,13889,597035520,35,16fc94288a063015c567dd368f63c8fc34bfed991575a91aff1228c78fa7cb00,5b3e0fb7f2757da1b3f11d1af630d718210061e0acc172a00682d6de804081bb
rtx,ibm,oracle,louvain,20261003,123,0.03543461424837195,0.09340659340659341,0.00108762290799448,0.09826589595375723,0.08900523560209424,0.903098714632576,0.3089005235602094,0.680628272251309,172556,191,10.38745638499995,1637657600,16666800,0,1454156800,13889,880010752,40,16fc94288a063015c567dd368f63c8fc34bfed991575a91aff1228c78fa7cb00,5b3e0fb7f2757da1b3f11d1af630d718210061e0acc172a00682d6de804081bb
rtx,ibm,shuffled,louvain,20261003,123,0.03410518170994664,0.0768,0.0010870495200265137,0.055299539170506916,0.1256544502617801,0.9070402468401175,0.31413612565445026,0.743455497382199,172556,191,14.820204460000014,494387200,16666800,0,727078400,13889,964623360,50,16fc94288a063015c567dd368f63c8fc34bfed991575a91aff1228c78fa7cb00,5b3e0fb7f2757da1b3f11d1af630d718210061e0acc172a00682d6de804081bb
rtx,ibm,current,louvain,20261003,42,0.038155519237794776,0.06217616580310881,0.0010853181539242263,0.03364969801553063,0.4083769633507853,0.9131286447258291,0.3298429319371728,0.7015706806282722,172556,191,12.192690987999868,494387200,16666800,0,727078400,13889,965833216,25,16fc94288a063015c567dd368f63c8fc34bfed991575a91aff1228c78fa7cb00,45baacf6f0c35cb04828c2ca3ff14010c040cba5ace72b6bbee7bc68b3400cb0
rtx,ibm,fedavg,louvain,20261003,42,0.05385754273015917,0.10638297872340426,0.0010809526843284277,0.16483516483516483,0.07853403141361257,0.9070240265429672,0.3403141361256545,0.7120418848167539,172556,191,8.844102195000005,0,16666800,0,0,13889,596948992,30,16fc94288a063015c567dd368f63c8fc34bfed991575a91aff1228c78fa7cb00,45baacf6f0c35cb04828c2ca3ff14010c040cba5ace72b6bbee7bc68b3400cb0
rtx,ibm,fedgcn,louvain,20261003,42,0.010282995050254541,0.032171581769437,0.0011006305742403183,0.03296703296703297,0.031413612565445025,0.8536828655493798,0.07853403141361257,0.5287958115183246,172556,191,21.147054770000068,0,3458400,8081808,0,2882,2653165568,30,16fc94288a063015c567dd368f63c8fc34bfed991575a91aff1228c78fa7cb00,06dcbe94e3ea7fea5c20e1c25953cd46595b3ad2adc341488eca1ae1ef048c33
rtx,ibm,fedmlp,louvain,20261003,42,0.04379885513353249,0.06506125897760878,0.00108242117190447,0.035386029411764705,0.4031413612565445,0.8909846130433972,0.3403141361256545,0.7539267015706806,172556,191,4.714316064000059,0,8526000,0,0,7105,478420992,25,16fc94288a063015c567dd368f63c8fc34bfed991575a91aff1228c78fa7cb00,59117d67ef2f04365e2d705ac004a58ce85cd11f3250565e55099f0ea932e74f
rtx,ibm,fresh,louvain,20261003,42,0.03935820706157479,0.08064516129032258,0.0010854876615797396,0.08287292817679558,0.07853403141361257,0.9132677930053157,0.32460732984293195,0.6963350785340314,172556,191,14.084068689999867,988774400,16666800,0,1454156800,13889,965833216,25,16fc94288a063015c567dd368f63c8fc34bfed991575a91aff1228c78fa7cb00,45baacf6f0c35cb04828c2ca3ff14010c040cba5ace72b6bbee7bc68b3400cb0
rtx,ibm,local,louvain,20261003,42,0.025079535330000485,0.03663003663003663,0.001096900153879325,0.06097560975609756,0.02617801047120419,0.8575733827961272,0.2198952879581152,0.6492146596858639,172556,191,8.971714877000068,0,0,0,0,13889,596679680,45,16fc94288a063015c567dd368f63c8fc34bfed991575a91aff1228c78fa7cb00,45baacf6f0c35cb04828c2ca3ff14010c040cba5ace72b6bbee7bc68b3400cb0
rtx,ibm,oracle,louvain,20261003,42,0.045518384999989024,0.10029498525073746,0.0010848629057222017,0.11486486486486487,0.08900523560209424,0.9047483704904196,0.32460732984293195,0.7120418848167539,172556,191,10.398598795999987,1637657600,16666800,0,1454156800,13889,881947136,35,16fc94288a063015c567dd368f63c8fc34bfed991575a91aff1228c78fa7cb00,45baacf6f0c35cb04828c2ca3ff14010c040cba5ace72b6bbee7bc68b3400cb0
rtx,ibm,shuffled,louvain,20261003,42,0.04068115621211321,0.06589785831960461,0.0010827938467700747,0.039100684261974585,0.2094240837696335,0.9059429619629475,0.34554973821989526,0.7015706806282722,172556,191,14.76721660200019,494387200,16666800,0,727078400,13889,965404160,50,16fc94288a063015c567dd368f63c8fc34bfed991575a91aff1228c78fa7cb00,45baacf6f0c35cb04828c2ca3ff14010c040cba5ace72b6bbee7bc68b3400cb0
rtx,ibm,current,louvain,20261003,456,0.05060560871139376,0.07467532467532467,0.0010783772403084467,0.04418828049951969,0.24083769633507854,0.9082335625589372,0.32460732984293195,0.7277486910994765,172556,191,12.260375808999925,494387200,16666800,0,727078400,13889,965833216,45,16fc94288a063015c567dd368f63c8fc34bfed991575a91aff1228c78fa7cb00,ffbc4647057ab3f7549d8d805dce104d2c8b6b6e1344e3d6706b1e395f64322c
rtx,ibm,fedavg,louvain,20261003,456,0.0499205355776868,0.11515151515151516,0.0010792709193534458,0.1366906474820144,0.09947643979057591,0.9011519600361039,0.3507853403141361,0.7277486910994765,172556,191,8.852997461000086,0,16666800,0,0,13889,596948992,50,16fc94288a063015c567dd368f63c8fc34bfed991575a91aff1228c78fa7cb00,ffbc4647057ab3f7549d8d805dce104d2c8b6b6e1344e3d6706b1e395f64322c
rtx,ibm,fedgcn,louvain,20261003,456,0.008731999306983526,0.02481780579082135,0.0011016924005172704,0.012893982808022923,0.3298429319371728,0.8627567853011302,0.07853403141361257,0.518324607329843,172556,191,21.050595076000036,0,3458400,8081808,0,2882,2653165568,50,16fc94288a063015c567dd368f63c8fc34bfed991575a91aff1228c78fa7cb00,2a29c2cdb9e5dc9c1b41f499447fdcece146c6bad38722d905ebba298f7ea2b7
rtx,ibm,fedmlp,louvain,20261003,456,0.04147804049784246,0.08620689655172414,0.001087329967390756,0.0594059405940594,0.15706806282722513,0.8905696285870891,0.3089005235602094,0.7225130890052356,172556,191,4.722286896000014,0,8526000,0,0,7105,478420992,15,16fc94288a063015c567dd368f63c8fc34bfed991575a91aff1228c78fa7cb00,7c1fdd36fcc51f6c3f97ae3f4d46be3c95bbb3cb8965966788bd8f46f13453a6
rtx,ibm,fresh,louvain,20261003,456,0.05455247078469353,0.11793611793611794,0.001077761703213955,0.1111111111111111,0.1256544502617801,0.9081762447673215,0.3612565445026178,0.7172774869109948,172556,191,14.070159688999865,988774400,16666800,0,1454156800,13889,965833216,45,16fc94288a063015c567dd368f63c8fc34bfed991575a91aff1228c78fa7cb00,ffbc4647057ab3f7549d8d805dce104d2c8b6b6e1344e3d6706b1e395f64322c
rtx,ibm,local,louvain,20261003,456,0.03302012226724865,0.034334763948497854,0.0010963907071841889,0.09523809523809523,0.020942408376963352,0.8486901730362468,0.24083769633507854,0.6335078534031413,172556,191,8.75464680999994,0,0,0,0,13889,595960320,45,16fc94288a063015c567dd368f63c8fc34bfed991575a91aff1228c78fa7cb00,ffbc4647057ab3f7549d8d805dce104d2c8b6b6e1344e3d6706b1e395f64322c
rtx,ibm,oracle,louvain,20261003,456,0.03936616791734875,0.08783783783783784,0.0010890702566190152,0.12380952380952381,0.06806282722513089,0.904675819592023,0.3089005235602094,0.7015706806282722,172556,191,10.37483154000006,1637657600,16666800,0,1454156800,13889,881947136,50,16fc94288a063015c567dd368f63c8fc34bfed991575a91aff1228c78fa7cb00,ffbc4647057ab3f7549d8d805dce104d2c8b6b6e1344e3d6706b1e395f64322c
rtx,ibm,shuffled,louvain,20261003,456,0.041615024718136565,0.09937888198757763,0.0010825219363993547,0.0821917808219178,0.1256544502617801,0.9036456332849002,0.33507853403141363,0.7382198952879581,172556,191,14.737342241000079,494387200,16666800,0,727078400,13889,965404160,40,16fc94288a063015c567dd368f63c8fc34bfed991575a91aff1228c78fa7cb00,ffbc4647057ab3f7549d8d805dce104d2c8b6b6e1344e3d6706b1e395f64322c
rtx,ibm,current,louvain,20261004,123,0.033336723256281064,0.06711409395973154,0.0010873876407018757,0.04512635379061372,0.13089005235602094,0.9108290227286155,0.23036649214659685,0.7015706806282722,172556,191,12.208284102999869,493939200,16666800,0,723328000,13889,963958272,20,cedc8408e2b049b25123054f877141ae2ef1e5a124569dcdc008121de41754d6,5b3e0fb7f2757da1b3f11d1af630d718210061e0acc172a00682d6de804081bb
rtx,ibm,fedavg,louvain,20261004,123,0.03222132826036555,0.0881057268722467,0.001088487810467558,0.07604562737642585,0.10471204188481675,0.9148552558698719,0.2094240837696335,0.6963350785340314,172556,191,8.850510652000139,0,16666800,0,0,13889,596385280,15,cedc8408e2b049b25123054f877141ae2ef1e5a124569dcdc008121de41754d6,5b3e0fb7f2757da1b3f11d1af630d718210061e0acc172a00682d6de804081bb
rtx,ibm,fedgcn,louvain,20261004,123,0.010330668997927185,0.03341288782816229,0.0011006087427756425,0.03070175438596491,0.03664921465968586,0.8638079000440894,0.06282722513089005,0.5497382198952879,172556,191,21.0407588999999,0,3458400,8074416,0,2882,2654688256,35,cedc8408e2b049b25123054f877141ae2ef1e5a124569dcdc008121de41754d6,edcc4fcac4d91435de69ff1216dd2ed8eca4ea2946a15440c969eb82abb5094a
rtx,ibm,fedmlp,louvain,20261004,123,0.042990862931579554,0.07585335018963338,0.0010861057713266301,0.05,0.15706806282722513,0.8848180448679541,0.3089005235602094,0.7225130890052356,172556,191,4.75803156500001,0,8526000,0,0,7105,477790208,20,cedc8408e2b049b25123054f877141ae2ef1e5a124569dcdc008121de41754d6,dae2ee3864e4d838f8f3715b7b3a6cbe4db977ad89a70ce995dc1054a5c3cc99
rtx,ibm,fresh,louvain,20261004,123,0.029006365205831736,0.07098765432098765,0.0010890594431626718,0.05032822757111598,0.12041884816753927,0.9143349609824396,0.19895287958115182,0.7068062827225131,172556,191,14.08869879200006,987878400,16666800,0,1446656000,13889,963958272,15,cedc8408e2b049b25123054f877141ae2ef1e5a124569dcdc008121de41754d6,5b3e0fb7f2757da1b3f11d1af630d718210061e0acc172a00682d6de804081bb
rtx,ibm,local,louvain,20261004,123,0.018822126192828,0.036885245901639344,0.0010976761089733305,0.030303030303030304,0.04712041884816754,0.8438052361488458,0.20418848167539266,0.6335078534031413,172556,191,8.724717940000119,0,0,0,0,13889,596385280,50,cedc8408e2b049b25123054f877141ae2ef1e5a124569dcdc008121de41754d6,5b3e0fb7f2757da1b3f11d1af630d718210061e0acc172a00682d6de804081bb
rtx,ibm,oracle,louvain,20261004,123,0.03515589931405567,0.07535641547861507,0.0010890927523357042,0.04677623261694058,0.193717277486911,0.9143092180951085,0.2670157068062827,0.7015706806282722,172556,191,10.3601287460001,1636173600,16666800,0,1446656000,13889,880799232,20,cedc8408e2b049b25123054f877141ae2ef1e5a124569dcdc008121de41754d6,5b3e0fb7f2757da1b3f11d1af630d718210061e0acc172a00682d6de804081bb
rtx,ibm,shuffled,louvain,20261004,123,0.02877521930317408,0.07431340872374798,0.0010890538604188555,0.053738317757009345,0.12041884816753927,0.9126688722018279,0.2198952879581152,0.7068062827225131,172556,191,14.755871204999949,493939200,16666800,0,723328000,13889,963958272,20,cedc8408e2b049b25123054f877141ae2ef1e5a124569dcdc008121de41754d6,5b3e0fb7f2757da1b3f11d1af630d718210061e0acc172a00682d6de804081bb
rtx,ibm,current,louvain,20261004,42,0.03349445498044829,0.07768924302788845,0.001087452258155281,0.04797047970479705,0.20418848167539266,0.9154797221226172,0.32460732984293195,0.6910994764397905,172556,191,12.191718179999953,493939200,16666800,0,723328000,13889,962946560,20,cedc8408e2b049b25123054f877141ae2ef1e5a124569dcdc008121de41754d6,45baacf6f0c35cb04828c2ca3ff14010c040cba5ace72b6bbee7bc68b3400cb0
rtx,ibm,fedavg,louvain,20261004,42,0.05074346715762539,0.10526315789473684,0.0010825602998233385,0.1595744680851064,0.07853403141361257,0.9071686575258914,0.3036649214659686,0.6910994764397905,172556,191,8.841327847999992,0,16666800,0,0,13889,595848192,25,cedc8408e2b049b25123054f877141ae2ef1e5a124569dcdc008121de41754d6,45baacf6f0c35cb04828c2ca3ff14010c040cba5ace72b6bbee7bc68b3400cb0
rtx,ibm,fedgcn,louvain,20261004,42,0.010228362682356943,0.0345679012345679,0.001100684067746172,0.03271028037383177,0.03664921465968586,0.8552021667157984,0.07329842931937172,0.5340314136125655,172556,191,21.074316052000086,0,3458400,8074416,0,2882,2654289408,45,cedc8408e2b049b25123054f877141ae2ef1e5a124569dcdc008121de41754d6,06dcbe94e3ea7fea5c20e1c25953cd46595b3ad2adc341488eca1ae1ef048c33
rtx,ibm,fedmlp,louvain,20261004,42,0.04967266389338138,0.08856088560885608,0.0010808921382152378,0.05787781350482315,0.18848167539267016,0.8905237166411288,0.3612565445026178,0.7591623036649214,172556,191,4.732322006999993,0,8526000,0,0,7105,478153728,45,cedc8408e2b049b25123054f877141ae2ef1e5a124569dcdc008121de41754d6,59117d67ef2f04365e2d705ac004a58ce85cd11f3250565e55099f0ea932e74f
rtx,ibm,fresh,louvain,20261004,42,0.03262902075060934,0.0761904761904762,0.0010877487352015521,0.046565774155995346,0.2094240837696335,0.9151099054226064,0.31413612565445026,0.6858638743455497,172556,191,14.109150955999894,987878400,16666800,0,1446656000,13889,962259456,20,cedc8408e2b049b25123054f877141ae2ef1e5a124569dcdc008121de41754d6,45baacf6f0c35cb04828c2ca3ff14010c040cba5ace72b6bbee7bc68b3400cb0
rtx,ibm,local,louvain,20261004,42,0.024132959943920677,0.02493765586034913,0.0010958939733004803,0.023809523809523808,0.02617801047120419,0.855074712845306,0.29842931937172773,0.6649214659685864,172556,191,8.932174097000143,0,0,0,0,13889,596938752,50,cedc8408e2b049b25123054f877141ae2ef1e5a124569dcdc008121de41754d6,45baacf6f0c35cb04828c2ca3ff14010c040cba5ace72b6bbee7bc68b3400cb0
rtx,ibm,oracle,louvain,20261004,42,0.037635310121338875,0.07683863885839737,0.0010866284373436594,0.04861111111111111,0.18324607329842932,0.917307937937012,0.31413612565445026,0.6963350785340314,172556,191,10.374616637999907,1636173600,16666800,0,1446656000,13889,881903616,20,cedc8408e2b049b25123054f877141ae2ef1e5a124569dcdc008121de41754d6,45baacf6f0c35cb04828c2ca3ff14010c040cba5ace72b6bbee7bc68b3400cb0
rtx,ibm,shuffled,louvain,20261004,42,0.030680970951240505,0.07962529274004684,0.0010922813660006173,0.07203389830508475,0.08900523560209424,0.9055677384972198,0.31413612565445026,0.7120418848167539,172556,191,14.757316163000041,493939200,16666800,0,723328000,13889,963267584,35,cedc8408e2b049b25123054f877141ae2ef1e5a124569dcdc008121de41754d6,45baacf6f0c35cb04828c2ca3ff14010c040cba5ace72b6bbee7bc68b3400cb0
rtx,ibm,current,louvain,20261004,456,0.03852083055651368,0.08163265306122448,0.001084372104074397,0.072,0.09424083769633508,0.9012107813945902,0.3089005235602094,0.7015706806282722,172556,191,12.184538728000007,493939200,16666800,0,723328000,13889,962165248,50,cedc8408e2b049b25123054f877141ae2ef1e5a124569dcdc008121de41754d6,ffbc4647057ab3f7549d8d805dce104d2c8b6b6e1344e3d6706b1e395f64322c
rtx,ibm,fedavg,louvain,20261004,456,0.0391521348864468,0.07419354838709677,0.0010856635009420192,0.053613053613053616,0.12041884816753927,0.8890108701809732,0.3298429319371728,0.6910994764397905,172556,191,8.848021101999848,0,16666800,0,0,13889,595586048,50,cedc8408e2b049b25123054f877141ae2ef1e5a124569dcdc008121de41754d6,ffbc4647057ab3f7549d8d805dce104d2c8b6b6e1344e3d6706b1e395f64322c
rtx,ibm,fedgcn,louvain,20261004,456,0.008628150406607046,0.023730422401518746,0.001101708582709504,0.012428535918468804,0.2617801047120419,0.862074363379915,0.07329842931937172,0.518324607329843,172556,191,21.056739717000028,0,3458400,8074416,0,2882,2654118912,45,cedc8408e2b049b25123054f877141ae2ef1e5a124569dcdc008121de41754d6,2a29c2cdb9e5dc9c1b41f499447fdcece146c6bad38722d905ebba298f7ea2b7
rtx,ibm,fedmlp,louvain,20261004,456,0.05147947202839808,0.099626400996264,0.0010843428414890682,0.06535947712418301,0.2094240837696335,0.8895790513951051,0.3193717277486911,0.7172774869109948,172556,191,4.750894191000043,0,8526000,0,0,7105,477165056,20,cedc8408e2b049b25123054f877141ae2ef1e5a124569dcdc008121de41754d6,7c1fdd36fcc51f6c3f97ae3f4d46be3c95bbb3cb8965966788bd8f46f13453a6
rtx,ibm,fresh,louvain,20261004,456,0.04011374426561934,0.08787346221441125,0.0010846636518189049,0.06613756613756613,0.13089005235602094,0.907223211184472,0.32460732984293195,0.7015706806282722,172556,191,14.073796000999891,987878400,16666800,0,1446656000,13889,961286144,40,cedc8408e2b049b25123054f877141ae2ef1e5a124569dcdc008121de41754d6,ffbc4647057ab3f7549d8d805dce104d2c8b6b6e1344e3d6706b1e395f64322c
rtx,ibm,local,louvain,20261004,456,0.029473486617518672,0.048582995951417005,0.0010968317594642243,0.10714285714285714,0.031413612565445025,0.837813172855667,0.2198952879581152,0.6230366492146597,172556,191,10.750742132999903,0,0,0,0,13889,595586048,50,cedc8408e2b049b25123054f877141ae2ef1e5a124569dcdc008121de41754d6,ffbc4647057ab3f7549d8d805dce104d2c8b6b6e1344e3d6706b1e395f64322c
rtx,ibm,oracle,louvain,20261004,456,0.04065444567967688,0.09287925696594428,0.0010889998326980448,0.11363636363636363,0.07853403141361257,0.8932255959326542,0.3612565445026178,0.7172774869109948,172556,191,10.362904644000082,1636173600,16666800,0,1446656000,13889,880075264,50,cedc8408e2b049b25123054f877141ae2ef1e5a124569dcdc008121de41754d6,ffbc4647057ab3f7549d8d805dce104d2c8b6b6e1344e3d6706b1e395f64322c
rtx,ibm,shuffled,louvain,20261004,456,0.03125180971386744,0.0915032679738562,0.0010923884502785615,0.0665083135391924,0.14659685863874344,0.8977135152284745,0.32460732984293195,0.7172774869109948,172556,191,14.742710588999898,493939200,16666800,0,723328000,13889,961786368,50,cedc8408e2b049b25123054f877141ae2ef1e5a124569dcdc008121de41754d6,ffbc4647057ab3f7549d8d805dce104d2c8b6b6e1344e3d6706b1e395f64322c
rtx,ibm,current,louvain,20261005,123,0.03732673846965474,0.0840630472854641,0.0010874855691743366,0.06315789473684211,0.1256544502617801,0.9178111164621892,0.21465968586387435,0.6963350785340314,172556,191,12.179287424999984,493798400,16666800,0,724441600,13889,963436544,15,432aacfba520ae1b28aca46fa1517b51b97797e4b88d503ed36d5b71af143a22,5b3e0fb7f2757da1b3f11d1af630d718210061e0acc172a00682d6de804081bb
rtx,ibm,fedavg,louvain,20261005,123,0.04087905784853269,0.07339449541284404,0.0010837554827413578,0.08823529411764706,0.06282722513089005,0.8946727714519126,0.32460732984293195,0.7225130890052356,172556,191,8.852087281999957,0,16666800,0,0,13889,595819520,50,432aacfba520ae1b28aca46fa1517b51b97797e4b88d503ed36d5b71af143a22,5b3e0fb7f2757da1b3f11d1af630d718210061e0acc172a00682d6de804081bb
rtx,ibm,fedgcn,louvain,20261005,123,0.010197463982560856,0.03361344537815126,0.0011006952463540963,0.03614457831325301,0.031413612565445025,0.8634196152903942,0.06282722513089005,0.5445026178010471,172556,191,21.02954229099987,0,3458400,8069544,0,2882,2656089088,30,432aacfba520ae1b28aca46fa1517b51b97797e4b88d503ed36d5b71af143a22,edcc4fcac4d91435de69ff1216dd2ed8eca4ea2946a15440c969eb82abb5094a
rtx,ibm,fedmlp,louvain,20261005,123,0.046214884710985955,0.09007164790174002,0.0010846942446250758,0.05597964376590331,0.23036649214659685,0.8928347900466304,0.3193717277486911,0.7277486910994765,172556,191,4.731764121000197,0,8526000,0,0,7105,477904896,25,432aacfba520ae1b28aca46fa1517b51b97797e4b88d503ed36d5b71af143a22,dae2ee3864e4d838f8f3715b7b3a6cbe4db977ad89a70ce995dc1054a5c3cc99
rtx,ibm,fresh,louvain,20261005,123,0.03529459882456497,0.0823327615780446,0.0010875471203978966,0.061224489795918366,0.1256544502617801,0.9175839563643631,0.20418848167539266,0.6963350785340314,172556,191,14.085150354000234,987596800,16666800,0,1448883200,13889,962128896,15,432aacfba520ae1b28aca46fa1517b51b97797e4b88d503ed36d5b71af143a22,5b3e0fb7f2757da1b3f11d1af630d718210061e0acc172a00682d6de804081bb
rtx,ibm,local,louvain,20261005,123,0.026061367571378346,0.04590163934426229,0.0010980985491275983,0.06140350877192982,0.03664921465968586,0.8435699507149004,0.29842931937172773,0.6335078534031413,172556,191,8.72138128000006,0,0,0,0,13889,595570688,45,432aacfba520ae1b28aca46fa1517b51b97797e4b88d503ed36d5b71af143a22,5b3e0fb7f2757da1b3f11d1af630d718210061e0acc172a00682d6de804081bb
rtx,ibm,oracle,louvain,20261005,123,0.04132064561047047,0.09259259259259259,0.0010860836797065314,0.11278195488721804,0.07853403141361257,0.9103430213158701,0.2879581151832461,0.680628272251309,172556,191,10.367620231999808,1635707200,16666800,0,1448883200,13889,879625216,40,432aacfba520ae1b28aca46fa1517b51b97797e4b88d503ed36d5b71af143a22,5b3e0fb7f2757da1b3f11d1af630d718210061e0acc172a00682d6de804081bb
rtx,ibm,shuffled,louvain,20261005,123,0.03728690974554891,0.06629834254143646,0.0010859996117788282,0.04201680672268908,0.15706806282722513,0.9096474166063342,0.31413612565445026,0.7382198952879581,172556,191,14.749372811000285,493798400,16666800,0,724441600,13889,962891776,50,432aacfba520ae1b28aca46fa1517b51b97797e4b88d503ed36d5b71af143a22,5b3e0fb7f2757da1b3f11d1af630d718210061e0acc172a00682d6de804081bb
rtx,ibm,current,louvain,20261005,42,0.037121957036553944,0.08902077151335312,0.0010854867112698216,0.10273972602739725,0.07853403141361257,0.9013741689945376,0.3193717277486911,0.6963350785340314,172556,191,12.23638850600014,493798400,16666800,0,724441600,13889,961976320,45,432aacfba520ae1b28aca46fa1517b51b97797e4b88d503ed36d5b71af143a22,45baacf6f0c35cb04828c2ca3ff14010c040cba5ace72b6bbee7bc68b3400cb0
rtx,ibm,fedavg,louvain,20261005,42,0.04567030221316231,0.09022556390977443,0.0010816933160329517,0.16,0.06282722513089005,0.9117593813080516,0.3089005235602094,0.6963350785340314,172556,191,8.83544982699982,0,16666800,0,0,13889,595570688,25,432aacfba520ae1b28aca46fa1517b51b97797e4b88d503ed36d5b71af143a22,45baacf6f0c35cb04828c2ca3ff14010c040cba5ace72b6bbee7bc68b3400cb0
rtx,ibm,fedgcn,louvain,20261005,42,0.010315624108400924,0.037037037037037035,0.0011006505275255683,0.0374331550802139,0.03664921465968586,0.8543508137410217,0.07853403141361257,0.5287958115183246,172556,191,21.035849176000056,0,3458400,8069544,0,2882,2655247872,35,432aacfba520ae1b28aca46fa1517b51b97797e4b88d503ed36d5b71af143a22,06dcbe94e3ea7fea5c20e1c25953cd46595b3ad2adc341488eca1ae1ef048c33
rtx,ibm,fedmlp,louvain,20261005,42,0.042616665534963336,0.09443507588532883,0.0010867594351754474,0.06965174129353234,0.14659685863874344,0.8922868386413041,0.31413612565445026,0.7120418848167539,172556,191,4.741162630999952,0,8526000,0,0,7105,477180416,15,432aacfba520ae1b28aca46fa1517b51b97797e4b88d503ed36d5b71af143a22,59117d67ef2f04365e2d705ac004a58ce85cd11f3250565e55099f0ea932e74f
rtx,ibm,fresh,louvain,20261005,42,0.03765730570509299,0.06960304513322457,0.0010855846747864076,0.038834951456310676,0.33507853403141363,0.91997116492868,0.3403141361256545,0.680628272251309,172556,191,14.073817355000074,987596800,16666800,0,1448883200,13889,961976320,20,432aacfba520ae1b28aca46fa1517b51b97797e4b88d503ed36d5b71af143a22,45baacf6f0c35cb04828c2ca3ff14010c040cba5ace72b6bbee7bc68b3400cb0
rtx,ibm,local,louvain,20261005,42,0.02779119639945195,0.04878048780487805,0.0010972882123327589,0.07291666666666667,0.03664921465968586,0.8616193445572322,0.24607329842931938,0.6335078534031413,172556,191,9.624576256000182,0,0,0,0,13889,595570688,30,432aacfba520ae1b28aca46fa1517b51b97797e4b88d503ed36d5b71af143a22,45baacf6f0c35cb04828c2ca3ff14010c040cba5ace72b6bbee7bc68b3400cb0
rtx,ibm,oracle,louvain,20261005,42,0.0364550006079983,0.0949367088607595,0.0010882114171583102,0.12,0.07853403141361257,0.9218769587185844,0.3298429319371728,0.6963350785340314,172556,191,10.364967452999963,1635707200,16666800,0,1448883200,13889,879672320,20,432aacfba520ae1b28aca46fa1517b51b97797e4b88d503ed36d5b71af143a22,45baacf6f0c35cb04828c2ca3ff14010c040cba5ace72b6bbee7bc68b3400cb0
rtx,ibm,shuffled,louvain,20261005,42,0.03470832211507316,0.08067226890756303,0.0010863744623659211,0.0594059405940594,0.1256544502617801,0.9019609853253392,0.3089005235602094,0.7015706806282722,172556,191,14.749874605000059,493798400,16666800,0,724441600,13889,961451008,45,432aacfba520ae1b28aca46fa1517b51b97797e4b88d503ed36d5b71af143a22,45baacf6f0c35cb04828c2ca3ff14010c040cba5ace72b6bbee7bc68b3400cb0
rtx,ibm,current,louvain,20261005,456,0.0462107398867706,0.08,0.001084534947175623,0.05040871934604905,0.193717277486911,0.9138659848066846,0.31413612565445026,0.7329842931937173,172556,191,12.18566126199994,493798400,16666800,0,724441600,13889,964372480,50,432aacfba520ae1b28aca46fa1517b51b97797e4b88d503ed36d5b71af143a22,ffbc4647057ab3f7549d8d805dce104d2c8b6b6e1344e3d6706b1e395f64322c
rtx,ibm,fedavg,louvain,20261005,456,0.030428986590233322,0.07567567567567568,0.0010881572204254676,0.0782122905027933,0.07329842931937172,0.9002032093407042,0.31413612565445026,0.7172774869109948,172556,191,8.851005228999838,0,16666800,0,0,13889,596808192,50,432aacfba520ae1b28aca46fa1517b51b97797e4b88d503ed36d5b71af143a22,ffbc4647057ab3f7549d8d805dce104d2c8b6b6e1344e3d6706b1e395f64322c
rtx,ibm,fedgcn,louvain,20261005,456,0.008652872144513431,0.02333028362305581,0.0011015991097202615,0.012198038746711314,0.2670157068062827,0.8633906070810708,0.07329842931937172,0.518324607329843,172556,191,21.02125404299977,0,3458400,8069544,0,2882,2655731200,40,432aacfba520ae1b28aca46fa1517b51b97797e4b88d503ed36d5b71af143a22,2a29c2cdb9e5dc9c1b41f499447fdcece146c6bad38722d905ebba298f7ea2b7
rtx,ibm,fedmlp,louvain,20261005,456,0.04796719023023886,0.08386508659981769,0.0010834115408242405,0.05077262693156733,0.24083769633507854,0.8966463320638065,0.3769633507853403,0.7591623036649214,172556,191,4.742622360000041,0,8526000,0,0,7105,478417920,30,432aacfba520ae1b28aca46fa1517b51b97797e4b88d503ed36d5b71af143a22,7c1fdd36fcc51f6c3f97ae3f4d46be3c95bbb3cb8965966788bd8f46f13453a6
rtx,ibm,fresh,louvain,20261005,456,0.0417499466673732,0.09145129224652088,0.0010857713183827777,0.07371794871794872,0.12041884816753927,0.9169669775708829,0.3403141361256545,0.7329842931937173,172556,191,14.094572574000267,987596800,16666800,0,1448883200,13889,964372480,45,432aacfba520ae1b28aca46fa1517b51b97797e4b88d503ed36d5b71af143a22,ffbc4647057ab3f7549d8d805dce104d2c8b6b6e1344e3d6706b1e395f64322c
rtx,ibm,local,louvain,20261005,456,0.03407294309479904,0.04199475065616798,0.0010966647970953008,0.042105263157894736,0.041884816753926704,0.8587664707017845,0.28272251308900526,0.6387434554973822,172556,191,10.06084349699995,0,0,0,0,13889,595819520,40,432aacfba520ae1b28aca46fa1517b51b97797e4b88d503ed36d5b71af143a22,ffbc4647057ab3f7549d8d805dce104d2c8b6b6e1344e3d6706b1e395f64322c
rtx,ibm,oracle,louvain,20261005,456,0.050811264184534397,0.10606060606060606,0.00108724802304726,0.1024390243902439,0.1099476439790576,0.8927283709247833,0.35602094240837695,0.6963350785340314,172556,191,10.381025795999903,1635707200,16666800,0,1448883200,13889,881058304,50,432aacfba520ae1b28aca46fa1517b51b97797e4b88d503ed36d5b71af143a22,ffbc4647057ab3f7549d8d805dce104d2c8b6b6e1344e3d6706b1e395f64322c
rtx,ibm,shuffled,louvain,20261005,456,0.03379774207630115,0.06309148264984227,0.0010860691537926714,0.07936507936507936,0.05235602094240838,0.9129749771541367,0.3193717277486911,0.7382198952879581,172556,191,14.749709637000251,493798400,16666800,0,724441600,13889,963606528,35,432aacfba520ae1b28aca46fa1517b51b97797e4b88d503ed36d5b71af143a22,ffbc4647057ab3f7549d8d805dce104d2c8b6b6e1344e3d6706b1e395f64322c
rtx,ibm,centralized,random,20261003,123,0.041131679512151846,0.08917197452229299,0.0010860195141794479,0.11382113821138211,0.07329842931937172,0.8812696422406914,0.32460732984293195,0.6910994764397905,172556,191,9.013272486999995,0,0,0,0,13889,1570193920,45,d0e9ffb2e7b8c218e9bc2044824624f1d4a07d530e67d1bc490e76a575f29855,5b3e0fb7f2757da1b3f11d1af630d718210061e0acc172a00682d6de804081bb
rtx,ibm,current,random,20261003,123,0.03482961754963519,0.07671232876712329,0.0010854045844641248,0.08045977011494253,0.07329842931937172,0.9080588754261434,0.3612565445026178,0.7225130890052356,172556,191,10.334395790999992,1461094400,16666800,0,2255654400,13889,895015424,45,d0e9ffb2e7b8c218e9bc2044824624f1d4a07d530e67d1bc490e76a575f29855,5b3e0fb7f2757da1b3f11d1af630d718210061e0acc172a00682d6de804081bb
rtx,ibm,fedavg,random,20261003,123,0.029482448185575265,0.05818181818181818,0.0010887425507900503,0.03152364273204904,0.3769633507853403,0.8884429015924595,0.31413612565445026,0.743455497382199,172556,191,8.214931559999997,0,16666800,0,0,13889,585877504,50,d0e9ffb2e7b8c218e9bc2044824624f1d4a07d530e67d1bc490e76a575f29855,5b3e0fb7f2757da1b3f11d1af630d718210061e0acc172a00682d6de804081bb
rtx,ibm,fedgcn,random,20261003,123,0.010212976065795269,0.03428571428571429,0.001100590471878836,0.03773584905660377,0.031413612565445025,0.8608292581355497,0.06282722513089005,0.518324607329843,172556,191,24.758866730000022,0,3458400,21002352,0,2882,2933693440,15,d0e9ffb2e7b8c218e9bc2044824624f1d4a07d530e67d1bc490e76a575f29855,edcc4fcac4d91435de69ff1216dd2ed8eca4ea2946a15440c969eb82abb5094a
rtx,ibm,fedmlp,random,20261003,123,0.04342401410439283,0.08802456499488229,0.0010829161330275694,0.054707379134860054,0.225130890052356,0.8919373580629077,0.3612565445026178,0.7382198952879581,172556,191,4.826483434000011,0,8526000,0,0,7105,478496768,50,d0e9ffb2e7b8c218e9bc2044824624f1d4a07d530e67d1bc490e76a575f29855,dae2ee3864e4d838f8f3715b7b3a6cbe4db977ad89a70ce995dc1054a5c3cc99
rtx,ibm,fresh,random,20261003,123,0.039679204172368754,0.0794392523364486,0.0010832301135266045,0.07172995780590717,0.08900523560209424,0.9035955599518433,0.3717277486910995,0.7225130890052356,172556,191,11.64042594899999,2922188800,16666800,0,4511308800,13889,895015424,50,d0e9ffb2e7b8c218e9bc2044824624f1d4a07d530e67d1bc490e76a575f29855,5b3e0fb7f2757da1b3f11d1af630d718210061e0acc172a00682d6de804081bb
rtx,ibm,local,random,20261003,123,0.028038653964472752,0.07355516637478109,0.0010965209674349342,0.05526315789473684,0.1099476439790576,0.8399590209683792,0.35602094240837695,0.6387434554973822,172556,191,7.524553142000059,0,0,0,0,13889,588058624,50,d0e9ffb2e7b8c218e9bc2044824624f1d4a07d530e67d1bc490e76a575f29855,5b3e0fb7f2757da1b3f11d1af630d718210061e0acc172a00682d6de804081bb
rtx,ibm,mlp,random,20261003,123,0.04740869273640637,0.09205020920502092,0.0010880867524441975,0.07665505226480836,0.11518324607329843,0.8869518036955244,0.2879581151832461,0.7120418848167539,172556,191,4.898530970999985,0,0,0,0,7105,1288468992,15,d0e9ffb2e7b8c218e9bc2044824624f1d4a07d530e67d1bc490e76a575f29855,dae2ee3864e4d838f8f3715b7b3a6cbe4db977ad89a70ce995dc1054a5c3cc99
rtx,ibm,oracle,random,20261003,123,0.0395910767289637,0.10278372591006424,0.0010926121724905695,0.08695652173913043,0.1256544502617801,0.912934046722657,0.3507853403141361,0.7172774869109948,172556,191,10.27893057099999,4839875200,16666800,0,4511308800,13889,975172096,45,d0e9ffb2e7b8c218e9bc2044824624f1d4a07d530e67d1bc490e76a575f29855,5b3e0fb7f2757da1b3f11d1af630d718210061e0acc172a00682d6de804081bb
rtx,ibm,shuffled,random,20261003,123,0.03377911616727189,0.0728476821192053,0.0010867545915146095,0.0990990990990991,0.05759162303664921,0.8911344381664199,0.35602094240837695,0.7329842931937173,172556,191,13.171221851999974,1461094400,16666800,0,2255654400,13889,895015424,50,d0e9ffb2e7b8c218e9bc2044824624f1d4a07d530e67d1bc490e76a575f29855,5b3e0fb7f2757da1b3f11d1af630d718210061e0acc172a00682d6de804081bb
rtx,ibm,centralized,random,20261003,42,0.034788919657494456,0.06769230769230769,0.0010873843450543768,0.08208955223880597,0.05759162303664921,0.9175090058339913,0.3036649214659686,0.6963350785340314,172556,191,9.171153662000052,0,0,0,0,13889,1570193920,15,d0e9ffb2e7b8c218e9bc2044824624f1d4a07d530e67d1bc490e76a575f29855,45baacf6f0c35cb04828c2ca3ff14010c040cba5ace72b6bbee7bc68b3400cb0
rtx,ibm,current,random,20261003,42,0.03749036526429521,0.08210689388071263,0.0010853926811306262,0.04818181818181818,0.2774869109947644,0.9041500571886975,0.36649214659685864,0.7225130890052356,172556,191,10.493025969999962,1461094400,16666800,0,2255654400,13889,895015424,35,d0e9ffb2e7b8c218e9bc2044824624f1d4a07d530e67d1bc490e76a575f29855,45baacf6f0c35cb04828c2ca3ff14010c040cba5ace72b6bbee7bc68b3400cb0
rtx,ibm,fedavg,random,20261003,42,0.032669301282240756,0.06578947368421052,0.0010873274619780963,0.08849557522123894,0.05235602094240838,0.9052217662415217,0.35602094240837695,0.7225130890052356,172556,191,7.653387904000056,0,16666800,0,0,13889,586612736,25,d0e9ffb2e7b8c218e9bc2044824624f1d4a07d530e67d1bc490e76a575f29855,45baacf6f0c35cb04828c2ca3ff14010c040cba5ace72b6bbee7bc68b3400cb0
rtx,ibm,fedgcn,random,20261003,42,0.010293339870173505,0.03508771929824561,0.0011007202628771256,0.03018867924528302,0.041884816753926704,0.8561926072198851,0.07329842931937172,0.5392670157068062,172556,191,24.946197010999867,0,3458400,21002352,0,2882,2933693440,40,d0e9ffb2e7b8c218e9bc2044824624f1d4a07d530e67d1bc490e76a575f29855,06dcbe94e3ea7fea5c20e1c25953cd46595b3ad2adc341488eca1ae1ef048c33
rtx,ibm,fedmlp,random,20261003,42,0.04448251654849704,0.08833922261484099,0.0010848245512215331,0.06666666666666667,0.13089005235602094,0.890144392538481,0.3089005235602094,0.7382198952879581,172556,191,4.9381871690000025,0,8526000,0,0,7105,478496768,20,d0e9ffb2e7b8c218e9bc2044824624f1d4a07d530e67d1bc490e76a575f29855,59117d67ef2f04365e2d705ac004a58ce85cd11f3250565e55099f0ea932e74f
rtx,ibm,fresh,random,20261003,42,0.0358798722576257,0.07865168539325842,0.001087647177939401,0.08484848484848485,0.07329842931937172,0.9148394608239576,0.3507853403141361,0.7225130890052356,172556,191,11.862207421000107,2922188800,16666800,0,4511308800,13889,895015424,40,d0e9ffb2e7b8c218e9bc2044824624f1d4a07d530e67d1bc490e76a575f29855,45baacf6f0c35cb04828c2ca3ff14010c040cba5ace72b6bbee7bc68b3400cb0
rtx,ibm,local,random,20261003,42,0.02221997357973222,0.045112781954887216,0.0010940897657796547,0.04326923076923077,0.04712041884816754,0.8639194677434028,0.2198952879581152,0.643979057591623,172556,191,8.01033062900001,0,0,0,0,13889,585877504,15,d0e9ffb2e7b8c218e9bc2044824624f1d4a07d530e67d1bc490e76a575f29855,45baacf6f0c35cb04828c2ca3ff14010c040cba5ace72b6bbee7bc68b3400cb0
rtx,ibm,mlp,random,20261003,42,0.049772281869888,0.09747899159663866,0.0010869199481690385,0.07178217821782178,0.1518324607329843,0.8896963296110181,0.3403141361256545,0.7329842931937173,172556,191,4.954164537999986,0,0,0,0,7105,1288468992,15,d0e9ffb2e7b8c218e9bc2044824624f1d4a07d530e67d1bc490e76a575f29855,59117d67ef2f04365e2d705ac004a58ce85cd11f3250565e55099f0ea932e74f
rtx,ibm,oracle,random,20261003,42,0.0526219325722728,0.11290322580645161,0.001080605441768601,0.11602209944751381,0.1099476439790576,0.914709941447461,0.3403141361256545,0.7277486910994765,172556,191,10.472783834999973,4839875200,16666800,0,4511308800,13889,975172096,50,d0e9ffb2e7b8c218e9bc2044824624f1d4a07d530e67d1bc490e76a575f29855,45baacf6f0c35cb04828c2ca3ff14010c040cba5ace72b6bbee7bc68b3400cb0
rtx,ibm,shuffled,random,20261003,42,0.03800947162446169,0.08932038834951456,0.0010852972746136379,0.054827175208581644,0.24083769633507854,0.8862372297433472,0.3507853403141361,0.7277486910994765,172556,191,13.460357153000018,1461094400,16666800,0,2255654400,13889,895015424,50,d0e9ffb2e7b8c218e9bc2044824624f1d4a07d530e67d1bc490e76a575f29855,45baacf6f0c35cb04828c2ca3ff14010c040cba5ace72b6bbee7bc68b3400cb0
rtx,ibm,centralized,random,20261003,456,0.033090421382048006,0.08099688473520249,0.0010897778988071716,0.1,0.06806282722513089,0.896080626419371,0.28272251308900526,0.6596858638743456,172556,191,9.061314984000035,0,0,0,0,13889,1570193920,30,d0e9ffb2e7b8c218e9bc2044824624f1d4a07d530e67d1bc490e76a575f29855,ffbc4647057ab3f7549d8d805dce104d2c8b6b6e1344e3d6706b1e395f64322c
rtx,ibm,current,random,20261003,456,0.0279696011885408,0.08286252354048965,0.0010934888477666964,0.06470588235294118,0.11518324607329843,0.8942067416597221,0.34554973821989526,0.7172774869109948,172556,191,10.245047302000046,1461094400,16666800,0,2255654400,13889,895015424,50,d0e9ffb2e7b8c218e9bc2044824624f1d4a07d530e67d1bc490e76a575f29855,ffbc4647057ab3f7549d8d805dce104d2c8b6b6e1344e3d6706b1e395f64322c
rtx,ibm,fedavg,random,20261003,456,0.041148661506727045,0.08635917566241413,0.00108544451743134,0.05314009661835749,0.23036649214659685,0.8988883173309774,0.34554973821989526,0.743455497382199,172556,191,7.559073292999983,0,16666800,0,0,13889,586612736,35,d0e9ffb2e7b8c218e9bc2044824624f1d4a07d530e67d1bc490e76a575f29855,ffbc4647057ab3f7549d8d805dce104d2c8b6b6e1344e3d6706b1e395f64322c
rtx,ibm,fedgcn,random,20261003,456,0.008572076259605203,0.0226943505552873,0.0011016095814367322,0.011895722601872943,0.24607329842931938,0.862034632764423,0.06806282722513089,0.5026178010471204,172556,191,25.277336867999963,0,3458400,21002352,0,2882,2933693440,35,d0e9ffb2e7b8c218e9bc2044824624f1d4a07d530e67d1bc490e76a575f29855,2a29c2cdb9e5dc9c1b41f499447fdcece146c6bad38722d905ebba298f7ea2b7
rtx,ibm,fedmlp,random,20261003,456,0.042746393502969555,0.10301953818827708,0.0010876328353564369,0.07795698924731183,0.1518324607329843,0.8919063906603893,0.29842931937172773,0.7382198952879581,172556,191,4.836966587999996,0,8526000,0,0,7105,478496768,15,d0e9ffb2e7b8c218e9bc2044824624f1d4a07d530e67d1bc490e76a575f29855,7c1fdd36fcc51f6c3f97ae3f4d46be3c95bbb3cb8965966788bd8f46f13453a6
rtx,ibm,fresh,random,20261003,456,0.027966652024219864,0.0777027027027027,0.0010949432200245692,0.057356608478802994,0.12041884816753927,0.8977160819234355,0.33507853403141363,0.7277486910994765,172556,191,11.678502260000016,2922188800,16666800,0,4511308800,13889,895015424,50,d0e9ffb2e7b8c218e9bc2044824624f1d4a07d530e67d1bc490e76a575f29855,ffbc4647057ab3f7549d8d805dce104d2c8b6b6e1344e3d6706b1e395f64322c
rtx,ibm,local,random,20261003,456,0.01760239448351356,0.0311284046692607,0.0010953304622937673,0.06060606060606061,0.020942408376963352,0.8586780791948414,0.18324607329842932,0.612565445026178,172556,191,7.431633004999981,0,0,0,0,13889,588058624,15,d0e9ffb2e7b8c218e9bc2044824624f1d4a07d530e67d1bc490e76a575f29855,ffbc4647057ab3f7549d8d805dce104d2c8b6b6e1344e3d6706b1e395f64322c
rtx,ibm,mlp,random,20261003,456,0.046482584687337,0.09974424552429667,0.0010855781927994895,0.06598984771573604,0.20418848167539266,0.8954308425305303,0.3612565445026178,0.7068062827225131,172556,191,4.906660048999981,0,0,0,0,7105,1288468992,15,d0e9ffb2e7b8c218e9bc2044824624f1d4a07d530e67d1bc490e76a575f29855,7c1fdd36fcc51f6c3f97ae3f4d46be3c95bbb3cb8965966788bd8f46f13453a6
rtx,ibm,oracle,random,20261003,456,0.025299523307745563,0.04951560818083961,0.0010913621029748732,0.03116531165311653,0.12041884816753927,0.9143139717964267,0.2617801047120419,0.7120418848167539,172556,191,10.282263848000014,4839875200,16666800,0,4511308800,13889,975172096,30,d0e9ffb2e7b8c218e9bc2044824624f1d4a07d530e67d1bc490e76a575f29855,ffbc4647057ab3f7549d8d805dce104d2c8b6b6e1344e3d6706b1e395f64322c
rtx,ibm,shuffled,random,20261003,456,0.04367762594618096,0.07239819004524888,0.0010853027089650351,0.06374501992031872,0.08376963350785341,0.9001412441605792,0.31413612565445026,0.7172774869109948,172556,191,13.166713415999993,1461094400,16666800,0,2255654400,13889,895015424,25,d0e9ffb2e7b8c218e9bc2044824624f1d4a07d530e67d1bc490e76a575f29855,ffbc4647057ab3f7549d8d805dce104d2c8b6b6e1344e3d6706b1e395f64322c
rtx,ibm,current,random,20261004,123,0.028679693529394288,0.06018518518518518,0.0010898575649006884,0.05394190871369295,0.06806282722513089,0.9064165703396679,0.3298429319371728,0.7068062827225131,172556,191,10.292163759000005,1467404800,16666800,0,2258547200,13889,895862784,30,88ae290bb8384fa5c058c6904d16f48d4b01387420f6d8ab5cfc5b6d23545992,5b3e0fb7f2757da1b3f11d1af630d718210061e0acc172a00682d6de804081bb
rtx,ibm,fedavg,random,20261004,123,0.0314037208276449,0.0696969696969697,0.0010881810575566317,0.04904051172707889,0.12041884816753927,0.8828980659118154,0.34554973821989526,0.7015706806282722,172556,191,7.526271702000031,0,16666800,0,0,13889,592686080,45,88ae290bb8384fa5c058c6904d16f48d4b01387420f6d8ab5cfc5b6d23545992,5b3e0fb7f2757da1b3f11d1af630d718210061e0acc172a00682d6de804081bb
rtx,ibm,fedgcn,random,20261004,123,0.0100641679506248,0.033816425120772944,0.0011007485501484593,0.03139013452914798,0.03664921465968586,0.8631244909325047,0.06282722513089005,0.5497382198952879,172556,191,23.40563681900005,0,3458400,21072744,0,2882,2934609920,35,88ae290bb8384fa5c058c6904d16f48d4b01387420f6d8ab5cfc5b6d23545992,edcc4fcac4d91435de69ff1216dd2ed8eca4ea2946a15440c969eb82abb5094a
rtx,ibm,fedmlp,random,20261004,123,0.04279335379035365,0.09309309309309309,0.0010853573859225492,0.06526315789473684,0.16230366492146597,0.889925418526951,0.387434554973822,0.7225130890052356,172556,191,4.7099168130000635,0,8526000,0,0,7105,483546112,20,88ae290bb8384fa5c058c6904d16f48d4b01387420f6d8ab5cfc5b6d23545992,dae2ee3864e4d838f8f3715b7b3a6cbe4db977ad89a70ce995dc1054a5c3cc99
rtx,ibm,fresh,random,20261004,123,0.026941565453082763,0.0622610595303113,0.0010908623978267615,0.03475609756097561,0.29842931937172773,0.9070907909870431,0.29842931937172773,0.6963350785340314,172556,191,11.605084720000036,2934809600,16666800,0,4517094400,13889,895862784,30,88ae290bb8384fa5c058c6904d16f48d4b01387420f6d8ab5cfc5b6d23545992,5b3e0fb7f2757da1b3f11d1af630d718210061e0acc172a00682d6de804081bb
rtx,ibm,local,random,20261004,123,0.01629740423247096,0.020338983050847456,0.001096196103122228,0.015037593984962405,0.031413612565445025,0.8797163361629247,0.24083769633507854,0.6701570680628273,172556,191,7.389599266999994,0,0,0,0,13889,594390528,30,88ae290bb8384fa5c058c6904d16f48d4b01387420f6d8ab5cfc5b6d23545992,5b3e0fb7f2757da1b3f11d1af630d718210061e0acc172a00682d6de804081bb
rtx,ibm,oracle,random,20261004,123,0.03724910382940443,0.08928571428571429,0.0010867182592588615,0.10344827586206896,0.07853403141361257,0.9085023669028178,0.3089005235602094,0.7015706806282722,172556,191,10.247524165000073,4860778400,16666800,0,4517094400,13889,974910976,50,88ae290bb8384fa5c058c6904d16f48d4b01387420f6d8ab5cfc5b6d23545992,5b3e0fb7f2757da1b3f11d1af630d718210061e0acc172a00682d6de804081bb
rtx,ibm,shuffled,random,20261004,123,0.03053547452751085,0.06678700361010831,0.0010880530408452977,0.04034896401308615,0.193717277486911,0.8956784602503242,0.33507853403141363,0.7225130890052356,172556,191,13.029152495000062,1467404800,16666800,0,2258547200,13889,896037376,45,88ae290bb8384fa5c058c6904d16f48d4b01387420f6d8ab5cfc5b6d23545992,5b3e0fb7f2757da1b3f11d1af630d718210061e0acc172a00682d6de804081bb
rtx,ibm,current,random,20261004,42,0.032446514017291414,0.06572769953051644,0.0010886597057093604,0.059574468085106386,0.07329842931937172,0.9098932877585508,0.33507853403141363,0.675392670157068,172556,191,10.306064135999975,1467404800,16666800,0,2258547200,13889,895862784,35,88ae290bb8384fa5c058c6904d16f48d4b01387420f6d8ab5cfc5b6d23545992,45baacf6f0c35cb04828c2ca3ff14010c040cba5ace72b6bbee7bc68b3400cb0
rtx,ibm,fedavg,random,20261004,42,0.028798061119109312,0.05582922824302135,0.0010895155781920176,0.04066985645933014,0.08900523560209424,0.8760490302525249,0.3193717277486911,0.7120418848167539,172556,191,7.6050363599999855,0,16666800,0,0,13889,592686080,50,88ae290bb8384fa5c058c6904d16f48d4b01387420f6d8ab5cfc5b6d23545992,45baacf6f0c35cb04828c2ca3ff14010c040cba5ace72b6bbee7bc68b3400cb0
rtx,ibm,fedgcn,random,20261004,42,0.010234731008712934,0.037209302325581395,0.0011008187913815561,0.03347280334728033,0.041884816753926704,0.8562991478420854,0.07329842931937172,0.5340314136125655,172556,191,23.229472732999966,0,3458400,21072744,0,2882,2934609920,40,88ae290bb8384fa5c058c6904d16f48d4b01387420f6d8ab5cfc5b6d23545992,06dcbe94e3ea7fea5c20e1c25953cd46595b3ad2adc341488eca1ae1ef048c33
rtx,ibm,fedmlp,random,20261004,42,0.04646342236912537,0.09335219236209336,0.0010799785252301826,0.06395348837209303,0.17277486910994763,0.8978435357939282,0.3403141361256545,0.7591623036649214,172556,191,4.7176392949999695,0,8526000,0,0,7105,483546112,50,88ae290bb8384fa5c058c6904d16f48d4b01387420f6d8ab5cfc5b6d23545992,59117d67ef2f04365e2d705ac004a58ce85cd11f3250565e55099f0ea932e74f
rtx,ibm,fresh,random,20261004,42,0.03146701561425405,0.0641025641025641,0.0010885258535049801,0.08264462809917356,0.05235602094240838,0.8937450706927024,0.33507853403141363,0.6701570680628273,172556,191,11.629399849000038,2934809600,16666800,0,4517094400,13889,895862784,50,88ae290bb8384fa5c058c6904d16f48d4b01387420f6d8ab5cfc5b6d23545992,45baacf6f0c35cb04828c2ca3ff14010c040cba5ace72b6bbee7bc68b3400cb0
rtx,ibm,local,random,20261004,42,0.024439291183154382,0.039647577092511016,0.0010932545982398354,0.034220532319391636,0.04712041884816754,0.8811993239112847,0.3193717277486911,0.6963350785340314,172556,191,8.015738943999963,0,0,0,0,13889,592304640,30,88ae290bb8384fa5c058c6904d16f48d4b01387420f6d8ab5cfc5b6d23545992,45baacf6f0c35cb04828c2ca3ff14010c040cba5ace72b6bbee7bc68b3400cb0
rtx,ibm,oracle,random,20261004,42,0.029205759264473018,0.07123287671232877,0.0010926510252117997,0.07471264367816093,0.06806282722513089,0.9132914248240105,0.3036649214659686,0.7225130890052356,172556,191,10.26591713900001,4860778400,16666800,0,4517094400,13889,974910976,30,88ae290bb8384fa5c058c6904d16f48d4b01387420f6d8ab5cfc5b6d23545992,45baacf6f0c35cb04828c2ca3ff14010c040cba5ace72b6bbee7bc68b3400cb0
rtx,ibm,shuffled,random,20261004,42,0.033431453897266705,0.06589785831960461,0.0010869843800319604,0.04807692307692308,0.10471204188481675,0.8818464044172669,0.34554973821989526,0.6963350785340314,172556,191,13.203896942999961,1467404800,16666800,0,2258547200,13889,896037376,45,88ae290bb8384fa5c058c6904d16f48d4b01387420f6d8ab5cfc5b6d23545992,45baacf6f0c35cb04828c2ca3ff14010c040cba5ace72b6bbee7bc68b3400cb0
rtx,ibm,current,random,20261004,456,0.041924182227689934,0.07692307692307693,0.0010837577460044074,0.08092485549132948,0.07329842931937172,0.8925351853632171,0.27225130890052357,0.6963350785340314,172556,191,10.188351094999916,1467404800,16666800,0,2258547200,13889,895862784,40,88ae290bb8384fa5c058c6904d16f48d4b01387420f6d8ab5cfc5b6d23545992,ffbc4647057ab3f7549d8d805dce104d2c8b6b6e1344e3d6706b1e395f64322c
rtx,ibm,fedavg,random,20261004,456,0.02768200218097465,0.07489878542510121,0.0010905823398833043,0.04642409033877039,0.193717277486911,0.8977191346198095,0.2774869109947644,0.6910994764397905,172556,191,7.565795619000028,0,16666800,0,0,13889,592686080,20,88ae290bb8384fa5c058c6904d16f48d4b01387420f6d8ab5cfc5b6d23545992,ffbc4647057ab3f7549d8d805dce104d2c8b6b6e1344e3d6706b1e395f64322c
rtx,ibm,fedgcn,random,20261004,456,0.008639976508688557,0.023356181772023355,0.0011015781546816206,0.012273212379935965,0.24083769633507854,0.8631598019726494,0.06806282722513089,0.518324607329843,172556,191,24.01863270299998,0,3458400,21072744,0,2882,2934609920,40,88ae290bb8384fa5c058c6904d16f48d4b01387420f6d8ab5cfc5b6d23545992,2a29c2cdb9e5dc9c1b41f499447fdcece146c6bad38722d905ebba298f7ea2b7
rtx,ibm,fedmlp,random,20261004,456,0.04173891688756475,0.09813874788494077,0.0010868062428631322,0.0725,0.1518324607329843,0.8930800992597137,0.3089005235602094,0.7329842931937173,172556,191,4.7006226639999795,0,8526000,0,0,7105,483546112,15,88ae290bb8384fa5c058c6904d16f48d4b01387420f6d8ab5cfc5b6d23545992,7c1fdd36fcc51f6c3f97ae3f4d46be3c95bbb3cb8965966788bd8f46f13453a6
rtx,ibm,fresh,random,20261004,456,0.04018828926012293,0.07932011331444759,0.0010849453903304454,0.08641975308641975,0.07329842931937172,0.8894680000722927,0.3036649214659686,0.7015706806282722,172556,191,11.617984440999976,2934809600,16666800,0,4517094400,13889,895862784,50,88ae290bb8384fa5c058c6904d16f48d4b01387420f6d8ab5cfc5b6d23545992,ffbc4647057ab3f7549d8d805dce104d2c8b6b6e1344e3d6706b1e395f64322c
rtx,ibm,local,random,20261004,456,0.019805280955471828,0.037996545768566495,0.0010946661863236022,0.028350515463917526,0.05759162303664921,0.8779750082886023,0.2617801047120419,0.675392670157068,172556,191,9.82047846599994,0,0,0,0,13889,594390528,45,88ae290bb8384fa5c058c6904d16f48d4b01387420f6d8ab5cfc5b6d23545992,ffbc4647057ab3f7549d8d805dce104d2c8b6b6e1344e3d6706b1e395f64322c
rtx,ibm,oracle,random,20261004,456,0.042703445712468306,0.10289389067524116,0.0010846111510853047,0.13333333333333333,0.08376963350785341,0.9060457512617431,0.2931937172774869,0.7277486910994765,172556,191,10.269315396000025,4860778400,16666800,0,4517094400,13889,974910976,30,88ae290bb8384fa5c058c6904d16f48d4b01387420f6d8ab5cfc5b6d23545992,ffbc4647057ab3f7549d8d805dce104d2c8b6b6e1344e3d6706b1e395f64322c
rtx,ibm,shuffled,random,20261004,456,0.028646378371509677,0.07087827426810478,0.001089143103230948,0.05021834061135371,0.12041884816753927,0.8909997550249129,0.27225130890052357,0.7015706806282722,172556,191,13.027155961999938,1467404800,16666800,0,2258547200,13889,896037376,25,88ae290bb8384fa5c058c6904d16f48d4b01387420f6d8ab5cfc5b6d23545992,ffbc4647057ab3f7549d8d805dce104d2c8b6b6e1344e3d6706b1e395f64322c
rtx,ibm,current,random,20261005,123,0.034518760765669995,0.08898305084745763,0.0010875473417164864,0.07473309608540925,0.1099476439790576,0.9002468431550421,0.31413612565445026,0.7015706806282722,172556,191,10.255287254999985,1464000000,16666800,0,2258099200,13889,894599168,45,ede8a431ba0606dcb82696700085aea005373e91224ef7185c1ff8731cc10eb6,5b3e0fb7f2757da1b3f11d1af630d718210061e0acc172a00682d6de804081bb
rtx,ibm,fedavg,random,20261005,123,0.03261934022157864,0.06382978723404255,0.0010879677540990278,0.0989010989010989,0.04712041884816754,0.8933320302420453,0.3507853403141361,0.7277486910994765,172556,191,7.577900843000066,0,16666800,0,0,13889,586506752,50,ede8a431ba0606dcb82696700085aea005373e91224ef7185c1ff8731cc10eb6,5b3e0fb7f2757da1b3f11d1af630d718210061e0acc172a00682d6de804081bb
rtx,ibm,fedgcn,random,20261005,123,0.00999730077798884,0.03409090909090909,0.0011006711092619685,0.037267080745341616,0.031413612565445025,0.8591660094256937,0.06806282722513089,0.5078534031413613,172556,191,23.04629958700002,0,3458400,20992776,0,2882,2929894912,15,ede8a431ba0606dcb82696700085aea005373e91224ef7185c1ff8731cc10eb6,edcc4fcac4d91435de69ff1216dd2ed8eca4ea2946a15440c969eb82abb5094a
rtx,ibm,fedmlp,random,20261005,123,0.04092331454715996,0.06273525721455459,0.0010892260377447695,0.041254125412541254,0.13089005235602094,0.8859808488105798,0.3036649214659686,0.7068062827225131,172556,191,4.728891978999968,0,8526000,0,0,7105,478284800,15,ede8a431ba0606dcb82696700085aea005373e91224ef7185c1ff8731cc10eb6,dae2ee3864e4d838f8f3715b7b3a6cbe4db977ad89a70ce995dc1054a5c3cc99
rtx,ibm,fresh,random,20261005,123,0.032912695855125164,0.06266318537859007,0.0010894650781985633,0.037578288100208766,0.18848167539267016,0.8893535467395912,0.3089005235602094,0.6858638743455497,172556,191,11.688664008000046,2928000000,16666800,0,4516198400,13889,894594560,50,ede8a431ba0606dcb82696700085aea005373e91224ef7185c1ff8731cc10eb6,5b3e0fb7f2757da1b3f11d1af630d718210061e0acc172a00682d6de804081bb
rtx,ibm,local,random,20261005,123,0.019476828901156127,0.050966608084358524,0.001093884301767449,0.030623020063357972,0.1518324607329843,0.868750048410297,0.28272251308900526,0.680628272251309,172556,191,8.79488909600002,0,0,0,0,13889,587948032,15,ede8a431ba0606dcb82696700085aea005373e91224ef7185c1ff8731cc10eb6,5b3e0fb7f2757da1b3f11d1af630d718210061e0acc172a00682d6de804081bb
rtx,ibm,oracle,random,20261005,123,0.030844550133310906,0.07156308851224105,0.001091484770842574,0.05588235294117647,0.09947643979057591,0.9144685658083123,0.2356020942408377,0.7068062827225131,172556,191,10.335690956999997,4849500000,16666800,0,4516198400,13889,975616512,25,ede8a431ba0606dcb82696700085aea005373e91224ef7185c1ff8731cc10eb6,5b3e0fb7f2757da1b3f11d1af630d718210061e0acc172a00682d6de804081bb
rtx,ibm,shuffled,random,20261005,123,0.03122625780997892,0.078125,0.0010888728851667579,0.07772020725388601,0.07853403141361257,0.8883427701138898,0.3298429319371728,0.7277486910994765,172556,191,13.125104022000073,1464000000,16666800,0,2258099200,13889,894599168,50,ede8a431ba0606dcb82696700085aea005373e91224ef7185c1ff8731cc10eb6,5b3e0fb7f2757da1b3f11d1af630d718210061e0acc172a00682d6de804081bb
rtx,ibm,current,random,20261005,42,0.04073769466830929,0.04938271604938271,0.001085235597707402,0.11538461538461539,0.031413612565445025,0.9052128663406509,0.3298429319371728,0.7120418848167539,172556,191,10.247528467999928,1464000000,16666800,0,2258099200,13889,894599168,50,ede8a431ba0606dcb82696700085aea005373e91224ef7185c1ff8731cc10eb6,45baacf6f0c35cb04828c2ca3ff14010c040cba5ace72b6bbee7bc68b3400cb0
rtx,ibm,fedavg,random,20261005,42,0.02970622054588867,0.06666666666666667,0.0010901351042680093,0.11392405063291139,0.04712041884816754,0.8992835427923485,0.3298429319371728,0.7225130890052356,172556,191,7.621881839999901,0,16666800,0,0,13889,586506752,30,ede8a431ba0606dcb82696700085aea005373e91224ef7185c1ff8731cc10eb6,45baacf6f0c35cb04828c2ca3ff14010c040cba5ace72b6bbee7bc68b3400cb0
rtx,ibm,fedgcn,random,20261005,42,0.010260284431624172,0.03684210526315789,0.0011007090033297942,0.037037037037037035,0.03664921465968586,0.8544492594021909,0.07329842931937172,0.5287958115183246,172556,191,24.785362416999988,0,3458400,20992776,0,2882,2929894912,35,ede8a431ba0606dcb82696700085aea005373e91224ef7185c1ff8731cc10eb6,06dcbe94e3ea7fea5c20e1c25953cd46595b3ad2adc341488eca1ae1ef048c33
rtx,ibm,fedmlp,random,20261005,42,0.04256352530863857,0.09234507897934387,0.001084270132828304,0.060126582278481014,0.19895287958115182,0.8857076704539846,0.3193717277486911,0.743455497382199,172556,191,4.928358964999916,0,8526000,0,0,7105,478284800,20,ede8a431ba0606dcb82696700085aea005373e91224ef7185c1ff8731cc10eb6,59117d67ef2f04365e2d705ac004a58ce85cd11f3250565e55099f0ea932e74f
rtx,ibm,fresh,random,20261005,42,0.038668115124321695,0.06374501992031872,0.0010848241839441402,0.13333333333333333,0.041884816753926704,0.9123163237395135,0.3193717277486911,0.7172774869109948,172556,191,11.659212558000036,2928000000,16666800,0,4516198400,13889,894594560,35,ede8a431ba0606dcb82696700085aea005373e91224ef7185c1ff8731cc10eb6,45baacf6f0c35cb04828c2ca3ff14010c040cba5ace72b6bbee7bc68b3400cb0
rtx,ibm,local,random,20261005,42,0.028584288599128316,0.03879310344827586,0.001092799727295905,0.03296703296703297,0.04712041884816754,0.8756126465465119,0.2617801047120419,0.6858638743455497,172556,191,7.460976694999999,0,0,0,0,13889,587948032,15,ede8a431ba0606dcb82696700085aea005373e91224ef7185c1ff8731cc10eb6,45baacf6f0c35cb04828c2ca3ff14010c040cba5ace72b6bbee7bc68b3400cb0
rtx,ibm,oracle,random,20261005,42,0.03552669918697536,0.08421052631578947,0.001091583988182078,0.08465608465608465,0.08376963350785341,0.9225371460751666,0.31413612565445026,0.6858638743455497,172556,191,10.53892045400005,4849500000,16666800,0,4516198400,13889,975616512,45,ede8a431ba0606dcb82696700085aea005373e91224ef7185c1ff8731cc10eb6,45baacf6f0c35cb04828c2ca3ff14010c040cba5ace72b6bbee7bc68b3400cb0
rtx,ibm,shuffled,random,20261005,42,0.03258066934726422,0.05483304042179262,0.0010889948533895062,0.0293896006028636,0.4083769633507853,0.8952737273863163,0.3298429319371728,0.7068062827225131,172556,191,13.070162320999998,1464000000,16666800,0,2258099200,13889,894599168,40,ede8a431ba0606dcb82696700085aea005373e91224ef7185c1ff8731cc10eb6,45baacf6f0c35cb04828c2ca3ff14010c040cba5ace72b6bbee7bc68b3400cb0
rtx,ibm,current,random,20261005,456,0.034931704037940374,0.07926829268292683,0.0010883423985122902,0.0948905109489051,0.06806282722513089,0.9008598124368673,0.33507853403141363,0.7225130890052356,172556,191,10.26546716200005,1464000000,16666800,0,2258099200,13889,894599168,50,ede8a431ba0606dcb82696700085aea005373e91224ef7185c1ff8731cc10eb6,ffbc4647057ab3f7549d8d805dce104d2c8b6b6e1344e3d6706b1e395f64322c
rtx,ibm,fedavg,random,20261005,456,0.031373293669098044,0.07497243660418963,0.0010882256595709356,0.04748603351955307,0.17801047120418848,0.887854156443551,0.3193717277486911,0.7120418848167539,172556,191,7.565935910999997,0,16666800,0,0,13889,586506752,35,ede8a431ba0606dcb82696700085aea005373e91224ef7185c1ff8731cc10eb6,ffbc4647057ab3f7549d8d805dce104d2c8b6b6e1344e3d6706b1e395f64322c
rtx,ibm,fedgcn,random,20261005,456,0.008501986991710123,0.02297794117647059,0.0011016029835834806,0.01201634222542658,0.2617801047120419,0.8620739988788555,0.06806282722513089,0.5078534031413613,172556,191,23.110250123000014,0,3458400,20992776,0,2882,2929894912,35,ede8a431ba0606dcb82696700085aea005373e91224ef7185c1ff8731cc10eb6,2a29c2cdb9e5dc9c1b41f499447fdcece146c6bad38722d905ebba298f7ea2b7
rtx,ibm,fedmlp,random,20261005,456,0.04429609716977583,0.10661764705882353,0.0010877190832882023,0.0821529745042493,0.1518324607329843,0.8878355668895135,0.3036649214659686,0.7225130890052356,172556,191,4.780601810999997,0,8526000,0,0,7105,478284800,15,ede8a431ba0606dcb82696700085aea005373e91224ef7185c1ff8731cc10eb6,7c1fdd36fcc51f6c3f97ae3f4d46be3c95bbb3cb8965966788bd8f46f13453a6
rtx,ibm,fresh,random,20261005,456,0.03752069910740217,0.0759493670886076,0.0010860581528537299,0.1956521739130435,0.04712041884816754,0.9107355130192945,0.3298429319371728,0.7329842931937173,172556,191,11.698081073999901,2928000000,16666800,0,4516198400,13889,894594560,50,ede8a431ba0606dcb82696700085aea005373e91224ef7185c1ff8731cc10eb6,ffbc4647057ab3f7549d8d805dce104d2c8b6b6e1344e3d6706b1e395f64322c
rtx,ibm,local,random,20261005,456,0.026010497678661194,0.06606606606606606,0.001094966482519649,0.07746478873239436,0.05759162303664921,0.865560800827053,0.29842931937172773,0.6963350785340314,172556,191,9.956758427999944,0,0,0,0,13889,587948032,40,ede8a431ba0606dcb82696700085aea005373e91224ef7185c1ff8731cc10eb6,ffbc4647057ab3f7549d8d805dce104d2c8b6b6e1344e3d6706b1e395f64322c
rtx,ibm,oracle,random,20261005,456,0.036194454983661126,0.07792207792207792,0.001086995147984728,0.10256410256410256,0.06282722513089005,0.9118668635579891,0.3089005235602094,0.7277486910994765,172556,191,10.342884524000056,4849500000,16666800,0,4516198400,13889,975616512,45,ede8a431ba0606dcb82696700085aea005373e91224ef7185c1ff8731cc10eb6,ffbc4647057ab3f7549d8d805dce104d2c8b6b6e1344e3d6706b1e395f64322c
rtx,ibm,shuffled,random,20261005,456,0.032654272703826724,0.06504065040650407,0.0010876023134372022,0.06741573033707865,0.06282722513089005,0.8929382779724567,0.36649214659685864,0.7172774869109948,172556,191,13.12993819899998,1464000000,16666800,0,2258099200,13889,894599168,35,ede8a431ba0606dcb82696700085aea005373e91224ef7185c1ff8731cc10eb6,ffbc4647057ab3f7549d8d805dce104d2c8b6b6e1344e3d6706b1e395f64322c
rtx,ibm,rf_local,louvain,20261003,123,0.027225106988116452,0.06324110671936758,0.0010889194426016765,0.0389768574908648,0.16753926701570682,0.903015653953629,0.2931937172774869,0.7539267015706806,172556,191,20.604755023000052,0,0,0,0,,,,16fc94288a063015c567dd368f63c8fc34bfed991575a91aff1228c78fa7cb00,
rtx,ibm,rf_local,louvain,20261003,42,0.03134385547249224,0.07407407407407407,0.0010871285594625851,0.048465266558966075,0.15706806282722513,0.8982795853739698,0.2879581151832461,0.7486910994764397,172556,191,20.827094145000046,0,0,0,0,,,,16fc94288a063015c567dd368f63c8fc34bfed991575a91aff1228c78fa7cb00,
rtx,ibm,rf_local,louvain,20261003,456,0.02730026930566605,0.06852248394004283,0.0010884149270747486,0.057971014492753624,0.08376963350785341,0.9009779563427969,0.27225130890052357,0.7643979057591623,172556,191,20.765922387000046,0,0,0,0,,,,16fc94288a063015c567dd368f63c8fc34bfed991575a91aff1228c78fa7cb00,
rtx,ibm,rf_local,louvain,20261004,123,0.028896222583168842,0.07365439093484419,0.0010883325051668589,0.05048543689320388,0.13612565445026178,0.9028059595315737,0.28272251308900526,0.7486910994764397,172556,191,20.73494371200013,0,0,0,0,,,,cedc8408e2b049b25123054f877141ae2ef1e5a124569dcdc008121de41754d6,
rtx,ibm,rf_local,louvain,20261004,42,0.031085532281190324,0.06666666666666667,0.001086474295548937,0.07100591715976332,0.06282722513089005,0.9013471351659536,0.2879581151832461,0.7591623036649214,172556,191,21.059518063999803,0,0,0,0,,,,cedc8408e2b049b25123054f877141ae2ef1e5a124569dcdc008121de41754d6,
rtx,ibm,rf_local,louvain,20261004,456,0.029430941102375933,0.07008760951188986,0.0010871219079787403,0.046052631578947366,0.14659685863874344,0.8987567324484768,0.3036649214659686,0.7539267015706806,172556,191,20.821301205000054,0,0,0,0,,,,cedc8408e2b049b25123054f877141ae2ef1e5a124569dcdc008121de41754d6,
rtx,ibm,rf_local,louvain,20261005,123,0.029247039778786833,0.06121091151031271,0.001087528609689218,0.0350609756097561,0.24083769633507854,0.9027349577626804,0.2879581151832461,0.7539267015706806,172556,191,20.87126679999983,0,0,0,0,,,,432aacfba520ae1b28aca46fa1517b51b97797e4b88d503ed36d5b71af143a22,
rtx,ibm,rf_local,louvain,20261005,42,0.030962164328663732,0.09090909090909091,0.0010873577103029527,0.07508532423208192,0.11518324607329843,0.9054144658016752,0.29842931937172773,0.743455497382199,172556,191,21.602877930999966,0,0,0,0,,,,432aacfba520ae1b28aca46fa1517b51b97797e4b88d503ed36d5b71af143a22,
rtx,ibm,rf_local,louvain,20261005,456,0.029245820627238038,0.06451612903225806,0.0010876333178524637,0.04179566563467492,0.14136125654450263,0.8964176683991099,0.2774869109947644,0.743455497382199,172556,191,21.334053494999807,0,0,0,0,,,,432aacfba520ae1b28aca46fa1517b51b97797e4b88d503ed36d5b71af143a22,
rtx,ibm,rf_local,random,20261003,123,0.03302906006366317,0.08310991957104558,0.0010869771281636783,0.055855855855855854,0.16230366492146597,0.8850491081646263,0.3507853403141361,0.7068062827225131,172556,191,20.245255371999974,0,0,0,0,,,,d0e9ffb2e7b8c218e9bc2044824624f1d4a07d530e67d1bc490e76a575f29855,
rtx,ibm,rf_local,random,20261003,42,0.030627297890359454,0.07095343680709534,0.0010870340367093703,0.06153846153846154,0.08376963350785341,0.8856142518699284,0.33507853403141363,0.6910994764397905,172556,191,20.340802807000273,0,0,0,0,,,,d0e9ffb2e7b8c218e9bc2044824624f1d4a07d530e67d1bc490e76a575f29855,
rtx,ibm,rf_local,random,20261003,456,0.034689407874846624,0.08444444444444445,0.0010859595968030287,0.07335907335907337,0.09947643979057591,0.8908580248629211,0.3193717277486911,0.6858638743455497,172556,191,20.32279233500003,0,0,0,0,,,,d0e9ffb2e7b8c218e9bc2044824624f1d4a07d530e67d1bc490e76a575f29855,
rtx,ibm,rf_local,random,20261004,123,0.03939747689469652,0.0851063829787234,0.0010839595565262671,0.07758620689655173,0.09424083769633508,0.9008656748289084,0.32460732984293195,0.7277486910994765,172556,191,20.04807902099992,0,0,0,0,,,,88ae290bb8384fa5c058c6904d16f48d4b01387420f6d8ab5cfc5b6d23545992,
rtx,ibm,rf_local,random,20261004,42,0.03992467808179209,0.08463251670378619,0.001083602329793418,0.07364341085271318,0.09947643979057591,0.9103887510113006,0.3089005235602094,0.7172774869109948,172556,191,20.35433361100013,0,0,0,0,,,,88ae290bb8384fa5c058c6904d16f48d4b01387420f6d8ab5cfc5b6d23545992,
rtx,ibm,rf_local,random,20261004,456,0.04396780880676997,0.10623556581986143,0.0010830088142241828,0.09504132231404959,0.12041884816753927,0.9042220309604163,0.34554973821989526,0.7172774869109948,172556,191,20.237671399999726,0,0,0,0,,,,88ae290bb8384fa5c058c6904d16f48d4b01387420f6d8ab5cfc5b6d23545992,
rtx,ibm,rf_local,random,20261005,123,0.03059961711873443,0.06072874493927125,0.0010871323689490228,0.03361344537815126,0.31413612565445026,0.8971539301643308,0.3089005235602094,0.743455497382199,172556,191,20.10826411900007,0,0,0,0,,,,ede8a431ba0606dcb82696700085aea005373e91224ef7185c1ff8731cc10eb6,
rtx,ibm,rf_local,random,20261005,42,0.02897107071658518,0.07692307692307693,0.0010884084902396186,0.056511056511056514,0.12041884816753927,0.8981380222749635,0.2774869109947644,0.743455497382199,172556,191,20.365594504,0,0,0,0,,,,ede8a431ba0606dcb82696700085aea005373e91224ef7185c1ff8731cc10eb6,
rtx,ibm,rf_local,random,20261005,456,0.028178487971310253,0.06112054329371817,0.0010882367622927836,0.03426395939086294,0.28272251308900526,0.8958588730872618,0.3036649214659686,0.7591623036649214,172556,191,20.34654564900029,0,0,0,0,,,,ede8a431ba0606dcb82696700085aea005373e91224ef7185c1ff8731cc10eb6,
rtx,ibm,rf_pooled,random,20261003,123,0.03846445018611755,0.09195402298850575,0.0010820584059551266,0.07250755287009064,0.1256544502617801,0.8972578585289376,0.35602094240837695,0.7539267015706806,172556,191,35.8028209539998,0,0,0,0,,,,d0e9ffb2e7b8c218e9bc2044824624f1d4a07d530e67d1bc490e76a575f29855,
rtx,ibm,rf_pooled,random,20261003,42,0.03383922081839476,0.07035175879396985,0.0010853937489709764,0.05172413793103448,0.1099476439790576,0.8978246576765518,0.3298429319371728,0.7696335078534031,172556,191,36.57358844200007,0,0,0,0,,,,d0e9ffb2e7b8c218e9bc2044824624f1d4a07d530e67d1bc490e76a575f29855,
rtx,ibm,rf_pooled,random,20261003,456,0.036292233915555756,0.07158836689038031,0.001084242979756303,0.0625,0.08376963350785341,0.88352922987153,0.3403141361256545,0.7382198952879581,172556,191,35.62940714499973,0,0,0,0,,,,d0e9ffb2e7b8c218e9bc2044824624f1d4a07d530e67d1bc490e76a575f29855,
rtx,ibm,xgb_local,louvain,20261003,123,0.03838366897829242,0.09117647058823529,0.0010890526310995748,0.06339468302658487,0.16230366492146597,0.893773608088157,0.3612565445026178,0.7329842931937173,172556,191,2.18658526299987,0,0,0,0,,,,16fc94288a063015c567dd368f63c8fc34bfed991575a91aff1228c78fa7cb00,
rtx,ibm,xgb_local,louvain,20261003,42,0.03838366897829242,0.09117647058823529,0.0010890526310995748,0.06339468302658487,0.16230366492146597,0.893773608088157,0.3612565445026178,0.7329842931937173,172556,191,2.3857309999998506,0,0,0,0,,,,16fc94288a063015c567dd368f63c8fc34bfed991575a91aff1228c78fa7cb00,
rtx,ibm,xgb_local,louvain,20261003,456,0.03838366897829242,0.09117647058823529,0.0010890526310995748,0.06339468302658487,0.16230366492146597,0.893773608088157,0.3612565445026178,0.7329842931937173,172556,191,2.2260309620000953,0,0,0,0,,,,16fc94288a063015c567dd368f63c8fc34bfed991575a91aff1228c78fa7cb00,
rtx,ibm,xgb_local,louvain,20261004,123,0.036609260071968096,0.0650887573964497,0.001089123873931685,0.07482993197278912,0.05759162303664921,0.9095302750783183,0.4031413612565445,0.7277486910994765,172556,191,2.1861417979998805,0,0,0,0,,,,cedc8408e2b049b25123054f877141ae2ef1e5a124569dcdc008121de41754d6,
rtx,ibm,xgb_local,louvain,20261004,42,0.036609260071968096,0.0650887573964497,0.001089123873931685,0.07482993197278912,0.05759162303664921,0.9095302750783183,0.4031413612565445,0.7277486910994765,172556,191,2.324180698999953,0,0,0,0,,,,cedc8408e2b049b25123054f877141ae2ef1e5a124569dcdc008121de41754d6,
rtx,ibm,xgb_local,louvain,20261004,456,0.036609260071968096,0.0650887573964497,0.001089123873931685,0.07482993197278912,0.05759162303664921,0.9095302750783183,0.4031413612565445,0.7277486910994765,172556,191,2.208704877999935,0,0,0,0,,,,cedc8408e2b049b25123054f877141ae2ef1e5a124569dcdc008121de41754d6,
rtx,ibm,xgb_local,louvain,20261005,123,0.037544318300547844,0.08112874779541446,0.0010919281224431457,0.061170212765957445,0.12041884816753927,0.9060167126773316,0.39790575916230364,0.7172774869109948,172556,191,2.1594173210000918,0,0,0,0,,,,432aacfba520ae1b28aca46fa1517b51b97797e4b88d503ed36d5b71af143a22,
rtx,ibm,xgb_local,louvain,20261005,42,0.037544318300547844,0.08112874779541446,0.0010919281224431457,0.061170212765957445,0.12041884816753927,0.9060167126773316,0.39790575916230364,0.7172774869109948,172556,191,2.4092089760001727,0,0,0,0,,,,432aacfba520ae1b28aca46fa1517b51b97797e4b88d503ed36d5b71af143a22,
rtx,ibm,xgb_local,louvain,20261005,456,0.037544318300547844,0.08112874779541446,0.0010919281224431457,0.061170212765957445,0.12041884816753927,0.9060167126773316,0.39790575916230364,0.7172774869109948,172556,191,2.1987029860001712,0,0,0,0,,,,432aacfba520ae1b28aca46fa1517b51b97797e4b88d503ed36d5b71af143a22,
rtx,ibm,xgb_local,random,20261003,123,0.04375329465971226,0.09066666666666667,0.0010840382819157347,0.09239130434782608,0.08900523560209424,0.887364904896358,0.3193717277486911,0.6910994764397905,172556,191,2.1450650209999367,0,0,0,0,,,,d0e9ffb2e7b8c218e9bc2044824624f1d4a07d530e67d1bc490e76a575f29855,
rtx,ibm,xgb_local,random,20261003,42,0.04375329465971226,0.09066666666666667,0.0010840382819157347,0.09239130434782608,0.08900523560209424,0.887364904896358,0.3193717277486911,0.6910994764397905,172556,191,2.189013227000032,0,0,0,0,,,,d0e9ffb2e7b8c218e9bc2044824624f1d4a07d530e67d1bc490e76a575f29855,
rtx,ibm,xgb_local,random,20261003,456,0.04375329465971226,0.09066666666666667,0.0010840382819157347,0.09239130434782608,0.08900523560209424,0.887364904896358,0.3193717277486911,0.6910994764397905,172556,191,2.132689001000017,0,0,0,0,,,,d0e9ffb2e7b8c218e9bc2044824624f1d4a07d530e67d1bc490e76a575f29855,
rtx,ibm,xgb_local,random,20261004,123,0.045918065638072415,0.09395973154362416,0.0010767244710081362,0.059743954480796585,0.2198952879581152,0.9013710859230755,0.32460732984293195,0.7015706806282722,172556,191,2.165406440999959,0,0,0,0,,,,88ae290bb8384fa5c058c6904d16f48d4b01387420f6d8ab5cfc5b6d23545992,
rtx,ibm,xgb_local,random,20261004,42,0.045918065638072415,0.09395973154362416,0.0010767244710081362,0.059743954480796585,0.2198952879581152,0.9013710859230755,0.32460732984293195,0.7015706806282722,172556,191,2.1735611799999788,0,0,0,0,,,,88ae290bb8384fa5c058c6904d16f48d4b01387420f6d8ab5cfc5b6d23545992,
rtx,ibm,xgb_local,random,20261004,456,0.045918065638072415,0.09395973154362416,0.0010767244710081362,0.059743954480796585,0.2198952879581152,0.9013710859230755,0.32460732984293195,0.7015706806282722,172556,191,2.137494998999955,0,0,0,0,,,,88ae290bb8384fa5c058c6904d16f48d4b01387420f6d8ab5cfc5b6d23545992,
rtx,ibm,xgb_local,random,20261005,123,0.036294893255373516,0.09686609686609686,0.0010915719809178983,0.06653620352250489,0.17801047120418848,0.9099780950050749,0.32460732984293195,0.7539267015706806,172556,191,2.19907414599993,0,0,0,0,,,,ede8a431ba0606dcb82696700085aea005373e91224ef7185c1ff8731cc10eb6,
rtx,ibm,xgb_local,random,20261005,42,0.036294893255373516,0.09686609686609686,0.0010915719809178983,0.06653620352250489,0.17801047120418848,0.9099780950050749,0.32460732984293195,0.7539267015706806,172556,191,2.165898241999912,0,0,0,0,,,,ede8a431ba0606dcb82696700085aea005373e91224ef7185c1ff8731cc10eb6,
rtx,ibm,xgb_local,random,20261005,456,0.036294893255373516,0.09686609686609686,0.0010915719809178983,0.06653620352250489,0.17801047120418848,0.9099780950050749,0.32460732984293195,0.7539267015706806,172556,191,2.186145081000177,0,0,0,0,,,,ede8a431ba0606dcb82696700085aea005373e91224ef7185c1ff8731cc10eb6,
rtx,ibm,xgb_pooled,random,20261003,123,0.048042057484379175,0.10767468499427263,0.0010797728735894173,0.0689149560117302,0.24607329842931938,0.8933452889680871,0.418848167539267,0.7591623036649214,172556,191,1.8655066129999796,0,0,0,0,,,,d0e9ffb2e7b8c218e9bc2044824624f1d4a07d530e67d1bc490e76a575f29855,
rtx,ibm,xgb_pooled,random,20261003,42,0.048042057484379175,0.10767468499427263,0.0010797728735894173,0.0689149560117302,0.24607329842931938,0.8933452889680871,0.418848167539267,0.7591623036649214,172556,191,2.0996607090000907,0,0,0,0,,,,d0e9ffb2e7b8c218e9bc2044824624f1d4a07d530e67d1bc490e76a575f29855,
rtx,ibm,xgb_pooled,random,20261003,456,0.048042057484379175,0.10767468499427263,0.0010797728735894173,0.0689149560117302,0.24607329842931938,0.8933452889680871,0.418848167539267,0.7591623036649214,172556,191,1.8770928220001224,0,0,0,0,,,,d0e9ffb2e7b8c218e9bc2044824624f1d4a07d530e67d1bc490e76a575f29855,
