gpu,dataset,method,strategy,ownership_seed,seed,timestep,n,positive,ap
gtx,elliptic,current,louvain,20261003,123,40,1211,112,0.6692432276925722
gtx,elliptic,current,louvain,20261003,123,41,1132,116,0.730438073210333
gtx,elliptic,current,louvain,20261003,123,42,2154,239,0.8558218799497275
gtx,elliptic,current,louvain,20261003,123,43,1370,24,0.03287368659988233
gtx,elliptic,current,louvain,20261003,123,44,1591,24,0.020271176393661553
gtx,elliptic,current,louvain,20261003,123,45,1221,5,0.011247351577646498
gtx,elliptic,current,louvain,20261003,123,46,712,2,0.014129353233830846
gtx,elliptic,current,louvain,20261003,123,47,846,22,0.03590561905100602
gtx,elliptic,current,louvain,20261003,123,48,471,36,0.16175449593565122
gtx,elliptic,current,louvain,20261003,123,49,476,56,0.2118874083775962
gtx,elliptic,fedavg,louvain,20261003,123,40,1211,112,0.6705699720825488
gtx,elliptic,fedavg,louvain,20261003,123,41,1132,116,0.7433823860539865
gtx,elliptic,fedavg,louvain,20261003,123,42,2154,239,0.8534118280728
gtx,elliptic,fedavg,louvain,20261003,123,43,1370,24,0.03443140031992495
gtx,elliptic,fedavg,louvain,20261003,123,44,1591,24,0.022237298562074206
gtx,elliptic,fedavg,louvain,20261003,123,45,1221,5,0.01364413343746873
gtx,elliptic,fedavg,louvain,20261003,123,46,712,2,0.01582512315270936
gtx,elliptic,fedavg,louvain,20261003,123,47,846,22,0.03635359863850817
gtx,elliptic,fedavg,louvain,20261003,123,48,471,36,0.1637682253878407
gtx,elliptic,fedavg,louvain,20261003,123,49,476,56,0.2199630959046641
gtx,elliptic,fedgcn,louvain,20261003,123,40,1211,112,0.4618411212682492
gtx,elliptic,fedgcn,louvain,20261003,123,41,1132,116,0.3038025029887432
gtx,elliptic,fedgcn,louvain,20261003,123,42,2154,239,0.6419192477170819
gtx,elliptic,fedgcn,louvain,20261003,123,43,1370,24,0.033054684257822806
gtx,elliptic,fedgcn,louvain,20261003,123,44,1591,24,0.09785084475456567
gtx,elliptic,fedgcn,louvain,20261003,123,45,1221,5,0.0063949554532589225
gtx,elliptic,fedgcn,louvain,20261003,123,46,712,2,0.5039525691699605
gtx,elliptic,fedgcn,louvain,20261003,123,47,846,22,0.05038145609172326
gtx,elliptic,fedgcn,louvain,20261003,123,48,471,36,0.13992706632339655
gtx,elliptic,fedgcn,louvain,20261003,123,49,476,56,0.18239528331178612
gtx,elliptic,fedmlp,louvain,20261003,123,40,1211,112,0.7199521245900055
gtx,elliptic,fedmlp,louvain,20261003,123,41,1132,116,0.9446166376362833
gtx,elliptic,fedmlp,louvain,20261003,123,42,2154,239,0.8550352740172513
gtx,elliptic,fedmlp,louvain,20261003,123,43,1370,24,0.02149649261256266
gtx,elliptic,fedmlp,louvain,20261003,123,44,1591,24,0.019388243820089076
gtx,elliptic,fedmlp,louvain,20261003,123,45,1221,5,0.010242002723417422
gtx,elliptic,fedmlp,louvain,20261003,123,46,712,2,0.008506411414123172
gtx,elliptic,fedmlp,louvain,20261003,123,47,846,22,0.03198509536211338
gtx,elliptic,fedmlp,louvain,20261003,123,48,471,36,0.0914682812616156
gtx,elliptic,fedmlp,louvain,20261003,123,49,476,56,0.11929697818391939
gtx,elliptic,fresh,louvain,20261003,123,40,1211,112,0.6863256694278438
gtx,elliptic,fresh,louvain,20261003,123,41,1132,116,0.7790975333013009
gtx,elliptic,fresh,louvain,20261003,123,42,2154,239,0.857155113332637
gtx,elliptic,fresh,louvain,20261003,123,43,1370,24,0.03810304606000777
gtx,elliptic,fresh,louvain,20261003,123,44,1591,24,0.020803781390314205
gtx,elliptic,fresh,louvain,20261003,123,45,1221,5,0.013850791356864395
gtx,elliptic,fresh,louvain,20261003,123,46,712,2,0.01478494623655914
gtx,elliptic,fresh,louvain,20261003,123,47,846,22,0.036619985096131964
gtx,elliptic,fresh,louvain,20261003,123,48,471,36,0.16008117728774332
gtx,elliptic,fresh,louvain,20261003,123,49,476,56,0.21546654479331775
gtx,elliptic,local,louvain,20261003,123,40,1211,112,0.599075350077894
gtx,elliptic,local,louvain,20261003,123,41,1132,116,0.6080324331566578
gtx,elliptic,local,louvain,20261003,123,42,2154,239,0.8380033439814392
gtx,elliptic,local,louvain,20261003,123,43,1370,24,0.035197649410562803
gtx,elliptic,local,louvain,20261003,123,44,1591,24,0.016478424694581172
gtx,elliptic,local,louvain,20261003,123,45,1221,5,0.013203754005409721
gtx,elliptic,local,louvain,20261003,123,46,712,2,0.01202583837273227
gtx,elliptic,local,louvain,20261003,123,47,846,22,0.03212815786841162
gtx,elliptic,local,louvain,20261003,123,48,471,36,0.14268348943981898
gtx,elliptic,local,louvain,20261003,123,49,476,56,0.230436901637301
gtx,elliptic,oracle,louvain,20261003,123,40,1211,112,0.6709695209870628
gtx,elliptic,oracle,louvain,20261003,123,41,1132,116,0.7530745427330643
gtx,elliptic,oracle,louvain,20261003,123,42,2154,239,0.8517731381190815
gtx,elliptic,oracle,louvain,20261003,123,43,1370,24,0.03367142287560929
gtx,elliptic,oracle,louvain,20261003,123,44,1591,24,0.022773409963904017
gtx,elliptic,oracle,louvain,20261003,123,45,1221,5,0.013145974743101141
gtx,elliptic,oracle,louvain,20261003,123,46,712,2,0.015093273035613341
gtx,elliptic,oracle,louvain,20261003,123,47,846,22,0.037249334366402945
gtx,elliptic,oracle,louvain,20261003,123,48,471,36,0.17051880126200147
gtx,elliptic,oracle,louvain,20261003,123,49,476,56,0.2253147644530162
gtx,elliptic,shuffled,louvain,20261003,123,40,1211,112,0.6654770401106581
gtx,elliptic,shuffled,louvain,20261003,123,41,1132,116,0.7239510839952392
gtx,elliptic,shuffled,louvain,20261003,123,42,2154,239,0.8585649922660673
gtx,elliptic,shuffled,louvain,20261003,123,43,1370,24,0.03761030912622834
gtx,elliptic,shuffled,louvain,20261003,123,44,1591,24,0.02000305548663595
gtx,elliptic,shuffled,louvain,20261003,123,45,1221,5,0.01100306899630647
gtx,elliptic,shuffled,louvain,20261003,123,46,712,2,0.013486513486513488
gtx,elliptic,shuffled,louvain,20261003,123,47,846,22,0.03471107002713992
gtx,elliptic,shuffled,louvain,20261003,123,48,471,36,0.16112410795826587
gtx,elliptic,shuffled,louvain,20261003,123,49,476,56,0.20881266459238074
gtx,elliptic,current,louvain,20261003,42,40,1211,112,0.6827474001114722
gtx,elliptic,current,louvain,20261003,42,41,1132,116,0.7693834462938859
gtx,elliptic,current,louvain,20261003,42,42,2154,239,0.8547398923388279
gtx,elliptic,current,louvain,20261003,42,43,1370,24,0.034304153502409306
gtx,elliptic,current,louvain,20261003,42,44,1591,24,0.022577610346696753
gtx,elliptic,current,louvain,20261003,42,45,1221,5,0.013838608767426005
gtx,elliptic,current,louvain,20261003,42,46,712,2,0.013218741820085507
gtx,elliptic,current,louvain,20261003,42,47,846,22,0.03476705976316945
gtx,elliptic,current,louvain,20261003,42,48,471,36,0.16698550652122585
gtx,elliptic,current,louvain,20261003,42,49,476,56,0.22356166548383907
gtx,elliptic,fedavg,louvain,20261003,42,40,1211,112,0.684705208676238
gtx,elliptic,fedavg,louvain,20261003,42,41,1132,116,0.7922797710222889
gtx,elliptic,fedavg,louvain,20261003,42,42,2154,239,0.8509282757341156
gtx,elliptic,fedavg,louvain,20261003,42,43,1370,24,0.035102610249529494
gtx,elliptic,fedavg,louvain,20261003,42,44,1591,24,0.021867609994863726
gtx,elliptic,fedavg,louvain,20261003,42,45,1221,5,0.015179292459206717
gtx,elliptic,fedavg,louvain,20261003,42,46,712,2,0.013910060975609756
gtx,elliptic,fedavg,louvain,20261003,42,47,846,22,0.03468580376885889
gtx,elliptic,fedavg,louvain,20261003,42,48,471,36,0.16189974211793187
gtx,elliptic,fedavg,louvain,20261003,42,49,476,56,0.22224645596993226
gtx,elliptic,fedgcn,louvain,20261003,42,40,1211,112,0.4521752928796744
gtx,elliptic,fedgcn,louvain,20261003,42,41,1132,116,0.31998057730765056
gtx,elliptic,fedgcn,louvain,20261003,42,42,2154,239,0.6568425872346464
gtx,elliptic,fedgcn,louvain,20261003,42,43,1370,24,0.031460822368625546
gtx,elliptic,fedgcn,louvain,20261003,42,44,1591,24,0.0766449468952023
gtx,elliptic,fedgcn,louvain,20261003,42,45,1221,5,0.006415632920532164
gtx,elliptic,fedgcn,louvain,20261003,42,46,712,2,0.05806451612903226
gtx,elliptic,fedgcn,louvain,20261003,42,47,846,22,0.050457048295239885
gtx,elliptic,fedgcn,louvain,20261003,42,48,471,36,0.15899292106588125
gtx,elliptic,fedgcn,louvain,20261003,42,49,476,56,0.18073472530976645
gtx,elliptic,fedmlp,louvain,20261003,42,40,1211,112,0.7356561161119342
gtx,elliptic,fedmlp,louvain,20261003,42,41,1132,116,0.9472242498451183
gtx,elliptic,fedmlp,louvain,20261003,42,42,2154,239,0.858053164923132
gtx,elliptic,fedmlp,louvain,20261003,42,43,1370,24,0.02959289093692788
gtx,elliptic,fedmlp,louvain,20261003,42,44,1591,24,0.020594492491032734
gtx,elliptic,fedmlp,louvain,20261003,42,45,1221,5,0.011705730059029555
gtx,elliptic,fedmlp,louvain,20261003,42,46,712,2,0.008451491234197108
gtx,elliptic,fedmlp,louvain,20261003,42,47,846,22,0.03232901477740449
gtx,elliptic,fedmlp,louvain,20261003,42,48,471,36,0.1062875260396769
gtx,elliptic,fedmlp,louvain,20261003,42,49,476,56,0.14294573029555893
gtx,elliptic,fresh,louvain,20261003,42,40,1211,112,0.6841265857311573
gtx,elliptic,fresh,louvain,20261003,42,41,1132,116,0.7630085889464815
gtx,elliptic,fresh,louvain,20261003,42,42,2154,239,0.8574115521155197
gtx,elliptic,fresh,louvain,20261003,42,43,1370,24,0.034639779853896
gtx,elliptic,fresh,louvain,20261003,42,44,1591,24,0.021697140546447873
gtx,elliptic,fresh,louvain,20261003,42,45,1221,5,0.014745048118747855
gtx,elliptic,fresh,louvain,20261003,42,46,712,2,0.013535684987694831
gtx,elliptic,fresh,louvain,20261003,42,47,846,22,0.035961045024177116
gtx,elliptic,fresh,louvain,20261003,42,48,471,36,0.1655670651889954
gtx,elliptic,fresh,louvain,20261003,42,49,476,56,0.221803212945963
gtx,elliptic,local,louvain,20261003,42,40,1211,112,0.5770364707326029
gtx,elliptic,local,louvain,20261003,42,41,1132,116,0.6249465215953051
gtx,elliptic,local,louvain,20261003,42,42,2154,239,0.839651640388735
gtx,elliptic,local,louvain,20261003,42,43,1370,24,0.027113108121047585
gtx,elliptic,local,louvain,20261003,42,44,1591,24,0.018416836619790624
gtx,elliptic,local,louvain,20261003,42,45,1221,5,0.009861102394185388
gtx,elliptic,local,louvain,20261003,42,46,712,2,0.008472758472758472
gtx,elliptic,local,louvain,20261003,42,47,846,22,0.033368101609997855
gtx,elliptic,local,louvain,20261003,42,48,471,36,0.1324172909388177
gtx,elliptic,local,louvain,20261003,42,49,476,56,0.20704785255288316
gtx,elliptic,oracle,louvain,20261003,42,40,1211,112,0.6836248131400564
gtx,elliptic,oracle,louvain,20261003,42,41,1132,116,0.7729191141454159
gtx,elliptic,oracle,louvain,20261003,42,42,2154,239,0.8488050860365709
gtx,elliptic,oracle,louvain,20261003,42,43,1370,24,0.03306186502526542
gtx,elliptic,oracle,louvain,20261003,42,44,1591,24,0.024608060479635412
gtx,elliptic,oracle,louvain,20261003,42,45,1221,5,0.013712398707244163
gtx,elliptic,oracle,louvain,20261003,42,46,712,2,0.012475709288767976
gtx,elliptic,oracle,louvain,20261003,42,47,846,22,0.035412197413930056
gtx,elliptic,oracle,louvain,20261003,42,48,471,36,0.17613270715973114
gtx,elliptic,oracle,louvain,20261003,42,49,476,56,0.22945731359243507
gtx,elliptic,shuffled,louvain,20261003,42,40,1211,112,0.6735848218186292
gtx,elliptic,shuffled,louvain,20261003,42,41,1132,116,0.7078941096085707
gtx,elliptic,shuffled,louvain,20261003,42,42,2154,239,0.8591278850759423
gtx,elliptic,shuffled,louvain,20261003,42,43,1370,24,0.037688196073319226
gtx,elliptic,shuffled,louvain,20261003,42,44,1591,24,0.022816179273133206
gtx,elliptic,shuffled,louvain,20261003,42,45,1221,5,0.012276997511575344
gtx,elliptic,shuffled,louvain,20261003,42,46,712,2,0.012862933245098851
gtx,elliptic,shuffled,louvain,20261003,42,47,846,22,0.0359964908214243
gtx,elliptic,shuffled,louvain,20261003,42,48,471,36,0.1596341684130671
gtx,elliptic,shuffled,louvain,20261003,42,49,476,56,0.21547690301044306
gtx,elliptic,current,louvain,20261003,456,40,1211,112,0.6879502684144212
gtx,elliptic,current,louvain,20261003,456,41,1132,116,0.830554651225081
gtx,elliptic,current,louvain,20261003,456,42,2154,239,0.8590782768506803
gtx,elliptic,current,louvain,20261003,456,43,1370,24,0.03184861499423298
gtx,elliptic,current,louvain,20261003,456,44,1591,24,0.02171781992412175
gtx,elliptic,current,louvain,20261003,456,45,1221,5,0.010639347863333558
gtx,elliptic,current,louvain,20261003,456,46,712,2,0.016194331983805668
gtx,elliptic,current,louvain,20261003,456,47,846,22,0.040279549096321
gtx,elliptic,current,louvain,20261003,456,48,471,36,0.1636611930502039
gtx,elliptic,current,louvain,20261003,456,49,476,56,0.20701454220898965
gtx,elliptic,fedavg,louvain,20261003,456,40,1211,112,0.6881477187453289
gtx,elliptic,fedavg,louvain,20261003,456,41,1132,116,0.8329389419825703
gtx,elliptic,fedavg,louvain,20261003,456,42,2154,239,0.8524316917612835
gtx,elliptic,fedavg,louvain,20261003,456,43,1370,24,0.026178891765078025
gtx,elliptic,fedavg,louvain,20261003,456,44,1591,24,0.020963138334601217
gtx,elliptic,fedavg,louvain,20261003,456,45,1221,5,0.010530362932169187
gtx,elliptic,fedavg,louvain,20261003,456,46,712,2,0.01566856250697
gtx,elliptic,fedavg,louvain,20261003,456,47,846,22,0.038707886116213536
gtx,elliptic,fedavg,louvain,20261003,456,48,471,36,0.1606824559997744
gtx,elliptic,fedavg,louvain,20261003,456,49,476,56,0.20483233132625475
gtx,elliptic,fedgcn,louvain,20261003,456,40,1211,112,0.4949257854732436
gtx,elliptic,fedgcn,louvain,20261003,456,41,1132,116,0.3677969115893575
gtx,elliptic,fedgcn,louvain,20261003,456,42,2154,239,0.6521701717088944
gtx,elliptic,fedgcn,louvain,20261003,456,43,1370,24,0.02895892329084195
gtx,elliptic,fedgcn,louvain,20261003,456,44,1591,24,0.07718197930363437
gtx,elliptic,fedgcn,louvain,20261003,456,45,1221,5,0.006373007819874337
gtx,elliptic,fedgcn,louvain,20261003,456,46,712,2,0.030601288475304224
gtx,elliptic,fedgcn,louvain,20261003,456,47,846,22,0.04885301368528199
gtx,elliptic,fedgcn,louvain,20261003,456,48,471,36,0.15505500089041419
gtx,elliptic,fedgcn,louvain,20261003,456,49,476,56,0.17572037576255245
gtx,elliptic,fedmlp,louvain,20261003,456,40,1211,112,0.7353453212266198
gtx,elliptic,fedmlp,louvain,20261003,456,41,1132,116,0.9400587987398987
gtx,elliptic,fedmlp,louvain,20261003,456,42,2154,239,0.8417479750512615
gtx,elliptic,fedmlp,louvain,20261003,456,43,1370,24,0.018781913908883098
gtx,elliptic,fedmlp,louvain,20261003,456,44,1591,24,0.022449297859328452
gtx,elliptic,fedmlp,louvain,20261003,456,45,1221,5,0.01114434177430718
gtx,elliptic,fedmlp,louvain,20261003,456,46,712,2,0.012162162162162163
gtx,elliptic,fedmlp,louvain,20261003,456,47,846,22,0.0310961235045725
gtx,elliptic,fedmlp,louvain,20261003,456,48,471,36,0.1072505628022436
gtx,elliptic,fedmlp,louvain,20261003,456,49,476,56,0.15872405175879015
gtx,elliptic,fresh,louvain,20261003,456,40,1211,112,0.6960938641457449
gtx,elliptic,fresh,louvain,20261003,456,41,1132,116,0.8209933097538896
gtx,elliptic,fresh,louvain,20261003,456,42,2154,239,0.8553477928539354
gtx,elliptic,fresh,louvain,20261003,456,43,1370,24,0.029318371505153793
gtx,elliptic,fresh,louvain,20261003,456,44,1591,24,0.024863123386712913
gtx,elliptic,fresh,louvain,20261003,456,45,1221,5,0.011478516641526168
gtx,elliptic,fresh,louvain,20261003,456,46,712,2,0.01838235294117647
gtx,elliptic,fresh,louvain,20261003,456,47,846,22,0.03830957311182691
gtx,elliptic,fresh,louvain,20261003,456,48,471,36,0.17661036072003805
gtx,elliptic,fresh,louvain,20261003,456,49,476,56,0.22400298577651048
gtx,elliptic,local,louvain,20261003,456,40,1211,112,0.630376271630567
gtx,elliptic,local,louvain,20261003,456,41,1132,116,0.6218257689789344
gtx,elliptic,local,louvain,20261003,456,42,2154,239,0.8449180258503352
gtx,elliptic,local,louvain,20261003,456,43,1370,24,0.03368473038492861
gtx,elliptic,local,louvain,20261003,456,44,1591,24,0.01857817188429412
gtx,elliptic,local,louvain,20261003,456,45,1221,5,0.011463841064039837
gtx,elliptic,local,louvain,20261003,456,46,712,2,0.012675614159014206
gtx,elliptic,local,louvain,20261003,456,47,846,22,0.037863435866251356
gtx,elliptic,local,louvain,20261003,456,48,471,36,0.13314647713639866
gtx,elliptic,local,louvain,20261003,456,49,476,56,0.19561471716497283
gtx,elliptic,oracle,louvain,20261003,456,40,1211,112,0.6856738202761515
gtx,elliptic,oracle,louvain,20261003,456,41,1132,116,0.8250912222333886
gtx,elliptic,oracle,louvain,20261003,456,42,2154,239,0.8536995308186678
gtx,elliptic,oracle,louvain,20261003,456,43,1370,24,0.03025723780478522
gtx,elliptic,oracle,louvain,20261003,456,44,1591,24,0.021858456599305024
gtx,elliptic,oracle,louvain,20261003,456,45,1221,5,0.010210203624015082
gtx,elliptic,oracle,louvain,20261003,456,46,712,2,0.01721938775510204
gtx,elliptic,oracle,louvain,20261003,456,47,846,22,0.039481492670241626
gtx,elliptic,oracle,louvain,20261003,456,48,471,36,0.1689625717521862
gtx,elliptic,oracle,louvain,20261003,456,49,476,56,0.20833327591232895
gtx,elliptic,shuffled,louvain,20261003,456,40,1211,112,0.6883474020762045
gtx,elliptic,shuffled,louvain,20261003,456,41,1132,116,0.806282616583481
gtx,elliptic,shuffled,louvain,20261003,456,42,2154,239,0.8571788166789772
gtx,elliptic,shuffled,louvain,20261003,456,43,1370,24,0.028223907581564466
gtx,elliptic,shuffled,louvain,20261003,456,44,1591,24,0.02369547996812742
gtx,elliptic,shuffled,louvain,20261003,456,45,1221,5,0.010892317824107855
gtx,elliptic,shuffled,louvain,20261003,456,46,712,2,0.015432098765432098
gtx,elliptic,shuffled,louvain,20261003,456,47,846,22,0.03840915766373818
gtx,elliptic,shuffled,louvain,20261003,456,48,471,36,0.1759994182773741
gtx,elliptic,shuffled,louvain,20261003,456,49,476,56,0.21968553648100247
gtx,elliptic,current,louvain,20261004,123,40,1211,112,0.6767089867852846
gtx,elliptic,current,louvain,20261004,123,41,1132,116,0.7445902256676717
gtx,elliptic,current,louvain,20261004,123,42,2154,239,0.8498275154066453
gtx,elliptic,current,louvain,20261004,123,43,1370,24,0.025694935995648645
gtx,elliptic,current,louvain,20261004,123,44,1591,24,0.02252125624935913
gtx,elliptic,current,louvain,20261004,123,45,1221,5,0.010563840952080123
gtx,elliptic,current,louvain,20261004,123,46,712,2,0.01756272401433692
gtx,elliptic,current,louvain,20261004,123,47,846,22,0.03518036016997147
gtx,elliptic,current,louvain,20261004,123,48,471,36,0.16222614453361173
gtx,elliptic,current,louvain,20261004,123,49,476,56,0.22292627318254296
gtx,elliptic,fedavg,louvain,20261004,123,40,1211,112,0.6756475795454158
gtx,elliptic,fedavg,louvain,20261004,123,41,1132,116,0.7600185069734156
gtx,elliptic,fedavg,louvain,20261004,123,42,2154,239,0.85621673235311
gtx,elliptic,fedavg,louvain,20261004,123,43,1370,24,0.025488114554505847
gtx,elliptic,fedavg,louvain,20261004,123,44,1591,24,0.02138798201627452
gtx,elliptic,fedavg,louvain,20261004,123,45,1221,5,0.012547934259563931
gtx,elliptic,fedavg,louvain,20261004,123,46,712,2,0.015458058649693112
gtx,elliptic,fedavg,louvain,20261004,123,47,846,22,0.03482786274937965
gtx,elliptic,fedavg,louvain,20261004,123,48,471,36,0.1590443698114539
gtx,elliptic,fedavg,louvain,20261004,123,49,476,56,0.21849722476140115
gtx,elliptic,fedgcn,louvain,20261004,123,40,1211,112,0.46276380849584614
gtx,elliptic,fedgcn,louvain,20261004,123,41,1132,116,0.30702053277490116
gtx,elliptic,fedgcn,louvain,20261004,123,42,2154,239,0.6650054815634734
gtx,elliptic,fedgcn,louvain,20261004,123,43,1370,24,0.03175699698675292
gtx,elliptic,fedgcn,louvain,20261004,123,44,1591,24,0.07696207453071978
gtx,elliptic,fedgcn,louvain,20261004,123,45,1221,5,0.006164938453451894
gtx,elliptic,fedgcn,louvain,20261004,123,46,712,2,0.07566585956416465
gtx,elliptic,fedgcn,louvain,20261004,123,47,846,22,0.049273617073802796
gtx,elliptic,fedgcn,louvain,20261004,123,48,471,36,0.13821302078649847
gtx,elliptic,fedgcn,louvain,20261004,123,49,476,56,0.16531325064339583
gtx,elliptic,fedmlp,louvain,20261004,123,40,1211,112,0.7416798520177832
gtx,elliptic,fedmlp,louvain,20261004,123,41,1132,116,0.9504865251905396
gtx,elliptic,fedmlp,louvain,20261004,123,42,2154,239,0.8650089659115558
gtx,elliptic,fedmlp,louvain,20261004,123,43,1370,24,0.020233724255972335
gtx,elliptic,fedmlp,louvain,20261004,123,44,1591,24,0.02370869455026588
gtx,elliptic,fedmlp,louvain,20261004,123,45,1221,5,0.011886166395525442
gtx,elliptic,fedmlp,louvain,20261004,123,46,712,2,0.009217359050445104
gtx,elliptic,fedmlp,louvain,20261004,123,47,846,22,0.03120446505924247
gtx,elliptic,fedmlp,louvain,20261004,123,48,471,36,0.10355803778490805
gtx,elliptic,fedmlp,louvain,20261004,123,49,476,56,0.17046896205660925
gtx,elliptic,fresh,louvain,20261004,123,40,1211,112,0.6665823834516826
gtx,elliptic,fresh,louvain,20261004,123,41,1132,116,0.7445608954750979
gtx,elliptic,fresh,louvain,20261004,123,42,2154,239,0.8545031503552051
gtx,elliptic,fresh,louvain,20261004,123,43,1370,24,0.03026351296192112
gtx,elliptic,fresh,louvain,20261004,123,44,1591,24,0.01861103860763679
gtx,elliptic,fresh,louvain,20261004,123,45,1221,5,0.010361085102425586
gtx,elliptic,fresh,louvain,20261004,123,46,712,2,0.014559024492799326
gtx,elliptic,fresh,louvain,20261004,123,47,846,22,0.03741087488713965
gtx,elliptic,fresh,louvain,20261004,123,48,471,36,0.15466106095776144
gtx,elliptic,fresh,louvain,20261004,123,49,476,56,0.20903403783979707
gtx,elliptic,local,louvain,20261004,123,40,1211,112,0.6286094224091903
gtx,elliptic,local,louvain,20261004,123,41,1132,116,0.7455428028956418
gtx,elliptic,local,louvain,20261004,123,42,2154,239,0.8388361825187494
gtx,elliptic,local,louvain,20261004,123,43,1370,24,0.02767363054096784
gtx,elliptic,local,louvain,20261004,123,44,1591,24,0.01979355607751175
gtx,elliptic,local,louvain,20261004,123,45,1221,5,0.010673862330318003
gtx,elliptic,local,louvain,20261004,123,46,712,2,0.01118724229929663
gtx,elliptic,local,louvain,20261004,123,47,846,22,0.03942772212953516
gtx,elliptic,local,louvain,20261004,123,48,471,36,0.17051186827308318
gtx,elliptic,local,louvain,20261004,123,49,476,56,0.21409118118109008
gtx,elliptic,oracle,louvain,20261004,123,40,1211,112,0.6788667264324213
gtx,elliptic,oracle,louvain,20261004,123,41,1132,116,0.7378872106166703
gtx,elliptic,oracle,louvain,20261004,123,42,2154,239,0.8491904853286295
gtx,elliptic,oracle,louvain,20261004,123,43,1370,24,0.02522276628787796
gtx,elliptic,oracle,louvain,20261004,123,44,1591,24,0.021036222022518647
gtx,elliptic,oracle,louvain,20261004,123,45,1221,5,0.010856172178873868
gtx,elliptic,oracle,louvain,20261004,123,46,712,2,0.01861617130073506
gtx,elliptic,oracle,louvain,20261004,123,47,846,22,0.037461126534125005
gtx,elliptic,oracle,louvain,20261004,123,48,471,36,0.16202271723416947
gtx,elliptic,oracle,louvain,20261004,123,49,476,56,0.2232659258784457
gtx,elliptic,shuffled,louvain,20261004,123,40,1211,112,0.6740151656917134
gtx,elliptic,shuffled,louvain,20261004,123,41,1132,116,0.7515889220922558
gtx,elliptic,shuffled,louvain,20261004,123,42,2154,239,0.8537974701427644
gtx,elliptic,shuffled,louvain,20261004,123,43,1370,24,0.025954009918036754
gtx,elliptic,shuffled,louvain,20261004,123,44,1591,24,0.020158777625076656
gtx,elliptic,shuffled,louvain,20261004,123,45,1221,5,0.011833437075762338
gtx,elliptic,shuffled,louvain,20261004,123,46,712,2,0.015606801770323782
gtx,elliptic,shuffled,louvain,20261004,123,47,846,22,0.035099194092814395
gtx,elliptic,shuffled,louvain,20261004,123,48,471,36,0.16303309868607674
gtx,elliptic,shuffled,louvain,20261004,123,49,476,56,0.2207818183734056
gtx,elliptic,current,louvain,20261004,42,40,1211,112,0.678228763292967
gtx,elliptic,current,louvain,20261004,42,41,1132,116,0.7885661200771877
gtx,elliptic,current,louvain,20261004,42,42,2154,239,0.8508954238892826
gtx,elliptic,current,louvain,20261004,42,43,1370,24,0.027865433255401525
gtx,elliptic,current,louvain,20261004,42,44,1591,24,0.021967037902835676
gtx,elliptic,current,louvain,20261004,42,45,1221,5,0.010551233816939582
gtx,elliptic,current,louvain,20261004,42,46,712,2,0.015247915752523036
gtx,elliptic,current,louvain,20261004,42,47,846,22,0.0372899639897611
gtx,elliptic,current,louvain,20261004,42,48,471,36,0.16447740552474382
gtx,elliptic,current,louvain,20261004,42,49,476,56,0.22674024793950465
gtx,elliptic,fedavg,louvain,20261004,42,40,1211,112,0.6802377181799832
gtx,elliptic,fedavg,louvain,20261004,42,41,1132,116,0.804669632826306
gtx,elliptic,fedavg,louvain,20261004,42,42,2154,239,0.8444360389958007
gtx,elliptic,fedavg,louvain,20261004,42,43,1370,24,0.02622971851782741
gtx,elliptic,fedavg,louvain,20261004,42,44,1591,24,0.022799409811202792
gtx,elliptic,fedavg,louvain,20261004,42,45,1221,5,0.010732959597913368
gtx,elliptic,fedavg,louvain,20261004,42,46,712,2,0.017718715393133997
gtx,elliptic,fedavg,louvain,20261004,42,47,846,22,0.035702380066008246
gtx,elliptic,fedavg,louvain,20261004,42,48,471,36,0.16337983993208338
gtx,elliptic,fedavg,louvain,20261004,42,49,476,56,0.22798417057589246
gtx,elliptic,fedgcn,louvain,20261004,42,40,1211,112,0.4578363209572215
gtx,elliptic,fedgcn,louvain,20261004,42,41,1132,116,0.3473024575960016
gtx,elliptic,fedgcn,louvain,20261004,42,42,2154,239,0.6715161102024866
gtx,elliptic,fedgcn,louvain,20261004,42,43,1370,24,0.026255873530146506
gtx,elliptic,fedgcn,louvain,20261004,42,44,1591,24,0.05162375326381641
gtx,elliptic,fedgcn,louvain,20261004,42,45,1221,5,0.006644313372411613
gtx,elliptic,fedgcn,louvain,20261004,42,46,712,2,0.04973118279569892
gtx,elliptic,fedgcn,louvain,20261004,42,47,846,22,0.05151372110951
gtx,elliptic,fedgcn,louvain,20261004,42,48,471,36,0.15364679872892445
gtx,elliptic,fedgcn,louvain,20261004,42,49,476,56,0.16948621326916516
gtx,elliptic,fedmlp,louvain,20261004,42,40,1211,112,0.7341720931375475
gtx,elliptic,fedmlp,louvain,20261004,42,41,1132,116,0.9462772502726485
gtx,elliptic,fedmlp,louvain,20261004,42,42,2154,239,0.8604277034138096
gtx,elliptic,fedmlp,louvain,20261004,42,43,1370,24,0.022023709111562123
gtx,elliptic,fedmlp,louvain,20261004,42,44,1591,24,0.02162053972740444
gtx,elliptic,fedmlp,louvain,20261004,42,45,1221,5,0.013533679946898487
gtx,elliptic,fedmlp,louvain,20261004,42,46,712,2,0.009093915343915343
gtx,elliptic,fedmlp,louvain,20261004,42,47,846,22,0.03220560598734616
gtx,elliptic,fedmlp,louvain,20261004,42,48,471,36,0.10807370781850746
gtx,elliptic,fedmlp,louvain,20261004,42,49,476,56,0.13797836781205194
gtx,elliptic,fresh,louvain,20261004,42,40,1211,112,0.6833545250519633
gtx,elliptic,fresh,louvain,20261004,42,41,1132,116,0.7850628083969948
gtx,elliptic,fresh,louvain,20261004,42,42,2154,239,0.84761188002905
gtx,elliptic,fresh,louvain,20261004,42,43,1370,24,0.02755542685671931
gtx,elliptic,fresh,louvain,20261004,42,44,1591,24,0.023364408266149144
gtx,elliptic,fresh,louvain,20261004,42,45,1221,5,0.012342805724978655
gtx,elliptic,fresh,louvain,20261004,42,46,712,2,0.01746031746031746
gtx,elliptic,fresh,louvain,20261004,42,47,846,22,0.03597470608315054
gtx,elliptic,fresh,louvain,20261004,42,48,471,36,0.16173593668563918
gtx,elliptic,fresh,louvain,20261004,42,49,476,56,0.22552389003818574
gtx,elliptic,local,louvain,20261004,42,40,1211,112,0.619436046688065
gtx,elliptic,local,louvain,20261004,42,41,1132,116,0.7113182323764318
gtx,elliptic,local,louvain,20261004,42,42,2154,239,0.8422226290587974
gtx,elliptic,local,louvain,20261004,42,43,1370,24,0.02633443388174601
gtx,elliptic,local,louvain,20261004,42,44,1591,24,0.020208383475111762
gtx,elliptic,local,louvain,20261004,42,45,1221,5,0.012567554206107468
gtx,elliptic,local,louvain,20261004,42,46,712,2,0.013075657894736841
gtx,elliptic,local,louvain,20261004,42,47,846,22,0.0455130456704903
gtx,elliptic,local,louvain,20261004,42,48,471,36,0.15027087577551176
gtx,elliptic,local,louvain,20261004,42,49,476,56,0.2090304038346276
gtx,elliptic,oracle,louvain,20261004,42,40,1211,112,0.6801757125614781
gtx,elliptic,oracle,louvain,20261004,42,41,1132,116,0.8307870038076401
gtx,elliptic,oracle,louvain,20261004,42,42,2154,239,0.8516083883712872
gtx,elliptic,oracle,louvain,20261004,42,43,1370,24,0.03295273888704358
gtx,elliptic,oracle,louvain,20261004,42,44,1591,24,0.01959877331340199
gtx,elliptic,oracle,louvain,20261004,42,45,1221,5,0.011988924232197648
gtx,elliptic,oracle,louvain,20261004,42,46,712,2,0.015351122027464553
gtx,elliptic,oracle,louvain,20261004,42,47,846,22,0.036693380935124184
gtx,elliptic,oracle,louvain,20261004,42,48,471,36,0.15662701329862458
gtx,elliptic,oracle,louvain,20261004,42,49,476,56,0.21099118610213477
gtx,elliptic,shuffled,louvain,20261004,42,40,1211,112,0.685037099265055
gtx,elliptic,shuffled,louvain,20261004,42,41,1132,116,0.8147563091078697
gtx,elliptic,shuffled,louvain,20261004,42,42,2154,239,0.8537277965211418
gtx,elliptic,shuffled,louvain,20261004,42,43,1370,24,0.030009426973474248
gtx,elliptic,shuffled,louvain,20261004,42,44,1591,24,0.020667608868793836
gtx,elliptic,shuffled,louvain,20261004,42,45,1221,5,0.01406678321125664
gtx,elliptic,shuffled,louvain,20261004,42,46,712,2,0.015945707349371
gtx,elliptic,shuffled,louvain,20261004,42,47,846,22,0.0353305474321639
gtx,elliptic,shuffled,louvain,20261004,42,48,471,36,0.15810385271011837
gtx,elliptic,shuffled,louvain,20261004,42,49,476,56,0.2201441669001525
gtx,elliptic,current,louvain,20261004,456,40,1211,112,0.6895622106234114
gtx,elliptic,current,louvain,20261004,456,41,1132,116,0.7923006573909995
gtx,elliptic,current,louvain,20261004,456,42,2154,239,0.8475834810882085
gtx,elliptic,current,louvain,20261004,456,43,1370,24,0.02258176119667817
gtx,elliptic,current,louvain,20261004,456,44,1591,24,0.023199284092086558
gtx,elliptic,current,louvain,20261004,456,45,1221,5,0.010601001378629071
gtx,elliptic,current,louvain,20261004,456,46,712,2,0.02377732702276313
gtx,elliptic,current,louvain,20261004,456,47,846,22,0.03824263006949979
gtx,elliptic,current,louvain,20261004,456,48,471,36,0.16640374306320696
gtx,elliptic,current,louvain,20261004,456,49,476,56,0.2136791982542344
gtx,elliptic,fedavg,louvain,20261004,456,40,1211,112,0.693886733655645
gtx,elliptic,fedavg,louvain,20261004,456,41,1132,116,0.8208303283055284
gtx,elliptic,fedavg,louvain,20261004,456,42,2154,239,0.8522830576689903
gtx,elliptic,fedavg,louvain,20261004,456,43,1370,24,0.02265106413339833
gtx,elliptic,fedavg,louvain,20261004,456,44,1591,24,0.021693752742338885
gtx,elliptic,fedavg,louvain,20261004,456,45,1221,5,0.011537980970657216
gtx,elliptic,fedavg,louvain,20261004,456,46,712,2,0.021687462863933454
gtx,elliptic,fedavg,louvain,20261004,456,47,846,22,0.03751154678626805
gtx,elliptic,fedavg,louvain,20261004,456,48,471,36,0.16377083661702496
gtx,elliptic,fedavg,louvain,20261004,456,49,476,56,0.21810484991464904
gtx,elliptic,fedgcn,louvain,20261004,456,40,1211,112,0.4966340782275474
gtx,elliptic,fedgcn,louvain,20261004,456,41,1132,116,0.3763823258874038
gtx,elliptic,fedgcn,louvain,20261004,456,42,2154,239,0.6528815882525266
gtx,elliptic,fedgcn,louvain,20261004,456,43,1370,24,0.0262593377368963
gtx,elliptic,fedgcn,louvain,20261004,456,44,1591,24,0.07281600244235496
gtx,elliptic,fedgcn,louvain,20261004,456,45,1221,5,0.006459730166200698
gtx,elliptic,fedgcn,louvain,20261004,456,46,712,2,0.025371460611157838
gtx,elliptic,fedgcn,louvain,20261004,456,47,846,22,0.051803988127461655
gtx,elliptic,fedgcn,louvain,20261004,456,48,471,36,0.15019817527476587
gtx,elliptic,fedgcn,louvain,20261004,456,49,476,56,0.17018889144475371
gtx,elliptic,fedmlp,louvain,20261004,456,40,1211,112,0.7285682760467083
gtx,elliptic,fedmlp,louvain,20261004,456,41,1132,116,0.9337075281383074
gtx,elliptic,fedmlp,louvain,20261004,456,42,2154,239,0.8505670888192643
gtx,elliptic,fedmlp,louvain,20261004,456,43,1370,24,0.015402445857846747
gtx,elliptic,fedmlp,louvain,20261004,456,44,1591,24,0.02156740934398103
gtx,elliptic,fedmlp,louvain,20261004,456,45,1221,5,0.012628675310493265
gtx,elliptic,fedmlp,louvain,20261004,456,46,712,2,0.014821953010279002
gtx,elliptic,fedmlp,louvain,20261004,456,47,846,22,0.031643161371154145
gtx,elliptic,fedmlp,louvain,20261004,456,48,471,36,0.10150656223461388
gtx,elliptic,fedmlp,louvain,20261004,456,49,476,56,0.15384744211982987
gtx,elliptic,fresh,louvain,20261004,456,40,1211,112,0.7020171625174527
gtx,elliptic,fresh,louvain,20261004,456,41,1132,116,0.8349470926552589
gtx,elliptic,fresh,louvain,20261004,456,42,2154,239,0.8502288801339255
gtx,elliptic,fresh,louvain,20261004,456,43,1370,24,0.022889149747614454
gtx,elliptic,fresh,louvain,20261004,456,44,1591,24,0.024909729579591432
gtx,elliptic,fresh,louvain,20261004,456,45,1221,5,0.010780442060755829
gtx,elliptic,fresh,louvain,20261004,456,46,712,2,0.028190743338008414
gtx,elliptic,fresh,louvain,20261004,456,47,846,22,0.039123194274227065
gtx,elliptic,fresh,louvain,20261004,456,48,471,36,0.16956752090495683
gtx,elliptic,fresh,louvain,20261004,456,49,476,56,0.22276298455241658
gtx,elliptic,local,louvain,20261004,456,40,1211,112,0.6227943672461921
gtx,elliptic,local,louvain,20261004,456,41,1132,116,0.7243988646796649
gtx,elliptic,local,louvain,20261004,456,42,2154,239,0.8195291233500775
gtx,elliptic,local,louvain,20261004,456,43,1370,24,0.023771454309855954
gtx,elliptic,local,louvain,20261004,456,44,1591,24,0.018764339284158455
gtx,elliptic,local,louvain,20261004,456,45,1221,5,0.008541935854246847
gtx,elliptic,local,louvain,20261004,456,46,712,2,0.01707175925925926
gtx,elliptic,local,louvain,20261004,456,47,846,22,0.05562541232250348
gtx,elliptic,local,louvain,20261004,456,48,471,36,0.1639497946841498
gtx,elliptic,local,louvain,20261004,456,49,476,56,0.2023716908587654
gtx,elliptic,oracle,louvain,20261004,456,40,1211,112,0.7009243469306566
gtx,elliptic,oracle,louvain,20261004,456,41,1132,116,0.8183907942405562
gtx,elliptic,oracle,louvain,20261004,456,42,2154,239,0.8442783607487195
gtx,elliptic,oracle,louvain,20261004,456,43,1370,24,0.024626995811533003
gtx,elliptic,oracle,louvain,20261004,456,44,1591,24,0.027300318097156235
gtx,elliptic,oracle,louvain,20261004,456,45,1221,5,0.011356601189789218
gtx,elliptic,oracle,louvain,20261004,456,46,712,2,0.04475084663763909
gtx,elliptic,oracle,louvain,20261004,456,47,846,22,0.0383103135482768
gtx,elliptic,oracle,louvain,20261004,456,48,471,36,0.17609954918161794
gtx,elliptic,oracle,louvain,20261004,456,49,476,56,0.2213674199423838
gtx,elliptic,shuffled,louvain,20261004,456,40,1211,112,0.6996046130598408
gtx,elliptic,shuffled,louvain,20261004,456,41,1132,116,0.8290594683630855
gtx,elliptic,shuffled,louvain,20261004,456,42,2154,239,0.8476926617826662
gtx,elliptic,shuffled,louvain,20261004,456,43,1370,24,0.021842497687788575
gtx,elliptic,shuffled,louvain,20261004,456,44,1591,24,0.02476708948621879
gtx,elliptic,shuffled,louvain,20261004,456,45,1221,5,0.013263787104106714
gtx,elliptic,shuffled,louvain,20261004,456,46,712,2,0.028474399164054337
gtx,elliptic,shuffled,louvain,20261004,456,47,846,22,0.03680363088561653
gtx,elliptic,shuffled,louvain,20261004,456,48,471,36,0.17823334686227132
gtx,elliptic,shuffled,louvain,20261004,456,49,476,56,0.23172943646300845
gtx,elliptic,current,louvain,20261005,123,40,1211,112,0.6591110062111466
gtx,elliptic,current,louvain,20261005,123,41,1132,116,0.7201178601680361
gtx,elliptic,current,louvain,20261005,123,42,2154,239,0.8542194186272685
gtx,elliptic,current,louvain,20261005,123,43,1370,24,0.0343889805366671
gtx,elliptic,current,louvain,20261005,123,44,1591,24,0.01926532101451354
gtx,elliptic,current,louvain,20261005,123,45,1221,5,0.01046695356940696
gtx,elliptic,current,louvain,20261005,123,46,712,2,0.020645645645645645
gtx,elliptic,current,louvain,20261005,123,47,846,22,0.03343738601188766
gtx,elliptic,current,louvain,20261005,123,48,471,36,0.16580760632139344
gtx,elliptic,current,louvain,20261005,123,49,476,56,0.212640686412012
gtx,elliptic,fedavg,louvain,20261005,123,40,1211,112,0.6629806815024047
gtx,elliptic,fedavg,louvain,20261005,123,41,1132,116,0.6810417306135993
gtx,elliptic,fedavg,louvain,20261005,123,42,2154,239,0.8472844306714196
gtx,elliptic,fedavg,louvain,20261005,123,43,1370,24,0.022548930890376767
gtx,elliptic,fedavg,louvain,20261005,123,44,1591,24,0.02159863432504081
gtx,elliptic,fedavg,louvain,20261005,123,45,1221,5,0.010338198424576632
gtx,elliptic,fedavg,louvain,20261005,123,46,712,2,0.023860911270983214
gtx,elliptic,fedavg,louvain,20261005,123,47,846,22,0.03410736256256902
gtx,elliptic,fedavg,louvain,20261005,123,48,471,36,0.16498086800240344
gtx,elliptic,fedavg,louvain,20261005,123,49,476,56,0.22639076248012938
gtx,elliptic,fedgcn,louvain,20261005,123,40,1211,112,0.47551669328757146
gtx,elliptic,fedgcn,louvain,20261005,123,41,1132,116,0.31684358475374536
gtx,elliptic,fedgcn,louvain,20261005,123,42,2154,239,0.6569787878044242
gtx,elliptic,fedgcn,louvain,20261005,123,43,1370,24,0.0325064536501961
gtx,elliptic,fedgcn,louvain,20261005,123,44,1591,24,0.07692348771783232
gtx,elliptic,fedgcn,louvain,20261005,123,45,1221,5,0.005983693559827462
gtx,elliptic,fedgcn,louvain,20261005,123,46,712,2,0.10418410041841004
gtx,elliptic,fedgcn,louvain,20261005,123,47,846,22,0.051426691497058655
gtx,elliptic,fedgcn,louvain,20261005,123,48,471,36,0.1413161740826633
gtx,elliptic,fedgcn,louvain,20261005,123,49,476,56,0.17588164236290202
gtx,elliptic,fedmlp,louvain,20261005,123,40,1211,112,0.7249251321212441
gtx,elliptic,fedmlp,louvain,20261005,123,41,1132,116,0.9463976061856753
gtx,elliptic,fedmlp,louvain,20261005,123,42,2154,239,0.8570875628687654
gtx,elliptic,fedmlp,louvain,20261005,123,43,1370,24,0.01947715890469356
gtx,elliptic,fedmlp,louvain,20261005,123,44,1591,24,0.019846843352929255
gtx,elliptic,fedmlp,louvain,20261005,123,45,1221,5,0.010746030423217433
gtx,elliptic,fedmlp,louvain,20261005,123,46,712,2,0.010675787728026534
gtx,elliptic,fedmlp,louvain,20261005,123,47,846,22,0.030037856948175887
gtx,elliptic,fedmlp,louvain,20261005,123,48,471,36,0.09027754182470905
gtx,elliptic,fedmlp,louvain,20261005,123,49,476,56,0.12006570571373573
gtx,elliptic,fresh,louvain,20261005,123,40,1211,112,0.6570519650513532
gtx,elliptic,fresh,louvain,20261005,123,41,1132,116,0.6759067631425495
gtx,elliptic,fresh,louvain,20261005,123,42,2154,239,0.8555252392232296
gtx,elliptic,fresh,louvain,20261005,123,43,1370,24,0.033572813096374936
gtx,elliptic,fresh,louvain,20261005,123,44,1591,24,0.020457618697952377
gtx,elliptic,fresh,louvain,20261005,123,45,1221,5,0.011959825861017901
gtx,elliptic,fresh,louvain,20261005,123,46,712,2,0.019693842449260406
gtx,elliptic,fresh,louvain,20261005,123,47,846,22,0.034249019900853356
gtx,elliptic,fresh,louvain,20261005,123,48,471,36,0.16163373983329468
gtx,elliptic,fresh,louvain,20261005,123,49,476,56,0.21071396223593508
gtx,elliptic,local,louvain,20261005,123,40,1211,112,0.6127353900203932
gtx,elliptic,local,louvain,20261005,123,41,1132,116,0.7069012720173229
gtx,elliptic,local,louvain,20261005,123,42,2154,239,0.8416943531087993
gtx,elliptic,local,louvain,20261005,123,43,1370,24,0.023477163629744377
gtx,elliptic,local,louvain,20261005,123,44,1591,24,0.02302163043567082
gtx,elliptic,local,louvain,20261005,123,45,1221,5,0.008886241249825424
gtx,elliptic,local,louvain,20261005,123,46,712,2,0.02000702000702001
gtx,elliptic,local,louvain,20261005,123,47,846,22,0.026621788953482748
gtx,elliptic,local,louvain,20261005,123,48,471,36,0.14152194840663831
gtx,elliptic,local,louvain,20261005,123,49,476,56,0.2159494686177965
gtx,elliptic,oracle,louvain,20261005,123,40,1211,112,0.6659508588647801
gtx,elliptic,oracle,louvain,20261005,123,41,1132,116,0.7189738326912247
gtx,elliptic,oracle,louvain,20261005,123,42,2154,239,0.8519206048826906
gtx,elliptic,oracle,louvain,20261005,123,43,1370,24,0.03018235706232944
gtx,elliptic,oracle,louvain,20261005,123,44,1591,24,0.01960640200694844
gtx,elliptic,oracle,louvain,20261005,123,45,1221,5,0.009791494564301529
gtx,elliptic,oracle,louvain,20261005,123,46,712,2,0.02140151515151515
gtx,elliptic,oracle,louvain,20261005,123,47,846,22,0.03463941959092256
gtx,elliptic,oracle,louvain,20261005,123,48,471,36,0.16375968408131703
gtx,elliptic,oracle,louvain,20261005,123,49,476,56,0.21414677637342772
gtx,elliptic,shuffled,louvain,20261005,123,40,1211,112,0.6656757486910846
gtx,elliptic,shuffled,louvain,20261005,123,41,1132,116,0.6936625938915135
gtx,elliptic,shuffled,louvain,20261005,123,42,2154,239,0.8593203224787109
gtx,elliptic,shuffled,louvain,20261005,123,43,1370,24,0.030245564961148146
gtx,elliptic,shuffled,louvain,20261005,123,44,1591,24,0.019896361774197197
gtx,elliptic,shuffled,louvain,20261005,123,45,1221,5,0.011763313720379516
gtx,elliptic,shuffled,louvain,20261005,123,46,712,2,0.01986930413281526
gtx,elliptic,shuffled,louvain,20261005,123,47,846,22,0.03508355290680407
gtx,elliptic,shuffled,louvain,20261005,123,48,471,36,0.1634088323664119
gtx,elliptic,shuffled,louvain,20261005,123,49,476,56,0.21556273428755257
gtx,elliptic,current,louvain,20261005,42,40,1211,112,0.6594991774027221
gtx,elliptic,current,louvain,20261005,42,41,1132,116,0.6535891315991513
gtx,elliptic,current,louvain,20261005,42,42,2154,239,0.8485742175507169
gtx,elliptic,current,louvain,20261005,42,43,1370,24,0.02901954643843795
gtx,elliptic,current,louvain,20261005,42,44,1591,24,0.025739823837089656
gtx,elliptic,current,louvain,20261005,42,45,1221,5,0.011379908227441723
gtx,elliptic,current,louvain,20261005,42,46,712,2,0.017917215152844813
gtx,elliptic,current,louvain,20261005,42,47,846,22,0.03397557809562203
gtx,elliptic,current,louvain,20261005,42,48,471,36,0.16612423187541212
gtx,elliptic,current,louvain,20261005,42,49,476,56,0.23259402829304096
gtx,elliptic,fedavg,louvain,20261005,42,40,1211,112,0.6694270564808951
gtx,elliptic,fedavg,louvain,20261005,42,41,1132,116,0.6825830873975642
gtx,elliptic,fedavg,louvain,20261005,42,42,2154,239,0.8465385285055201
gtx,elliptic,fedavg,louvain,20261005,42,43,1370,24,0.02903290304300793
gtx,elliptic,fedavg,louvain,20261005,42,44,1591,24,0.02525690309251678
gtx,elliptic,fedavg,louvain,20261005,42,45,1221,5,0.01325155062329291
gtx,elliptic,fedavg,louvain,20261005,42,46,712,2,0.020738107330286103
gtx,elliptic,fedavg,louvain,20261005,42,47,846,22,0.03255388446336769
gtx,elliptic,fedavg,louvain,20261005,42,48,471,36,0.15588619680983878
gtx,elliptic,fedavg,louvain,20261005,42,49,476,56,0.2193800655256983
gtx,elliptic,fedgcn,louvain,20261005,42,40,1211,112,0.4587651340372795
gtx,elliptic,fedgcn,louvain,20261005,42,41,1132,116,0.3363847466488759
gtx,elliptic,fedgcn,louvain,20261005,42,42,2154,239,0.6664582141472665
gtx,elliptic,fedgcn,louvain,20261005,42,43,1370,24,0.0272368418497095
gtx,elliptic,fedgcn,louvain,20261005,42,44,1591,24,0.07260094446723125
gtx,elliptic,fedgcn,louvain,20261005,42,45,1221,5,0.006446575698579993
gtx,elliptic,fedgcn,louvain,20261005,42,46,712,2,0.05793650793650794
gtx,elliptic,fedgcn,louvain,20261005,42,47,846,22,0.051743411873728704
gtx,elliptic,fedgcn,louvain,20261005,42,48,471,36,0.15920916348840106
gtx,elliptic,fedgcn,louvain,20261005,42,49,476,56,0.18365068969872844
gtx,elliptic,fedmlp,louvain,20261005,42,40,1211,112,0.7283411159577128
gtx,elliptic,fedmlp,louvain,20261005,42,41,1132,116,0.945110353079085
gtx,elliptic,fedmlp,louvain,20261005,42,42,2154,239,0.8555549642846463
gtx,elliptic,fedmlp,louvain,20261005,42,43,1370,24,0.01974479411027206
gtx,elliptic,fedmlp,louvain,20261005,42,44,1591,24,0.01985233618248556
gtx,elliptic,fedmlp,louvain,20261005,42,45,1221,5,0.012048693991468231
gtx,elliptic,fedmlp,louvain,20261005,42,46,712,2,0.011569751933849026
gtx,elliptic,fedmlp,louvain,20261005,42,47,846,22,0.030389996912343318
gtx,elliptic,fedmlp,louvain,20261005,42,48,471,36,0.10330863179065057
gtx,elliptic,fedmlp,louvain,20261005,42,49,476,56,0.1306866114898192
gtx,elliptic,fresh,louvain,20261005,42,40,1211,112,0.6593714118355394
gtx,elliptic,fresh,louvain,20261005,42,41,1132,116,0.7062118916423212
gtx,elliptic,fresh,louvain,20261005,42,42,2154,239,0.8492204618516294
gtx,elliptic,fresh,louvain,20261005,42,43,1370,24,0.03607559603903218
gtx,elliptic,fresh,louvain,20261005,42,44,1591,24,0.026433620152020984
gtx,elliptic,fresh,louvain,20261005,42,45,1221,5,0.014354177154274231
gtx,elliptic,fresh,louvain,20261005,42,46,712,2,0.020202874049027895
gtx,elliptic,fresh,louvain,20261005,42,47,846,22,0.033653838836477275
gtx,elliptic,fresh,louvain,20261005,42,48,471,36,0.15942965928941613
gtx,elliptic,fresh,louvain,20261005,42,49,476,56,0.22881850205185142
gtx,elliptic,local,louvain,20261005,42,40,1211,112,0.5830406369453974
gtx,elliptic,local,louvain,20261005,42,41,1132,116,0.7267215066906852
gtx,elliptic,local,louvain,20261005,42,42,2154,239,0.8382224150745938
gtx,elliptic,local,louvain,20261005,42,43,1370,24,0.031398099958091424
gtx,elliptic,local,louvain,20261005,42,44,1591,24,0.022772394724494813
gtx,elliptic,local,louvain,20261005,42,45,1221,5,0.009532232512051415
gtx,elliptic,local,louvain,20261005,42,46,712,2,0.012196935891715008
gtx,elliptic,local,louvain,20261005,42,47,846,22,0.02777498443275109
gtx,elliptic,local,louvain,20261005,42,48,471,36,0.1406013283661039
gtx,elliptic,local,louvain,20261005,42,49,476,56,0.23246689898659284
gtx,elliptic,oracle,louvain,20261005,42,40,1211,112,0.6736505540113572
gtx,elliptic,oracle,louvain,20261005,42,41,1132,116,0.7766766339617827
gtx,elliptic,oracle,louvain,20261005,42,42,2154,239,0.8425496066474106
gtx,elliptic,oracle,louvain,20261005,42,43,1370,24,0.033820798551906665
gtx,elliptic,oracle,louvain,20261005,42,44,1591,24,0.021822261428967798
gtx,elliptic,oracle,louvain,20261005,42,45,1221,5,0.010627971483825344
gtx,elliptic,oracle,louvain,20261005,42,46,712,2,0.01685758916948711
gtx,elliptic,oracle,louvain,20261005,42,47,846,22,0.034474271215289926
gtx,elliptic,oracle,louvain,20261005,42,48,471,36,0.16700163862763018
gtx,elliptic,oracle,louvain,20261005,42,49,476,56,0.2268657601601353
gtx,elliptic,shuffled,louvain,20261005,42,40,1211,112,0.6729722357099285
gtx,elliptic,shuffled,louvain,20261005,42,41,1132,116,0.7860528012718101
gtx,elliptic,shuffled,louvain,20261005,42,42,2154,239,0.8450545402989098
gtx,elliptic,shuffled,louvain,20261005,42,43,1370,24,0.03171172385102024
gtx,elliptic,shuffled,louvain,20261005,42,44,1591,24,0.02048874404490134
gtx,elliptic,shuffled,louvain,20261005,42,45,1221,5,0.011999602139777531
gtx,elliptic,shuffled,louvain,20261005,42,46,712,2,0.01623062015503876
gtx,elliptic,shuffled,louvain,20261005,42,47,846,22,0.033859211915854386
gtx,elliptic,shuffled,louvain,20261005,42,48,471,36,0.15873126711293808
gtx,elliptic,shuffled,louvain,20261005,42,49,476,56,0.22286831014518818
gtx,elliptic,current,louvain,20261005,456,40,1211,112,0.6955106261836308
gtx,elliptic,current,louvain,20261005,456,41,1132,116,0.7623564111534586
gtx,elliptic,current,louvain,20261005,456,42,2154,239,0.8510240478773176
gtx,elliptic,current,louvain,20261005,456,43,1370,24,0.025236387519899126
gtx,elliptic,current,louvain,20261005,456,44,1591,24,0.026251469620815527
gtx,elliptic,current,louvain,20261005,456,45,1221,5,0.012098051696824291
gtx,elliptic,current,louvain,20261005,456,46,712,2,0.032339885859226376
gtx,elliptic,current,louvain,20261005,456,47,846,22,0.03518287029292443
gtx,elliptic,current,louvain,20261005,456,48,471,36,0.1684538971068633
gtx,elliptic,current,louvain,20261005,456,49,476,56,0.22935256716697935
gtx,elliptic,fedavg,louvain,20261005,456,40,1211,112,0.7008588062352005
gtx,elliptic,fedavg,louvain,20261005,456,41,1132,116,0.7725274928756337
gtx,elliptic,fedavg,louvain,20261005,456,42,2154,239,0.8481332300941211
gtx,elliptic,fedavg,louvain,20261005,456,43,1370,24,0.02454500085172191
gtx,elliptic,fedavg,louvain,20261005,456,44,1591,24,0.024953075120971738
gtx,elliptic,fedavg,louvain,20261005,456,45,1221,5,0.014859154844733592
gtx,elliptic,fedavg,louvain,20261005,456,46,712,2,0.033302639656230815
gtx,elliptic,fedavg,louvain,20261005,456,47,846,22,0.03447449993578489
gtx,elliptic,fedavg,louvain,20261005,456,48,471,36,0.1678806749256899
gtx,elliptic,fedavg,louvain,20261005,456,49,476,56,0.23081077663526603
gtx,elliptic,fedgcn,louvain,20261005,456,40,1211,112,0.4970309777877643
gtx,elliptic,fedgcn,louvain,20261005,456,41,1132,116,0.3826541793232418
gtx,elliptic,fedgcn,louvain,20261005,456,42,2154,239,0.6528689941719836
gtx,elliptic,fedgcn,louvain,20261005,456,43,1370,24,0.026823192408571856
gtx,elliptic,fedgcn,louvain,20261005,456,44,1591,24,0.07301768586707907
gtx,elliptic,fedgcn,louvain,20261005,456,45,1221,5,0.006073381983221197
gtx,elliptic,fedgcn,louvain,20261005,456,46,712,2,0.019258987527512837
gtx,elliptic,fedgcn,louvain,20261005,456,47,846,22,0.04983575348460527
gtx,elliptic,fedgcn,louvain,20261005,456,48,471,36,0.15472448746645598
gtx,elliptic,fedgcn,louvain,20261005,456,49,476,56,0.17569109725402665
gtx,elliptic,fedmlp,louvain,20261005,456,40,1211,112,0.7300910455553601
gtx,elliptic,fedmlp,louvain,20261005,456,41,1132,116,0.9366099277207084
gtx,elliptic,fedmlp,louvain,20261005,456,42,2154,239,0.8503613504467299
gtx,elliptic,fedmlp,louvain,20261005,456,43,1370,24,0.0184539612337743
gtx,elliptic,fedmlp,louvain,20261005,456,44,1591,24,0.022091653687110174
gtx,elliptic,fedmlp,louvain,20261005,456,45,1221,5,0.009454376104296275
gtx,elliptic,fedmlp,louvain,20261005,456,46,712,2,0.020605712095073798
gtx,elliptic,fedmlp,louvain,20261005,456,47,846,22,0.03138788822175342
gtx,elliptic,fedmlp,louvain,20261005,456,48,471,36,0.10461000008125092
gtx,elliptic,fedmlp,louvain,20261005,456,49,476,56,0.14213286874896888
gtx,elliptic,fresh,louvain,20261005,456,40,1211,112,0.6858520452036123
gtx,elliptic,fresh,louvain,20261005,456,41,1132,116,0.7218197652718897
gtx,elliptic,fresh,louvain,20261005,456,42,2154,239,0.8535262470528002
gtx,elliptic,fresh,louvain,20261005,456,43,1370,24,0.026098276874221712
gtx,elliptic,fresh,louvain,20261005,456,44,1591,24,0.023302820249110054
gtx,elliptic,fresh,louvain,20261005,456,45,1221,5,0.011581210337045584
gtx,elliptic,fresh,louvain,20261005,456,46,712,2,0.0233763486354982
gtx,elliptic,fresh,louvain,20261005,456,47,846,22,0.037875722918222436
gtx,elliptic,fresh,louvain,20261005,456,48,471,36,0.15873087928971305
gtx,elliptic,fresh,louvain,20261005,456,49,476,56,0.21319412872333868
gtx,elliptic,local,louvain,20261005,456,40,1211,112,0.5978971611346948
gtx,elliptic,local,louvain,20261005,456,41,1132,116,0.7507748028547254
gtx,elliptic,local,louvain,20261005,456,42,2154,239,0.8425160072500323
gtx,elliptic,local,louvain,20261005,456,43,1370,24,0.02425974108969657
gtx,elliptic,local,louvain,20261005,456,44,1591,24,0.021631075181969005
gtx,elliptic,local,louvain,20261005,456,45,1221,5,0.009839649395881063
gtx,elliptic,local,louvain,20261005,456,46,712,2,0.023917748917748918
gtx,elliptic,local,louvain,20261005,456,47,846,22,0.025974637131443375
gtx,elliptic,local,louvain,20261005,456,48,471,36,0.13571579645529097
gtx,elliptic,local,louvain,20261005,456,49,476,56,0.2366139705978764
gtx,elliptic,oracle,louvain,20261005,456,40,1211,112,0.6896719668554707
gtx,elliptic,oracle,louvain,20261005,456,41,1132,116,0.7747061665941485
gtx,elliptic,oracle,louvain,20261005,456,42,2154,239,0.8452417268725525
gtx,elliptic,oracle,louvain,20261005,456,43,1370,24,0.024324662658084733
gtx,elliptic,oracle,louvain,20261005,456,44,1591,24,0.027412687689641318
gtx,elliptic,oracle,louvain,20261005,456,45,1221,5,0.014416532334002877
gtx,elliptic,oracle,louvain,20261005,456,46,712,2,0.06200716845878136
gtx,elliptic,oracle,louvain,20261005,456,47,846,22,0.03601693951607183
gtx,elliptic,oracle,louvain,20261005,456,48,471,36,0.16677625877989824
gtx,elliptic,oracle,louvain,20261005,456,49,476,56,0.22973781525513867
gtx,elliptic,shuffled,louvain,20261005,456,40,1211,112,0.6944154024855566
gtx,elliptic,shuffled,louvain,20261005,456,41,1132,116,0.7800212212017904
gtx,elliptic,shuffled,louvain,20261005,456,42,2154,239,0.8463695970342661
gtx,elliptic,shuffled,louvain,20261005,456,43,1370,24,0.02427436495317432
gtx,elliptic,shuffled,louvain,20261005,456,44,1591,24,0.022461337657399615
gtx,elliptic,shuffled,louvain,20261005,456,45,1221,5,0.01132748495144748
gtx,elliptic,shuffled,louvain,20261005,456,46,712,2,0.022189638318670577
gtx,elliptic,shuffled,louvain,20261005,456,47,846,22,0.036914192517759986
gtx,elliptic,shuffled,louvain,20261005,456,48,471,36,0.16005862982037922
gtx,elliptic,shuffled,louvain,20261005,456,49,476,56,0.22233888506983826
gtx,elliptic,centralized,random,20261003,123,40,1211,112,0.7257275930426659
gtx,elliptic,centralized,random,20261003,123,41,1132,116,0.9069693169026448
gtx,elliptic,centralized,random,20261003,123,42,2154,239,0.8555081529682507
gtx,elliptic,centralized,random,20261003,123,43,1370,24,0.02417142506576642
gtx,elliptic,centralized,random,20261003,123,44,1591,24,0.02704082086476879
gtx,elliptic,centralized,random,20261003,123,45,1221,5,0.012874434764823525
gtx,elliptic,centralized,random,20261003,123,46,712,2,0.03601190476190476
gtx,elliptic,centralized,random,20261003,123,47,846,22,0.035904560904271826
gtx,elliptic,centralized,random,20261003,123,48,471,36,0.18014402776691457
gtx,elliptic,centralized,random,20261003,123,49,476,56,0.2282849217544277
gtx,elliptic,current,random,20261003,123,40,1211,112,0.7081883628976755
gtx,elliptic,current,random,20261003,123,41,1132,116,0.8723572084161149
gtx,elliptic,current,random,20261003,123,42,2154,239,0.8604127669683445
gtx,elliptic,current,random,20261003,123,43,1370,24,0.03417265673288925
gtx,elliptic,current,random,20261003,123,44,1591,24,0.021539199022584995
gtx,elliptic,current,random,20261003,123,45,1221,5,0.012183629255870198
gtx,elliptic,current,random,20261003,123,46,712,2,0.01294620412267471
gtx,elliptic,current,random,20261003,123,47,846,22,0.03734844727614982
gtx,elliptic,current,random,20261003,123,48,471,36,0.16183450236016617
gtx,elliptic,current,random,20261003,123,49,476,56,0.21048869397384665
gtx,elliptic,fedavg,random,20261003,123,40,1211,112,0.6912676832514217
gtx,elliptic,fedavg,random,20261003,123,41,1132,116,0.8727955150348425
gtx,elliptic,fedavg,random,20261003,123,42,2154,239,0.8420480088257988
gtx,elliptic,fedavg,random,20261003,123,43,1370,24,0.022073876685773403
gtx,elliptic,fedavg,random,20261003,123,44,1591,24,0.022011463204189122
gtx,elliptic,fedavg,random,20261003,123,45,1221,5,0.012578422171013737
gtx,elliptic,fedavg,random,20261003,123,46,712,2,0.013515870247645622
gtx,elliptic,fedavg,random,20261003,123,47,846,22,0.031184631200728674
gtx,elliptic,fedavg,random,20261003,123,48,471,36,0.1261985189315165
gtx,elliptic,fedavg,random,20261003,123,49,476,56,0.19424981867915864
gtx,elliptic,fedgcn,random,20261003,123,40,1211,112,0.463484503139212
gtx,elliptic,fedgcn,random,20261003,123,41,1132,116,0.31248861093072394
gtx,elliptic,fedgcn,random,20261003,123,42,2154,239,0.6533536966064748
gtx,elliptic,fedgcn,random,20261003,123,43,1370,24,0.03409886833465848
gtx,elliptic,fedgcn,random,20261003,123,44,1591,24,0.07703766770829655
gtx,elliptic,fedgcn,random,20261003,123,45,1221,5,0.006212234852374854
gtx,elliptic,fedgcn,random,20261003,123,46,712,2,0.10396825396825397
gtx,elliptic,fedgcn,random,20261003,123,47,846,22,0.04892949025476785
gtx,elliptic,fedgcn,random,20261003,123,48,471,36,0.13920809929710773
gtx,elliptic,fedgcn,random,20261003,123,49,476,56,0.17463514122749174
gtx,elliptic,fedmlp,random,20261003,123,40,1211,112,0.7204934140331584
gtx,elliptic,fedmlp,random,20261003,123,41,1132,116,0.9446251948430003
gtx,elliptic,fedmlp,random,20261003,123,42,2154,239,0.8546886369785079
gtx,elliptic,fedmlp,random,20261003,123,43,1370,24,0.027191425335176017
gtx,elliptic,fedmlp,random,20261003,123,44,1591,24,0.01970776690245989
gtx,elliptic,fedmlp,random,20261003,123,45,1221,5,0.008512427816450677
gtx,elliptic,fedmlp,random,20261003,123,46,712,2,0.006968725718725718
gtx,elliptic,fedmlp,random,20261003,123,47,846,22,0.031841136779221964
gtx,elliptic,fedmlp,random,20261003,123,48,471,36,0.08766891576999648
gtx,elliptic,fedmlp,random,20261003,123,49,476,56,0.1056398305615424
gtx,elliptic,fresh,random,20261003,123,40,1211,112,0.7034287260072125
gtx,elliptic,fresh,random,20261003,123,41,1132,116,0.8941889507902269
gtx,elliptic,fresh,random,20261003,123,42,2154,239,0.8612923336362261
gtx,elliptic,fresh,random,20261003,123,43,1370,24,0.030696473576070405
gtx,elliptic,fresh,random,20261003,123,44,1591,24,0.02284061664984242
gtx,elliptic,fresh,random,20261003,123,45,1221,5,0.012712104134454023
gtx,elliptic,fresh,random,20261003,123,46,712,2,0.014395194697597348
gtx,elliptic,fresh,random,20261003,123,47,846,22,0.03450037066655092
gtx,elliptic,fresh,random,20261003,123,48,471,36,0.1589877687334908
gtx,elliptic,fresh,random,20261003,123,49,476,56,0.21195407586542406
gtx,elliptic,local,random,20261003,123,40,1211,112,0.6698256807113229
gtx,elliptic,local,random,20261003,123,41,1132,116,0.8307260852556326
gtx,elliptic,local,random,20261003,123,42,2154,239,0.8295941229660376
gtx,elliptic,local,random,20261003,123,43,1370,24,0.025680421186272603
gtx,elliptic,local,random,20261003,123,44,1591,24,0.022677772651741104
gtx,elliptic,local,random,20261003,123,45,1221,5,0.008700209638937629
gtx,elliptic,local,random,20261003,123,46,712,2,0.05158951477969883
gtx,elliptic,local,random,20261003,123,47,846,22,0.032245478184958085
gtx,elliptic,local,random,20261003,123,48,471,36,0.12159567208322684
gtx,elliptic,local,random,20261003,123,49,476,56,0.20994225105463554
gtx,elliptic,mlp,random,20261003,123,40,1211,112,0.6849320664325396
gtx,elliptic,mlp,random,20261003,123,41,1132,116,0.8823968624228588
gtx,elliptic,mlp,random,20261003,123,42,2154,239,0.854014447489409
gtx,elliptic,mlp,random,20261003,123,43,1370,24,0.018009589401196728
gtx,elliptic,mlp,random,20261003,123,44,1591,24,0.029441632772653104
gtx,elliptic,mlp,random,20261003,123,45,1221,5,0.014521831219619146
gtx,elliptic,mlp,random,20261003,123,46,712,2,0.010763016600167478
gtx,elliptic,mlp,random,20261003,123,47,846,22,0.03514494079011276
gtx,elliptic,mlp,random,20261003,123,48,471,36,0.1061773065568572
gtx,elliptic,mlp,random,20261003,123,49,476,56,0.19044607708340794
gtx,elliptic,oracle,random,20261003,123,40,1211,112,0.6591893299499096
gtx,elliptic,oracle,random,20261003,123,41,1132,116,0.7424483744889068
gtx,elliptic,oracle,random,20261003,123,42,2154,239,0.8535097354471001
gtx,elliptic,oracle,random,20261003,123,43,1370,24,0.03770938288268215
gtx,elliptic,oracle,random,20261003,123,44,1591,24,0.018848942161612012
gtx,elliptic,oracle,random,20261003,123,45,1221,5,0.010476105531851741
gtx,elliptic,oracle,random,20261003,123,46,712,2,0.012049941927990708
gtx,elliptic,oracle,random,20261003,123,47,846,22,0.036485364413549964
gtx,elliptic,oracle,random,20261003,123,48,471,36,0.15479757895804466
gtx,elliptic,oracle,random,20261003,123,49,476,56,0.20181154107997307
gtx,elliptic,shuffled,random,20261003,123,40,1211,112,0.6791088991102019
gtx,elliptic,shuffled,random,20261003,123,41,1132,116,0.8397211368999095
gtx,elliptic,shuffled,random,20261003,123,42,2154,239,0.8474315186021764
gtx,elliptic,shuffled,random,20261003,123,43,1370,24,0.024270698796336625
gtx,elliptic,shuffled,random,20261003,123,44,1591,24,0.02246985624525698
gtx,elliptic,shuffled,random,20261003,123,45,1221,5,0.011319348416039187
gtx,elliptic,shuffled,random,20261003,123,46,712,2,0.009767662399241346
gtx,elliptic,shuffled,random,20261003,123,47,846,22,0.03365233110151693
gtx,elliptic,shuffled,random,20261003,123,48,471,36,0.14670573298434447
gtx,elliptic,shuffled,random,20261003,123,49,476,56,0.2018284897567945
gtx,elliptic,centralized,random,20261003,42,40,1211,112,0.7142531856858323
gtx,elliptic,centralized,random,20261003,42,41,1132,116,0.884588258973209
gtx,elliptic,centralized,random,20261003,42,42,2154,239,0.8477335559929797
gtx,elliptic,centralized,random,20261003,42,43,1370,24,0.020492447190173357
gtx,elliptic,centralized,random,20261003,42,44,1591,24,0.028644318140663344
gtx,elliptic,centralized,random,20261003,42,45,1221,5,0.016038473150962556
gtx,elliptic,centralized,random,20261003,42,46,712,2,0.0675
gtx,elliptic,centralized,random,20261003,42,47,846,22,0.0356214108090734
gtx,elliptic,centralized,random,20261003,42,48,471,36,0.17968160476820258
gtx,elliptic,centralized,random,20261003,42,49,476,56,0.26449692942639436
gtx,elliptic,current,random,20261003,42,40,1211,112,0.7005819029315055
gtx,elliptic,current,random,20261003,42,41,1132,116,0.8992305132381597
gtx,elliptic,current,random,20261003,42,42,2154,239,0.8527888290146504
gtx,elliptic,current,random,20261003,42,43,1370,24,0.0333532101411444
gtx,elliptic,current,random,20261003,42,44,1591,24,0.024258038773376175
gtx,elliptic,current,random,20261003,42,45,1221,5,0.013883585455860423
gtx,elliptic,current,random,20261003,42,46,712,2,0.012846946867565424
gtx,elliptic,current,random,20261003,42,47,846,22,0.03226312621455062
gtx,elliptic,current,random,20261003,42,48,471,36,0.1539811028878628
gtx,elliptic,current,random,20261003,42,49,476,56,0.21708631200116615
gtx,elliptic,fedavg,random,20261003,42,40,1211,112,0.6929556499547279
gtx,elliptic,fedavg,random,20261003,42,41,1132,116,0.9270714092720648
gtx,elliptic,fedavg,random,20261003,42,42,2154,239,0.8480113659372279
gtx,elliptic,fedavg,random,20261003,42,43,1370,24,0.022058476619620713
gtx,elliptic,fedavg,random,20261003,42,44,1591,24,0.023560540213204428
gtx,elliptic,fedavg,random,20261003,42,45,1221,5,0.023561581825299455
gtx,elliptic,fedavg,random,20261003,42,46,712,2,0.01142857142857143
gtx,elliptic,fedavg,random,20261003,42,47,846,22,0.03202250719871442
gtx,elliptic,fedavg,random,20261003,42,48,471,36,0.12433679707815386
gtx,elliptic,fedavg,random,20261003,42,49,476,56,0.1946772818367671
gtx,elliptic,fedgcn,random,20261003,42,40,1211,112,0.45951510104279386
gtx,elliptic,fedgcn,random,20261003,42,41,1132,116,0.32495824018209934
gtx,elliptic,fedgcn,random,20261003,42,42,2154,239,0.6734904937800912
gtx,elliptic,fedgcn,random,20261003,42,43,1370,24,0.030659031855065216
gtx,elliptic,fedgcn,random,20261003,42,44,1591,24,0.0516666028752177
gtx,elliptic,fedgcn,random,20261003,42,45,1221,5,0.0063499956827464095
gtx,elliptic,fedgcn,random,20261003,42,46,712,2,0.04352678571428571
gtx,elliptic,fedgcn,random,20261003,42,47,846,22,0.05285336301237597
gtx,elliptic,fedgcn,random,20261003,42,48,471,36,0.15494688144200774
gtx,elliptic,fedgcn,random,20261003,42,49,476,56,0.17493710894020412
gtx,elliptic,fedmlp,random,20261003,42,40,1211,112,0.7436637715956737
gtx,elliptic,fedmlp,random,20261003,42,41,1132,116,0.9478251693191361
gtx,elliptic,fedmlp,random,20261003,42,42,2154,239,0.8593213972916208
gtx,elliptic,fedmlp,random,20261003,42,43,1370,24,0.03343535993182673
gtx,elliptic,fedmlp,random,20261003,42,44,1591,24,0.021626841819294498
gtx,elliptic,fedmlp,random,20261003,42,45,1221,5,0.011261828083501093
gtx,elliptic,fedmlp,random,20261003,42,46,712,2,0.008831310301898536
gtx,elliptic,fedmlp,random,20261003,42,47,846,22,0.032084925055141204
gtx,elliptic,fedmlp,random,20261003,42,48,471,36,0.1108045070835954
gtx,elliptic,fedmlp,random,20261003,42,49,476,56,0.1492409608138487
gtx,elliptic,fresh,random,20261003,42,40,1211,112,0.6957155172481239
gtx,elliptic,fresh,random,20261003,42,41,1132,116,0.8967189184545519
gtx,elliptic,fresh,random,20261003,42,42,2154,239,0.8467382945080609
gtx,elliptic,fresh,random,20261003,42,43,1370,24,0.026146005958035994
gtx,elliptic,fresh,random,20261003,42,44,1591,24,0.023184494204905117
gtx,elliptic,fresh,random,20261003,42,45,1221,5,0.011373096737644197
gtx,elliptic,fresh,random,20261003,42,46,712,2,0.015566774852746724
gtx,elliptic,fresh,random,20261003,42,47,846,22,0.03249580395500587
gtx,elliptic,fresh,random,20261003,42,48,471,36,0.1630707708572906
gtx,elliptic,fresh,random,20261003,42,49,476,56,0.2171531259598643
gtx,elliptic,local,random,20261003,42,40,1211,112,0.6586809214664223
gtx,elliptic,local,random,20261003,42,41,1132,116,0.8474575132491501
gtx,elliptic,local,random,20261003,42,42,2154,239,0.8339226105096567
gtx,elliptic,local,random,20261003,42,43,1370,24,0.022006453314864994
gtx,elliptic,local,random,20261003,42,44,1591,24,0.0207294638412029
gtx,elliptic,local,random,20261003,42,45,1221,5,0.011265684167378508
gtx,elliptic,local,random,20261003,42,46,712,2,0.056578947368421055
gtx,elliptic,local,random,20261003,42,47,846,22,0.032496683029732916
gtx,elliptic,local,random,20261003,42,48,471,36,0.1250173184287664
gtx,elliptic,local,random,20261003,42,49,476,56,0.2074279605875962
gtx,elliptic,mlp,random,20261003,42,40,1211,112,0.7289453098526214
gtx,elliptic,mlp,random,20261003,42,41,1132,116,0.9381088778987766
gtx,elliptic,mlp,random,20261003,42,42,2154,239,0.8653558690414206
gtx,elliptic,mlp,random,20261003,42,43,1370,24,0.02030275878599139
gtx,elliptic,mlp,random,20261003,42,44,1591,24,0.03437173282994201
gtx,elliptic,mlp,random,20261003,42,45,1221,5,0.023652011591509172
gtx,elliptic,mlp,random,20261003,42,46,712,2,0.00837001467253568
gtx,elliptic,mlp,random,20261003,42,47,846,22,0.03249791693882374
gtx,elliptic,mlp,random,20261003,42,48,471,36,0.11442685287082514
gtx,elliptic,mlp,random,20261003,42,49,476,56,0.2033922355851034
gtx,elliptic,oracle,random,20261003,42,40,1211,112,0.683302366970813
gtx,elliptic,oracle,random,20261003,42,41,1132,116,0.8187403240063085
gtx,elliptic,oracle,random,20261003,42,42,2154,239,0.8518834845184564
gtx,elliptic,oracle,random,20261003,42,43,1370,24,0.030470917933375544
gtx,elliptic,oracle,random,20261003,42,44,1591,24,0.024581143776092985
gtx,elliptic,oracle,random,20261003,42,45,1221,5,0.011412477818965951
gtx,elliptic,oracle,random,20261003,42,46,712,2,0.019986449864498643
gtx,elliptic,oracle,random,20261003,42,47,846,22,0.037549143529448145
gtx,elliptic,oracle,random,20261003,42,48,471,36,0.17001142365311608
gtx,elliptic,oracle,random,20261003,42,49,476,56,0.22416029687694644
gtx,elliptic,shuffled,random,20261003,42,40,1211,112,0.6927529725370613
gtx,elliptic,shuffled,random,20261003,42,41,1132,116,0.8841534259345716
gtx,elliptic,shuffled,random,20261003,42,42,2154,239,0.8451851589858118
gtx,elliptic,shuffled,random,20261003,42,43,1370,24,0.02622214540955332
gtx,elliptic,shuffled,random,20261003,42,44,1591,24,0.025564193748018233
gtx,elliptic,shuffled,random,20261003,42,45,1221,5,0.01452352877342547
gtx,elliptic,shuffled,random,20261003,42,46,712,2,0.009298629901644977
gtx,elliptic,shuffled,random,20261003,42,47,846,22,0.033370023093344116
gtx,elliptic,shuffled,random,20261003,42,48,471,36,0.14814567842040954
gtx,elliptic,shuffled,random,20261003,42,49,476,56,0.21149080208848292
gtx,elliptic,centralized,random,20261003,456,40,1211,112,0.7392269934149291
gtx,elliptic,centralized,random,20261003,456,41,1132,116,0.9018163318941259
gtx,elliptic,centralized,random,20261003,456,42,2154,239,0.8405356044365402
gtx,elliptic,centralized,random,20261003,456,43,1370,24,0.02113324828856271
gtx,elliptic,centralized,random,20261003,456,44,1591,24,0.02583606398938446
gtx,elliptic,centralized,random,20261003,456,45,1221,5,0.012342104804179764
gtx,elliptic,centralized,random,20261003,456,46,712,2,0.10483091787439613
gtx,elliptic,centralized,random,20261003,456,47,846,22,0.04049048300099943
gtx,elliptic,centralized,random,20261003,456,48,471,36,0.18899444160747172
gtx,elliptic,centralized,random,20261003,456,49,476,56,0.2458924631527946
gtx,elliptic,current,random,20261003,456,40,1211,112,0.7066341089952617
gtx,elliptic,current,random,20261003,456,41,1132,116,0.8508016471048733
gtx,elliptic,current,random,20261003,456,42,2154,239,0.8552282984991667
gtx,elliptic,current,random,20261003,456,43,1370,24,0.02952062296320472
gtx,elliptic,current,random,20261003,456,44,1591,24,0.02224032067976721
gtx,elliptic,current,random,20261003,456,45,1221,5,0.013175892397515848
gtx,elliptic,current,random,20261003,456,46,712,2,0.012392900856793145
gtx,elliptic,current,random,20261003,456,47,846,22,0.03672276514621876
gtx,elliptic,current,random,20261003,456,48,471,36,0.17040468295747546
gtx,elliptic,current,random,20261003,456,49,476,56,0.20300931622599566
gtx,elliptic,fedavg,random,20261003,456,40,1211,112,0.6962069988786688
gtx,elliptic,fedavg,random,20261003,456,41,1132,116,0.8740622726611869
gtx,elliptic,fedavg,random,20261003,456,42,2154,239,0.8362686425063913
gtx,elliptic,fedavg,random,20261003,456,43,1370,24,0.023868586426296714
gtx,elliptic,fedavg,random,20261003,456,44,1591,24,0.019903557504654956
gtx,elliptic,fedavg,random,20261003,456,45,1221,5,0.010280120991583442
gtx,elliptic,fedavg,random,20261003,456,46,712,2,0.013091147111765667
gtx,elliptic,fedavg,random,20261003,456,47,846,22,0.030291590922242307
gtx,elliptic,fedavg,random,20261003,456,48,471,36,0.13163564082454393
gtx,elliptic,fedavg,random,20261003,456,49,476,56,0.18442378198742673
gtx,elliptic,fedgcn,random,20261003,456,40,1211,112,0.5017976486264676
gtx,elliptic,fedgcn,random,20261003,456,41,1132,116,0.3881060546507411
gtx,elliptic,fedgcn,random,20261003,456,42,2154,239,0.6549817998367905
gtx,elliptic,fedgcn,random,20261003,456,43,1370,24,0.026167660158268612
gtx,elliptic,fedgcn,random,20261003,456,44,1591,24,0.07287117638947153
gtx,elliptic,fedgcn,random,20261003,456,45,1221,5,0.006577736346936229
gtx,elliptic,fedgcn,random,20261003,456,46,712,2,0.03438030560271647
gtx,elliptic,fedgcn,random,20261003,456,47,846,22,0.049059554575427204
gtx,elliptic,fedgcn,random,20261003,456,48,471,36,0.14991456310169846
gtx,elliptic,fedgcn,random,20261003,456,49,476,56,0.1717551949440777
gtx,elliptic,fedmlp,random,20261003,456,40,1211,112,0.7276190283144656
gtx,elliptic,fedmlp,random,20261003,456,41,1132,116,0.9373816650475572
gtx,elliptic,fedmlp,random,20261003,456,42,2154,239,0.8569309516075486
gtx,elliptic,fedmlp,random,20261003,456,43,1370,24,0.01783013395164188
gtx,elliptic,fedmlp,random,20261003,456,44,1591,24,0.021738167382072574
gtx,elliptic,fedmlp,random,20261003,456,45,1221,5,0.010977412239716381
gtx,elliptic,fedmlp,random,20261003,456,46,712,2,0.013459879206212253
gtx,elliptic,fedmlp,random,20261003,456,47,846,22,0.032105765865922
gtx,elliptic,fedmlp,random,20261003,456,48,471,36,0.1056294038030176
gtx,elliptic,fedmlp,random,20261003,456,49,476,56,0.1514103072387096
gtx,elliptic,fresh,random,20261003,456,40,1211,112,0.7204705942527554
gtx,elliptic,fresh,random,20261003,456,41,1132,116,0.9208029360290804
gtx,elliptic,fresh,random,20261003,456,42,2154,239,0.8668303013626758
gtx,elliptic,fresh,random,20261003,456,43,1370,24,0.02646237104433831
gtx,elliptic,fresh,random,20261003,456,44,1591,24,0.020545048722964095
gtx,elliptic,fresh,random,20261003,456,45,1221,5,0.011424798678494658
gtx,elliptic,fresh,random,20261003,456,46,712,2,0.011805555555555555
gtx,elliptic,fresh,random,20261003,456,47,846,22,0.03628538593452578
gtx,elliptic,fresh,random,20261003,456,48,471,36,0.1705749772143965
gtx,elliptic,fresh,random,20261003,456,49,476,56,0.20005718171658793
gtx,elliptic,local,random,20261003,456,40,1211,112,0.6712485485482658
gtx,elliptic,local,random,20261003,456,41,1132,116,0.8508829494464812
gtx,elliptic,local,random,20261003,456,42,2154,239,0.820250631656869
gtx,elliptic,local,random,20261003,456,43,1370,24,0.02078720258752749
gtx,elliptic,local,random,20261003,456,44,1591,24,0.0244546481453376
gtx,elliptic,local,random,20261003,456,45,1221,5,0.009486636625033625
gtx,elliptic,local,random,20261003,456,46,712,2,0.05053068758652515
gtx,elliptic,local,random,20261003,456,47,846,22,0.035861142595747214
gtx,elliptic,local,random,20261003,456,48,471,36,0.12758852791641465
gtx,elliptic,local,random,20261003,456,49,476,56,0.19047687593103715
gtx,elliptic,mlp,random,20261003,456,40,1211,112,0.7389337423460728
gtx,elliptic,mlp,random,20261003,456,41,1132,116,0.9065171275739705
gtx,elliptic,mlp,random,20261003,456,42,2154,239,0.857251531557765
gtx,elliptic,mlp,random,20261003,456,43,1370,24,0.016689960773321147
gtx,elliptic,mlp,random,20261003,456,44,1591,24,0.02854419962129821
gtx,elliptic,mlp,random,20261003,456,45,1221,5,0.01624511517893871
gtx,elliptic,mlp,random,20261003,456,46,712,2,0.008629605688429218
gtx,elliptic,mlp,random,20261003,456,47,846,22,0.03427820199004832
gtx,elliptic,mlp,random,20261003,456,48,471,36,0.11167070397851246
gtx,elliptic,mlp,random,20261003,456,49,476,56,0.1997609312099051
gtx,elliptic,oracle,random,20261003,456,40,1211,112,0.7214820363037991
gtx,elliptic,oracle,random,20261003,456,41,1132,116,0.8800482839573471
gtx,elliptic,oracle,random,20261003,456,42,2154,239,0.8574372678057093
gtx,elliptic,oracle,random,20261003,456,43,1370,24,0.03421094573720387
gtx,elliptic,oracle,random,20261003,456,44,1591,24,0.01982908219270622
gtx,elliptic,oracle,random,20261003,456,45,1221,5,0.010481650548527652
gtx,elliptic,oracle,random,20261003,456,46,712,2,0.01187473728457335
gtx,elliptic,oracle,random,20261003,456,47,846,22,0.04149918730217337
gtx,elliptic,oracle,random,20261003,456,48,471,36,0.17514966106033988
gtx,elliptic,oracle,random,20261003,456,49,476,56,0.20999417988039487
gtx,elliptic,shuffled,random,20261003,456,40,1211,112,0.6922160467133607
gtx,elliptic,shuffled,random,20261003,456,41,1132,116,0.8969189375696567
gtx,elliptic,shuffled,random,20261003,456,42,2154,239,0.8461406693563659
gtx,elliptic,shuffled,random,20261003,456,43,1370,24,0.023556163378274982
gtx,elliptic,shuffled,random,20261003,456,44,1591,24,0.020778369218957964
gtx,elliptic,shuffled,random,20261003,456,45,1221,5,0.010486026447287005
gtx,elliptic,shuffled,random,20261003,456,46,712,2,0.011038768866528558
gtx,elliptic,shuffled,random,20261003,456,47,846,22,0.035646778314197415
gtx,elliptic,shuffled,random,20261003,456,48,471,36,0.16125087389807302
gtx,elliptic,shuffled,random,20261003,456,49,476,56,0.19995462889990465
gtx,elliptic,current,random,20261004,123,40,1211,112,0.7114238887727229
gtx,elliptic,current,random,20261004,123,41,1132,116,0.8500675857368376
gtx,elliptic,current,random,20261004,123,42,2154,239,0.8574631163962544
gtx,elliptic,current,random,20261004,123,43,1370,24,0.04184693822545258
gtx,elliptic,current,random,20261004,123,44,1591,24,0.023965164561432616
gtx,elliptic,current,random,20261004,123,45,1221,5,0.012003515484141674
gtx,elliptic,current,random,20261004,123,46,712,2,0.014387464387464386
gtx,elliptic,current,random,20261004,123,47,846,22,0.03162228043458748
gtx,elliptic,current,random,20261004,123,48,471,36,0.15603419942204758
gtx,elliptic,current,random,20261004,123,49,476,56,0.2173947018957946
gtx,elliptic,fedavg,random,20261004,123,40,1211,112,0.7057849120335276
gtx,elliptic,fedavg,random,20261004,123,41,1132,116,0.8710137806827855
gtx,elliptic,fedavg,random,20261004,123,42,2154,239,0.8367778667221065
gtx,elliptic,fedavg,random,20261004,123,43,1370,24,0.019995662773795084
gtx,elliptic,fedavg,random,20261004,123,44,1591,24,0.022514298984681647
gtx,elliptic,fedavg,random,20261004,123,45,1221,5,0.01201355873587113
gtx,elliptic,fedavg,random,20261004,123,46,712,2,0.01610516731163214
gtx,elliptic,fedavg,random,20261004,123,47,846,22,0.03324716353254258
gtx,elliptic,fedavg,random,20261004,123,48,471,36,0.1287614842726107
gtx,elliptic,fedavg,random,20261004,123,49,476,56,0.21344297658816433
gtx,elliptic,fedgcn,random,20261004,123,40,1211,112,0.46219465150954603
gtx,elliptic,fedgcn,random,20261004,123,41,1132,116,0.32390176961873207
gtx,elliptic,fedgcn,random,20261004,123,42,2154,239,0.6551756169541935
gtx,elliptic,fedgcn,random,20261004,123,43,1370,24,0.03182714259436868
gtx,elliptic,fedgcn,random,20261004,123,44,1591,24,0.07686967291738057
gtx,elliptic,fedgcn,random,20261004,123,45,1221,5,0.006290074104523665
gtx,elliptic,fedgcn,random,20261004,123,46,712,2,0.08698296836982967
gtx,elliptic,fedgcn,random,20261004,123,47,846,22,0.04677385880174909
gtx,elliptic,fedgcn,random,20261004,123,48,471,36,0.13318261676730478
gtx,elliptic,fedgcn,random,20261004,123,49,476,56,0.16191412685259102
gtx,elliptic,fedmlp,random,20261004,123,40,1211,112,0.7201682878778195
gtx,elliptic,fedmlp,random,20261004,123,41,1132,116,0.9390377860801064
gtx,elliptic,fedmlp,random,20261004,123,42,2154,239,0.8535917897714269
gtx,elliptic,fedmlp,random,20261004,123,43,1370,24,0.015604456658012503
gtx,elliptic,fedmlp,random,20261004,123,44,1591,24,0.023127039861135287
gtx,elliptic,fedmlp,random,20261004,123,45,1221,5,0.015543588334927255
gtx,elliptic,fedmlp,random,20261004,123,46,712,2,0.010897435897435897
gtx,elliptic,fedmlp,random,20261004,123,47,846,22,0.031011197107466117
gtx,elliptic,fedmlp,random,20261004,123,48,471,36,0.10268413775021618
gtx,elliptic,fedmlp,random,20261004,123,49,476,56,0.15790911872568933
gtx,elliptic,fresh,random,20261004,123,40,1211,112,0.7335812987049403
gtx,elliptic,fresh,random,20261004,123,41,1132,116,0.8943953023708124
gtx,elliptic,fresh,random,20261004,123,42,2154,239,0.8605263104041909
gtx,elliptic,fresh,random,20261004,123,43,1370,24,0.03354202206100932
gtx,elliptic,fresh,random,20261004,123,44,1591,24,0.018161550262783464
gtx,elliptic,fresh,random,20261004,123,45,1221,5,0.01099850424516217
gtx,elliptic,fresh,random,20261004,123,46,712,2,0.011688311688311689
gtx,elliptic,fresh,random,20261004,123,47,846,22,0.033312744849468286
gtx,elliptic,fresh,random,20261004,123,48,471,36,0.14447245767015784
gtx,elliptic,fresh,random,20261004,123,49,476,56,0.20867721776685189
gtx,elliptic,local,random,20261004,123,40,1211,112,0.6612541353528619
gtx,elliptic,local,random,20261004,123,41,1132,116,0.8487951385682612
gtx,elliptic,local,random,20261004,123,42,2154,239,0.8364990957890519
gtx,elliptic,local,random,20261004,123,43,1370,24,0.02283974713592385
gtx,elliptic,local,random,20261004,123,44,1591,24,0.021552567009668507
gtx,elliptic,local,random,20261004,123,45,1221,5,0.01046326084005897
gtx,elliptic,local,random,20261004,123,46,712,2,0.007132056451612903
gtx,elliptic,local,random,20261004,123,47,846,22,0.0384360423125555
gtx,elliptic,local,random,20261004,123,48,471,36,0.12703768733746287
gtx,elliptic,local,random,20261004,123,49,476,56,0.19998593417170368
gtx,elliptic,oracle,random,20261004,123,40,1211,112,0.6744096966998885
gtx,elliptic,oracle,random,20261004,123,41,1132,116,0.7268672136909642
gtx,elliptic,oracle,random,20261004,123,42,2154,239,0.8566380430877072
gtx,elliptic,oracle,random,20261004,123,43,1370,24,0.025618556454000924
gtx,elliptic,oracle,random,20261004,123,44,1591,24,0.020287656081955298
gtx,elliptic,oracle,random,20261004,123,45,1221,5,0.01022970644569789
gtx,elliptic,oracle,random,20261004,123,46,712,2,0.022000830220008302
gtx,elliptic,oracle,random,20261004,123,47,846,22,0.0359913017240323
gtx,elliptic,oracle,random,20261004,123,48,471,36,0.15887840178003015
gtx,elliptic,oracle,random,20261004,123,49,476,56,0.21042772864478795
gtx,elliptic,shuffled,random,20261004,123,40,1211,112,0.7212121570862181
gtx,elliptic,shuffled,random,20261004,123,41,1132,116,0.8995856122728892
gtx,elliptic,shuffled,random,20261004,123,42,2154,239,0.8520790896966962
gtx,elliptic,shuffled,random,20261004,123,43,1370,24,0.02585309510354629
gtx,elliptic,shuffled,random,20261004,123,44,1591,24,0.01907580688356044
gtx,elliptic,shuffled,random,20261004,123,45,1221,5,0.01030272867229389
gtx,elliptic,shuffled,random,20261004,123,46,712,2,0.010753931544865866
gtx,elliptic,shuffled,random,20261004,123,47,846,22,0.03169126106071801
gtx,elliptic,shuffled,random,20261004,123,48,471,36,0.1387967894831844
gtx,elliptic,shuffled,random,20261004,123,49,476,56,0.20991661043879575
gtx,elliptic,current,random,20261004,42,40,1211,112,0.7035629025769196
gtx,elliptic,current,random,20261004,42,41,1132,116,0.8623503133015082
gtx,elliptic,current,random,20261004,42,42,2154,239,0.8441022081286309
gtx,elliptic,current,random,20261004,42,43,1370,24,0.030295397295360193
gtx,elliptic,current,random,20261004,42,44,1591,24,0.02428145255685324
gtx,elliptic,current,random,20261004,42,45,1221,5,0.016792300366567044
gtx,elliptic,current,random,20261004,42,46,712,2,0.01816810640340052
gtx,elliptic,current,random,20261004,42,47,846,22,0.03217194858833936
gtx,elliptic,current,random,20261004,42,48,471,36,0.14902848858769854
gtx,elliptic,current,random,20261004,42,49,476,56,0.21620764249058083
gtx,elliptic,fedavg,random,20261004,42,40,1211,112,0.6954033495810734
gtx,elliptic,fedavg,random,20261004,42,41,1132,116,0.8368717530537357
gtx,elliptic,fedavg,random,20261004,42,42,2154,239,0.8348665620900285
gtx,elliptic,fedavg,random,20261004,42,43,1370,24,0.022153214576471875
gtx,elliptic,fedavg,random,20261004,42,44,1591,24,0.023949601186116696
gtx,elliptic,fedavg,random,20261004,42,45,1221,5,0.012069038126213774
gtx,elliptic,fedavg,random,20261004,42,46,712,2,0.014898443138467884
gtx,elliptic,fedavg,random,20261004,42,47,846,22,0.03442732693400841
gtx,elliptic,fedavg,random,20261004,42,48,471,36,0.12838486928044238
gtx,elliptic,fedavg,random,20261004,42,49,476,56,0.21531360694398233
gtx,elliptic,fedgcn,random,20261004,42,40,1211,112,0.4601240759884285
gtx,elliptic,fedgcn,random,20261004,42,41,1132,116,0.3311241142450947
gtx,elliptic,fedgcn,random,20261004,42,42,2154,239,0.6728603355051365
gtx,elliptic,fedgcn,random,20261004,42,43,1370,24,0.03332868966577157
gtx,elliptic,fedgcn,random,20261004,42,44,1591,24,0.051771626833950625
gtx,elliptic,fedgcn,random,20261004,42,45,1221,5,0.0066051583108715835
gtx,elliptic,fedgcn,random,20261004,42,46,712,2,0.03438030560271647
gtx,elliptic,fedgcn,random,20261004,42,47,846,22,0.04943772640068076
gtx,elliptic,fedgcn,random,20261004,42,48,471,36,0.15552833648647496
gtx,elliptic,fedgcn,random,20261004,42,49,476,56,0.17213122358794752
gtx,elliptic,fedmlp,random,20261004,42,40,1211,112,0.7384106663513651
gtx,elliptic,fedmlp,random,20261004,42,41,1132,116,0.9475710816981471
gtx,elliptic,fedmlp,random,20261004,42,42,2154,239,0.860231624396496
gtx,elliptic,fedmlp,random,20261004,42,43,1370,24,0.022052267218480876
gtx,elliptic,fedmlp,random,20261004,42,44,1591,24,0.020761259233789003
gtx,elliptic,fedmlp,random,20261004,42,45,1221,5,0.0111629815869792
gtx,elliptic,fedmlp,random,20261004,42,46,712,2,0.00939982347749338
gtx,elliptic,fedmlp,random,20261004,42,47,846,22,0.03158510496533304
gtx,elliptic,fedmlp,random,20261004,42,48,471,36,0.10830919884172598
gtx,elliptic,fedmlp,random,20261004,42,49,476,56,0.14332712620225213
gtx,elliptic,fresh,random,20261004,42,40,1211,112,0.7158601533059705
gtx,elliptic,fresh,random,20261004,42,41,1132,116,0.8875134244415934
gtx,elliptic,fresh,random,20261004,42,42,2154,239,0.8541026109900793
gtx,elliptic,fresh,random,20261004,42,43,1370,24,0.03469532335660341
gtx,elliptic,fresh,random,20261004,42,44,1591,24,0.021176702416299233
gtx,elliptic,fresh,random,20261004,42,45,1221,5,0.012294082276038249
gtx,elliptic,fresh,random,20261004,42,46,712,2,0.014335401391238954
gtx,elliptic,fresh,random,20261004,42,47,846,22,0.033895030352512616
gtx,elliptic,fresh,random,20261004,42,48,471,36,0.14783615104131753
gtx,elliptic,fresh,random,20261004,42,49,476,56,0.21207599547725642
gtx,elliptic,local,random,20261004,42,40,1211,112,0.6344859690147138
gtx,elliptic,local,random,20261004,42,41,1132,116,0.8081197828335493
gtx,elliptic,local,random,20261004,42,42,2154,239,0.8344668637208329
gtx,elliptic,local,random,20261004,42,43,1370,24,0.024117178983814307
gtx,elliptic,local,random,20261004,42,44,1591,24,0.02425641942359481
gtx,elliptic,local,random,20261004,42,45,1221,5,0.014956332978205802
gtx,elliptic,local,random,20261004,42,46,712,2,0.006803035912624954
gtx,elliptic,local,random,20261004,42,47,846,22,0.03553089570743833
gtx,elliptic,local,random,20261004,42,48,471,36,0.12282034383777615
gtx,elliptic,local,random,20261004,42,49,476,56,0.21350290960428642
gtx,elliptic,oracle,random,20261004,42,40,1211,112,0.6804864815426892
gtx,elliptic,oracle,random,20261004,42,41,1132,116,0.7901828736283776
gtx,elliptic,oracle,random,20261004,42,42,2154,239,0.8482399020286294
gtx,elliptic,oracle,random,20261004,42,43,1370,24,0.030879612168129896
gtx,elliptic,oracle,random,20261004,42,44,1591,24,0.020325797300786156
gtx,elliptic,oracle,random,20261004,42,45,1221,5,0.01237558966235322
gtx,elliptic,oracle,random,20261004,42,46,712,2,0.017440225035161745
gtx,elliptic,oracle,random,20261004,42,47,846,22,0.03666031564422835
gtx,elliptic,oracle,random,20261004,42,48,471,36,0.17016630708541391
gtx,elliptic,oracle,random,20261004,42,49,476,56,0.22429980303796163
gtx,elliptic,shuffled,random,20261004,42,40,1211,112,0.7067798759729534
gtx,elliptic,shuffled,random,20261004,42,41,1132,116,0.8686108874368286
gtx,elliptic,shuffled,random,20261004,42,42,2154,239,0.8421864184908605
gtx,elliptic,shuffled,random,20261004,42,43,1370,24,0.026190480646833176
gtx,elliptic,shuffled,random,20261004,42,44,1591,24,0.02276211142353002
gtx,elliptic,shuffled,random,20261004,42,45,1221,5,0.011152955516599727
gtx,elliptic,shuffled,random,20261004,42,46,712,2,0.011237010141479905
gtx,elliptic,shuffled,random,20261004,42,47,846,22,0.033764040072716266
gtx,elliptic,shuffled,random,20261004,42,48,471,36,0.1442311977727434
gtx,elliptic,shuffled,random,20261004,42,49,476,56,0.21550412066295802
gtx,elliptic,current,random,20261004,456,40,1211,112,0.7120533504299644
gtx,elliptic,current,random,20261004,456,41,1132,116,0.8744663148248258
gtx,elliptic,current,random,20261004,456,42,2154,239,0.8516898798910486
gtx,elliptic,current,random,20261004,456,43,1370,24,0.027576770132218747
gtx,elliptic,current,random,20261004,456,44,1591,24,0.023478351529746307
gtx,elliptic,current,random,20261004,456,45,1221,5,0.011625078217685714
gtx,elliptic,current,random,20261004,456,46,712,2,0.0182340368688218
gtx,elliptic,current,random,20261004,456,47,846,22,0.03422762780808678
gtx,elliptic,current,random,20261004,456,48,471,36,0.1567591636378418
gtx,elliptic,current,random,20261004,456,49,476,56,0.19606041312905323
gtx,elliptic,fedavg,random,20261004,456,40,1211,112,0.7191125201555053
gtx,elliptic,fedavg,random,20261004,456,41,1132,116,0.8944128340766583
gtx,elliptic,fedavg,random,20261004,456,42,2154,239,0.8357132260433344
gtx,elliptic,fedavg,random,20261004,456,43,1370,24,0.030478827272299377
gtx,elliptic,fedavg,random,20261004,456,44,1591,24,0.020360376268733143
gtx,elliptic,fedavg,random,20261004,456,45,1221,5,0.010091271897822043
gtx,elliptic,fedavg,random,20261004,456,46,712,2,0.011661425576519915
gtx,elliptic,fedavg,random,20261004,456,47,846,22,0.035911504372752985
gtx,elliptic,fedavg,random,20261004,456,48,471,36,0.130487975062889
gtx,elliptic,fedavg,random,20261004,456,49,476,56,0.19212734554895022
gtx,elliptic,fedgcn,random,20261004,456,40,1211,112,0.490320504534287
gtx,elliptic,fedgcn,random,20261004,456,41,1132,116,0.37228309716810987
gtx,elliptic,fedgcn,random,20261004,456,42,2154,239,0.6532096964897174
gtx,elliptic,fedgcn,random,20261004,456,43,1370,24,0.026537705471441488
gtx,elliptic,fedgcn,random,20261004,456,44,1591,24,0.07279632169624833
gtx,elliptic,fedgcn,random,20261004,456,45,1221,5,0.0063129533936722325
gtx,elliptic,fedgcn,random,20261004,456,46,712,2,0.018537414965986394
gtx,elliptic,fedgcn,random,20261004,456,47,846,22,0.0496697771237499
gtx,elliptic,fedgcn,random,20261004,456,48,471,36,0.1495517170471815
gtx,elliptic,fedgcn,random,20261004,456,49,476,56,0.17026503284139777
gtx,elliptic,fedmlp,random,20261004,456,40,1211,112,0.7402808246031901
gtx,elliptic,fedmlp,random,20261004,456,41,1132,116,0.9261642538780271
gtx,elliptic,fedmlp,random,20261004,456,42,2154,239,0.8441403725338319
gtx,elliptic,fedmlp,random,20261004,456,43,1370,24,0.017247538182134467
gtx,elliptic,fedmlp,random,20261004,456,44,1591,24,0.02245843485905083
gtx,elliptic,fedmlp,random,20261004,456,45,1221,5,0.012001543096535311
gtx,elliptic,fedmlp,random,20261004,456,46,712,2,0.012258517737969793
gtx,elliptic,fedmlp,random,20261004,456,47,846,22,0.031114937507581118
gtx,elliptic,fedmlp,random,20261004,456,48,471,36,0.10813966122570315
gtx,elliptic,fedmlp,random,20261004,456,49,476,56,0.15768153320428382
gtx,elliptic,fresh,random,20261004,456,40,1211,112,0.7245399405585852
gtx,elliptic,fresh,random,20261004,456,41,1132,116,0.8795716608388509
gtx,elliptic,fresh,random,20261004,456,42,2154,239,0.8586737032385193
gtx,elliptic,fresh,random,20261004,456,43,1370,24,0.026194810195139046
gtx,elliptic,fresh,random,20261004,456,44,1591,24,0.024824823397062157
gtx,elliptic,fresh,random,20261004,456,45,1221,5,0.011166367720744974
gtx,elliptic,fresh,random,20261004,456,46,712,2,0.01978202448492087
gtx,elliptic,fresh,random,20261004,456,47,846,22,0.03407896681423872
gtx,elliptic,fresh,random,20261004,456,48,471,36,0.16853004533022956
gtx,elliptic,fresh,random,20261004,456,49,476,56,0.21810404061604144
gtx,elliptic,local,random,20261004,456,40,1211,112,0.6660019407554741
gtx,elliptic,local,random,20261004,456,41,1132,116,0.817332014506269
gtx,elliptic,local,random,20261004,456,42,2154,239,0.8187254374936191
gtx,elliptic,local,random,20261004,456,43,1370,24,0.020278422332063187
gtx,elliptic,local,random,20261004,456,44,1591,24,0.019550313136418283
gtx,elliptic,local,random,20261004,456,45,1221,5,0.007776998645104542
gtx,elliptic,local,random,20261004,456,46,712,2,0.008110821750180415
gtx,elliptic,local,random,20261004,456,47,846,22,0.04354426417548954
gtx,elliptic,local,random,20261004,456,48,471,36,0.12043807367532934
gtx,elliptic,local,random,20261004,456,49,476,56,0.1804412992402891
gtx,elliptic,oracle,random,20261004,456,40,1211,112,0.6788681844069719
gtx,elliptic,oracle,random,20261004,456,41,1132,116,0.8148326985307021
gtx,elliptic,oracle,random,20261004,456,42,2154,239,0.8532750086873403
gtx,elliptic,oracle,random,20261004,456,43,1370,24,0.030842377001614896
gtx,elliptic,oracle,random,20261004,456,44,1591,24,0.019342677094733123
gtx,elliptic,oracle,random,20261004,456,45,1221,5,0.010240204024686892
gtx,elliptic,oracle,random,20261004,456,46,712,2,0.016739980449657868
gtx,elliptic,oracle,random,20261004,456,47,846,22,0.037851099581793536
gtx,elliptic,oracle,random,20261004,456,48,471,36,0.1578122307362686
gtx,elliptic,oracle,random,20261004,456,49,476,56,0.1917646886836644
gtx,elliptic,shuffled,random,20261004,456,40,1211,112,0.7265803003768456
gtx,elliptic,shuffled,random,20261004,456,41,1132,116,0.8982376289631794
gtx,elliptic,shuffled,random,20261004,456,42,2154,239,0.8469892135718866
gtx,elliptic,shuffled,random,20261004,456,43,1370,24,0.028210892782117702
gtx,elliptic,shuffled,random,20261004,456,44,1591,24,0.020020611043201384
gtx,elliptic,shuffled,random,20261004,456,45,1221,5,0.010976991041554382
gtx,elliptic,shuffled,random,20261004,456,46,712,2,0.012431644185198688
gtx,elliptic,shuffled,random,20261004,456,47,846,22,0.03550077422058842
gtx,elliptic,shuffled,random,20261004,456,48,471,36,0.14871243709262266
gtx,elliptic,shuffled,random,20261004,456,49,476,56,0.19771512355846768
gtx,elliptic,current,random,20261005,123,40,1211,112,0.702870249065315
gtx,elliptic,current,random,20261005,123,41,1132,116,0.8875582884699021
gtx,elliptic,current,random,20261005,123,42,2154,239,0.8612152287441598
gtx,elliptic,current,random,20261005,123,43,1370,24,0.025673527831135162
gtx,elliptic,current,random,20261005,123,44,1591,24,0.019382180530161677
gtx,elliptic,current,random,20261005,123,45,1221,5,0.009778477420215852
gtx,elliptic,current,random,20261005,123,46,712,2,0.01577152600170503
gtx,elliptic,current,random,20261005,123,47,846,22,0.03373474359121604
gtx,elliptic,current,random,20261005,123,48,471,36,0.14417303666843548
gtx,elliptic,current,random,20261005,123,49,476,56,0.20076894146198018
gtx,elliptic,fedavg,random,20261005,123,40,1211,112,0.6830948511287367
gtx,elliptic,fedavg,random,20261005,123,41,1132,116,0.8471901109126898
gtx,elliptic,fedavg,random,20261005,123,42,2154,239,0.8417702913744087
gtx,elliptic,fedavg,random,20261005,123,43,1370,24,0.018582322096889755
gtx,elliptic,fedavg,random,20261005,123,44,1591,24,0.021701494777379104
gtx,elliptic,fedavg,random,20261005,123,45,1221,5,0.008868311251893218
gtx,elliptic,fedavg,random,20261005,123,46,712,2,0.01577152600170503
gtx,elliptic,fedavg,random,20261005,123,47,846,22,0.031353041856351946
gtx,elliptic,fedavg,random,20261005,123,48,471,36,0.11619351408725231
gtx,elliptic,fedavg,random,20261005,123,49,476,56,0.19052348802934072
gtx,elliptic,fedgcn,random,20261005,123,40,1211,112,0.46205235279679263
gtx,elliptic,fedgcn,random,20261005,123,41,1132,116,0.3098260994428344
gtx,elliptic,fedgcn,random,20261005,123,42,2154,239,0.65582250354135
gtx,elliptic,fedgcn,random,20261005,123,43,1370,24,0.033360931851169055
gtx,elliptic,fedgcn,random,20261005,123,44,1591,24,0.07688842936978756
gtx,elliptic,fedgcn,random,20261005,123,45,1221,5,0.006082425706475785
gtx,elliptic,fedgcn,random,20261005,123,46,712,2,0.06639105058365759
gtx,elliptic,fedgcn,random,20261005,123,47,846,22,0.049332993162642814
gtx,elliptic,fedgcn,random,20261005,123,48,471,36,0.13953554509520621
gtx,elliptic,fedgcn,random,20261005,123,49,476,56,0.16923399473278655
gtx,elliptic,fedmlp,random,20261005,123,40,1211,112,0.7309167978685451
gtx,elliptic,fedmlp,random,20261005,123,41,1132,116,0.9434322202237264
gtx,elliptic,fedmlp,random,20261005,123,42,2154,239,0.8540630394526417
gtx,elliptic,fedmlp,random,20261005,123,43,1370,24,0.01610895322444809
gtx,elliptic,fedmlp,random,20261005,123,44,1591,24,0.023473859972055946
gtx,elliptic,fedmlp,random,20261005,123,45,1221,5,0.01711123167241516
gtx,elliptic,fedmlp,random,20261005,123,46,712,2,0.009733521500913165
gtx,elliptic,fedmlp,random,20261005,123,47,846,22,0.031321814183214364
gtx,elliptic,fedmlp,random,20261005,123,48,471,36,0.10474630440578726
gtx,elliptic,fedmlp,random,20261005,123,49,476,56,0.16223767355423188
gtx,elliptic,fresh,random,20261005,123,40,1211,112,0.7038446883696088
gtx,elliptic,fresh,random,20261005,123,41,1132,116,0.8608501382670417
gtx,elliptic,fresh,random,20261005,123,42,2154,239,0.85876457618307
gtx,elliptic,fresh,random,20261005,123,43,1370,24,0.02594717708626369
gtx,elliptic,fresh,random,20261005,123,44,1591,24,0.020907850189702076
gtx,elliptic,fresh,random,20261005,123,45,1221,5,0.01228393039059816
gtx,elliptic,fresh,random,20261005,123,46,712,2,0.021420037549069806
gtx,elliptic,fresh,random,20261005,123,47,846,22,0.033484379306714454
gtx,elliptic,fresh,random,20261005,123,48,471,36,0.14613623904863893
gtx,elliptic,fresh,random,20261005,123,49,476,56,0.20565992686461607
gtx,elliptic,local,random,20261005,123,40,1211,112,0.6443825210619278
gtx,elliptic,local,random,20261005,123,41,1132,116,0.8104901380961327
gtx,elliptic,local,random,20261005,123,42,2154,239,0.8335926656385529
gtx,elliptic,local,random,20261005,123,43,1370,24,0.020494027303139886
gtx,elliptic,local,random,20261005,123,44,1591,24,0.018970564883787375
gtx,elliptic,local,random,20261005,123,45,1221,5,0.008102420756675846
gtx,elliptic,local,random,20261005,123,46,712,2,0.010207912892476651
gtx,elliptic,local,random,20261005,123,47,846,22,0.03102837666317361
gtx,elliptic,local,random,20261005,123,48,471,36,0.12395112489995556
gtx,elliptic,local,random,20261005,123,49,476,56,0.17882003238708216
gtx,elliptic,oracle,random,20261005,123,40,1211,112,0.6807365672975231
gtx,elliptic,oracle,random,20261005,123,41,1132,116,0.7303283286097474
gtx,elliptic,oracle,random,20261005,123,42,2154,239,0.8532640659563192
gtx,elliptic,oracle,random,20261005,123,43,1370,24,0.02725689238574647
gtx,elliptic,oracle,random,20261005,123,44,1591,24,0.022744296570356762
gtx,elliptic,oracle,random,20261005,123,45,1221,5,0.010787150854004826
gtx,elliptic,oracle,random,20261005,123,46,712,2,0.023118279569892472
gtx,elliptic,oracle,random,20261005,123,47,846,22,0.036101552215641444
gtx,elliptic,oracle,random,20261005,123,48,471,36,0.15847836307087282
gtx,elliptic,oracle,random,20261005,123,49,476,56,0.21262352423331876
gtx,elliptic,shuffled,random,20261005,123,40,1211,112,0.6935178842112553
gtx,elliptic,shuffled,random,20261005,123,41,1132,116,0.8645183237036974
gtx,elliptic,shuffled,random,20261005,123,42,2154,239,0.8448139004007585
gtx,elliptic,shuffled,random,20261005,123,43,1370,24,0.018124826908273352
gtx,elliptic,shuffled,random,20261005,123,44,1591,24,0.02224397165309799
gtx,elliptic,shuffled,random,20261005,123,45,1221,5,0.008989256901231032
gtx,elliptic,shuffled,random,20261005,123,46,712,2,0.017313218390804595
gtx,elliptic,shuffled,random,20261005,123,47,846,22,0.034924841158966956
gtx,elliptic,shuffled,random,20261005,123,48,471,36,0.14952161218255
gtx,elliptic,shuffled,random,20261005,123,49,476,56,0.20325768823818685
gtx,elliptic,current,random,20261005,42,40,1211,112,0.6923895182664314
gtx,elliptic,current,random,20261005,42,41,1132,116,0.849532211542217
gtx,elliptic,current,random,20261005,42,42,2154,239,0.8614139480784282
gtx,elliptic,current,random,20261005,42,43,1370,24,0.02498618557894138
gtx,elliptic,current,random,20261005,42,44,1591,24,0.022469186120211943
gtx,elliptic,current,random,20261005,42,45,1221,5,0.01165193686171259
gtx,elliptic,current,random,20261005,42,46,712,2,0.019444444444444445
gtx,elliptic,current,random,20261005,42,47,846,22,0.032241923032038405
gtx,elliptic,current,random,20261005,42,48,471,36,0.1558767875371133
gtx,elliptic,current,random,20261005,42,49,476,56,0.2243236841561371
gtx,elliptic,fedavg,random,20261005,42,40,1211,112,0.7097192630443832
gtx,elliptic,fedavg,random,20261005,42,41,1132,116,0.8652648315622211
gtx,elliptic,fedavg,random,20261005,42,42,2154,239,0.8514996778970874
gtx,elliptic,fedavg,random,20261005,42,43,1370,24,0.023215994158701247
gtx,elliptic,fedavg,random,20261005,42,44,1591,24,0.021494764873350114
gtx,elliptic,fedavg,random,20261005,42,45,1221,5,0.011510626597377385
gtx,elliptic,fedavg,random,20261005,42,46,712,2,0.01916376306620209
gtx,elliptic,fedavg,random,20261005,42,47,846,22,0.03234508218329102
gtx,elliptic,fedavg,random,20261005,42,48,471,36,0.12471483623072865
gtx,elliptic,fedavg,random,20261005,42,49,476,56,0.204003701314827
gtx,elliptic,fedgcn,random,20261005,42,40,1211,112,0.458748739803772
gtx,elliptic,fedgcn,random,20261005,42,41,1132,116,0.33863995168190003
gtx,elliptic,fedgcn,random,20261005,42,42,2154,239,0.6746172217349184
gtx,elliptic,fedgcn,random,20261005,42,43,1370,24,0.028786697049214948
gtx,elliptic,fedgcn,random,20261005,42,44,1591,24,0.05166420322056636
gtx,elliptic,fedgcn,random,20261005,42,45,1221,5,0.006444660946301297
gtx,elliptic,fedgcn,random,20261005,42,46,712,2,0.03734827264239029
gtx,elliptic,fedgcn,random,20261005,42,47,846,22,0.05145496937952355
gtx,elliptic,fedgcn,random,20261005,42,48,471,36,0.15535047505158966
gtx,elliptic,fedgcn,random,20261005,42,49,476,56,0.1736630107465623
gtx,elliptic,fedmlp,random,20261005,42,40,1211,112,0.734490214047595
gtx,elliptic,fedmlp,random,20261005,42,41,1132,116,0.9462898785035446
gtx,elliptic,fedmlp,random,20261005,42,42,2154,239,0.8477163994993098
gtx,elliptic,fedmlp,random,20261005,42,43,1370,24,0.017371446474817892
gtx,elliptic,fedmlp,random,20261005,42,44,1591,24,0.01995485030767273
gtx,elliptic,fedmlp,random,20261005,42,45,1221,5,0.011806381731131289
gtx,elliptic,fedmlp,random,20261005,42,46,712,2,0.009208333333333332
gtx,elliptic,fedmlp,random,20261005,42,47,846,22,0.03139521903453192
gtx,elliptic,fedmlp,random,20261005,42,48,471,36,0.11202820665737298
gtx,elliptic,fedmlp,random,20261005,42,49,476,56,0.15162373059176978
gtx,elliptic,fresh,random,20261005,42,40,1211,112,0.6949189442612393
gtx,elliptic,fresh,random,20261005,42,41,1132,116,0.8652856939358385
gtx,elliptic,fresh,random,20261005,42,42,2154,239,0.8722682803405065
gtx,elliptic,fresh,random,20261005,42,43,1370,24,0.03277909954277891
gtx,elliptic,fresh,random,20261005,42,44,1591,24,0.021888372837311845
gtx,elliptic,fresh,random,20261005,42,45,1221,5,0.019054520041362148
gtx,elliptic,fresh,random,20261005,42,46,712,2,0.01529471544715447
gtx,elliptic,fresh,random,20261005,42,47,846,22,0.032568078000233154
gtx,elliptic,fresh,random,20261005,42,48,471,36,0.1459461896657042
gtx,elliptic,fresh,random,20261005,42,49,476,56,0.21364139405665364
gtx,elliptic,local,random,20261005,42,40,1211,112,0.6722518661788595
gtx,elliptic,local,random,20261005,42,41,1132,116,0.7741368173093346
gtx,elliptic,local,random,20261005,42,42,2154,239,0.8237930929234424
gtx,elliptic,local,random,20261005,42,43,1370,24,0.018743069892732025
gtx,elliptic,local,random,20261005,42,44,1591,24,0.02011914494258916
gtx,elliptic,local,random,20261005,42,45,1221,5,0.010137845185497544
gtx,elliptic,local,random,20261005,42,46,712,2,0.008942781356574461
gtx,elliptic,local,random,20261005,42,47,846,22,0.03193680353331141
gtx,elliptic,local,random,20261005,42,48,471,36,0.13180039849419278
gtx,elliptic,local,random,20261005,42,49,476,56,0.19648223155336703
gtx,elliptic,oracle,random,20261005,42,40,1211,112,0.6942605375078212
gtx,elliptic,oracle,random,20261005,42,41,1132,116,0.8333457082953639
gtx,elliptic,oracle,random,20261005,42,42,2154,239,0.8468428034983346
gtx,elliptic,oracle,random,20261005,42,43,1370,24,0.025616184801637062
gtx,elliptic,oracle,random,20261005,42,44,1591,24,0.025020067406696562
gtx,elliptic,oracle,random,20261005,42,45,1221,5,0.011942729431501608
gtx,elliptic,oracle,random,20261005,42,46,712,2,0.02578034682080925
gtx,elliptic,oracle,random,20261005,42,47,846,22,0.03823690290957053
gtx,elliptic,oracle,random,20261005,42,48,471,36,0.17205553098505794
gtx,elliptic,oracle,random,20261005,42,49,476,56,0.2367126570453528
gtx,elliptic,shuffled,random,20261005,42,40,1211,112,0.7042319063285224
gtx,elliptic,shuffled,random,20261005,42,41,1132,116,0.9040589509723705
gtx,elliptic,shuffled,random,20261005,42,42,2154,239,0.8542410519740017
gtx,elliptic,shuffled,random,20261005,42,43,1370,24,0.02136822358446663
gtx,elliptic,shuffled,random,20261005,42,44,1591,24,0.024330897521218253
gtx,elliptic,shuffled,random,20261005,42,45,1221,5,0.011890282391199603
gtx,elliptic,shuffled,random,20261005,42,46,712,2,0.014854426619132503
gtx,elliptic,shuffled,random,20261005,42,47,846,22,0.032898767690401044
gtx,elliptic,shuffled,random,20261005,42,48,471,36,0.14341751694592533
gtx,elliptic,shuffled,random,20261005,42,49,476,56,0.2047863505327762
gtx,elliptic,current,random,20261005,456,40,1211,112,0.7109406658354188
gtx,elliptic,current,random,20261005,456,41,1132,116,0.8844215190000845
gtx,elliptic,current,random,20261005,456,42,2154,239,0.8633088788047739
gtx,elliptic,current,random,20261005,456,43,1370,24,0.02706449730038905
gtx,elliptic,current,random,20261005,456,44,1591,24,0.020222580212058267
gtx,elliptic,current,random,20261005,456,45,1221,5,0.010263290854645845
gtx,elliptic,current,random,20261005,456,46,712,2,0.014264880138547077
gtx,elliptic,current,random,20261005,456,47,846,22,0.03567737486811441
gtx,elliptic,current,random,20261005,456,48,471,36,0.1548888256832939
gtx,elliptic,current,random,20261005,456,49,476,56,0.19234062455913617
gtx,elliptic,fedavg,random,20261005,456,40,1211,112,0.7039363132375358
gtx,elliptic,fedavg,random,20261005,456,41,1132,116,0.8869607009953657
gtx,elliptic,fedavg,random,20261005,456,42,2154,239,0.8445384633649902
gtx,elliptic,fedavg,random,20261005,456,43,1370,24,0.021837090193361386
gtx,elliptic,fedavg,random,20261005,456,44,1591,24,0.02079512555578415
gtx,elliptic,fedavg,random,20261005,456,45,1221,5,0.009279922331325468
gtx,elliptic,fedavg,random,20261005,456,46,712,2,0.013338139870223503
gtx,elliptic,fedavg,random,20261005,456,47,846,22,0.031844409970304
gtx,elliptic,fedavg,random,20261005,456,48,471,36,0.13010467786503832
gtx,elliptic,fedavg,random,20261005,456,49,476,56,0.19111010513231133
gtx,elliptic,fedgcn,random,20261005,456,40,1211,112,0.4933458355864876
gtx,elliptic,fedgcn,random,20261005,456,41,1132,116,0.38987447687301907
gtx,elliptic,fedgcn,random,20261005,456,42,2154,239,0.6570722858767981
gtx,elliptic,fedgcn,random,20261005,456,43,1370,24,0.027108161875561268
gtx,elliptic,fedgcn,random,20261005,456,44,1591,24,0.049116614724576395
gtx,elliptic,fedgcn,random,20261005,456,45,1221,5,0.006281046275844934
gtx,elliptic,fedgcn,random,20261005,456,46,712,2,0.021205821205821207
gtx,elliptic,fedgcn,random,20261005,456,47,846,22,0.0491971885501245
gtx,elliptic,fedgcn,random,20261005,456,48,471,36,0.14686645521661448
gtx,elliptic,fedgcn,random,20261005,456,49,476,56,0.16938635501115584
gtx,elliptic,fedmlp,random,20261005,456,40,1211,112,0.7274458925145145
gtx,elliptic,fedmlp,random,20261005,456,41,1132,116,0.9370813971239287
gtx,elliptic,fedmlp,random,20261005,456,42,2154,239,0.8545277058031185
gtx,elliptic,fedmlp,random,20261005,456,43,1370,24,0.01759181645741203
gtx,elliptic,fedmlp,random,20261005,456,44,1591,24,0.021329662190245954
gtx,elliptic,fedmlp,random,20261005,456,45,1221,5,0.00982836803530752
gtx,elliptic,fedmlp,random,20261005,456,46,712,2,0.02052785923753666
gtx,elliptic,fedmlp,random,20261005,456,47,846,22,0.03227244132507838
gtx,elliptic,fedmlp,random,20261005,456,48,471,36,0.1013326164079177
gtx,elliptic,fedmlp,random,20261005,456,49,476,56,0.1397690810971357
gtx,elliptic,fresh,random,20261005,456,40,1211,112,0.7009359161695791
gtx,elliptic,fresh,random,20261005,456,41,1132,116,0.8720059346119472
gtx,elliptic,fresh,random,20261005,456,42,2154,239,0.8620920360523749
gtx,elliptic,fresh,random,20261005,456,43,1370,24,0.027099208840591874
gtx,elliptic,fresh,random,20261005,456,44,1591,24,0.020763435070574546
gtx,elliptic,fresh,random,20261005,456,45,1221,5,0.010374530995768405
gtx,elliptic,fresh,random,20261005,456,46,712,2,0.014409086642260396
gtx,elliptic,fresh,random,20261005,456,47,846,22,0.035137847495519646
gtx,elliptic,fresh,random,20261005,456,48,471,36,0.15906789645368138
gtx,elliptic,fresh,random,20261005,456,49,476,56,0.19829413466412532
gtx,elliptic,local,random,20261005,456,40,1211,112,0.6783338392820981
gtx,elliptic,local,random,20261005,456,41,1132,116,0.7453651460134015
gtx,elliptic,local,random,20261005,456,42,2154,239,0.8319206474475505
gtx,elliptic,local,random,20261005,456,43,1370,24,0.01861227652825251
gtx,elliptic,local,random,20261005,456,44,1591,24,0.020897638130458477
gtx,elliptic,local,random,20261005,456,45,1221,5,0.0063686788783620845
gtx,elliptic,local,random,20261005,456,46,712,2,0.012196935891715008
gtx,elliptic,local,random,20261005,456,47,846,22,0.035540383147415776
gtx,elliptic,local,random,20261005,456,48,471,36,0.12565431611590788
gtx,elliptic,local,random,20261005,456,49,476,56,0.18754479771243607
gtx,elliptic,oracle,random,20261005,456,40,1211,112,0.6967050161452527
gtx,elliptic,oracle,random,20261005,456,41,1132,116,0.8398370783659547
gtx,elliptic,oracle,random,20261005,456,42,2154,239,0.8478600284374762
gtx,elliptic,oracle,random,20261005,456,43,1370,24,0.029884715213773155
gtx,elliptic,oracle,random,20261005,456,44,1591,24,0.02148850230017252
gtx,elliptic,oracle,random,20261005,456,45,1221,5,0.01114213771198876
gtx,elliptic,oracle,random,20261005,456,46,712,2,0.019110275689223057
gtx,elliptic,oracle,random,20261005,456,47,846,22,0.03880078723025548
gtx,elliptic,oracle,random,20261005,456,48,471,36,0.16349457202692855
gtx,elliptic,oracle,random,20261005,456,49,476,56,0.19888341534446438
gtx,elliptic,shuffled,random,20261005,456,40,1211,112,0.7121214505745131
gtx,elliptic,shuffled,random,20261005,456,41,1132,116,0.907816371132183
gtx,elliptic,shuffled,random,20261005,456,42,2154,239,0.8490800624322025
gtx,elliptic,shuffled,random,20261005,456,43,1370,24,0.022418620537041148
gtx,elliptic,shuffled,random,20261005,456,44,1591,24,0.019979886145114343
gtx,elliptic,shuffled,random,20261005,456,45,1221,5,0.010604276045369957
gtx,elliptic,shuffled,random,20261005,456,46,712,2,0.013667907921462424
gtx,elliptic,shuffled,random,20261005,456,47,846,22,0.03376758473583027
gtx,elliptic,shuffled,random,20261005,456,48,471,36,0.1449868260483974
gtx,elliptic,shuffled,random,20261005,456,49,476,56,0.1952988014405475
gtx,elliptic,rf_local,louvain,20261003,123,40,1211,112,0.7623572590309591
gtx,elliptic,rf_local,louvain,20261003,123,41,1132,116,0.9582241014230152
gtx,elliptic,rf_local,louvain,20261003,123,42,2154,239,0.8821655500520159
gtx,elliptic,rf_local,louvain,20261003,123,43,1370,24,0.026007088042339782
gtx,elliptic,rf_local,louvain,20261003,123,44,1591,24,0.035725736785766994
gtx,elliptic,rf_local,louvain,20261003,123,45,1221,5,0.016552332676070272
gtx,elliptic,rf_local,louvain,20261003,123,46,712,2,0.17169179229480735
gtx,elliptic,rf_local,louvain,20261003,123,47,846,22,0.02288435270299104
gtx,elliptic,rf_local,louvain,20261003,123,48,471,36,0.10648801522068908
gtx,elliptic,rf_local,louvain,20261003,123,49,476,56,0.1875159396256372
gtx,elliptic,rf_local,louvain,20261003,42,40,1211,112,0.7636495880452842
gtx,elliptic,rf_local,louvain,20261003,42,41,1132,116,0.9585148627592527
gtx,elliptic,rf_local,louvain,20261003,42,42,2154,239,0.8841343238744982
gtx,elliptic,rf_local,louvain,20261003,42,43,1370,24,0.033391725425545644
gtx,elliptic,rf_local,louvain,20261003,42,44,1591,24,0.03799995442161091
gtx,elliptic,rf_local,louvain,20261003,42,45,1221,5,0.011728128341324612
gtx,elliptic,rf_local,louvain,20261003,42,46,712,2,0.17006802721088435
gtx,elliptic,rf_local,louvain,20261003,42,47,846,22,0.026756263472104157
gtx,elliptic,rf_local,louvain,20261003,42,48,471,36,0.09475379863469552
gtx,elliptic,rf_local,louvain,20261003,42,49,476,56,0.16822630813354852
gtx,elliptic,rf_local,louvain,20261003,456,40,1211,112,0.7644887881621892
gtx,elliptic,rf_local,louvain,20261003,456,41,1132,116,0.956743853199376
gtx,elliptic,rf_local,louvain,20261003,456,42,2154,239,0.8797429122215105
gtx,elliptic,rf_local,louvain,20261003,456,43,1370,24,0.03060473903258508
gtx,elliptic,rf_local,louvain,20261003,456,44,1591,24,0.034953607286815826
gtx,elliptic,rf_local,louvain,20261003,456,45,1221,5,0.01504137224379799
gtx,elliptic,rf_local,louvain,20261003,456,46,712,2,0.17311827956989245
gtx,elliptic,rf_local,louvain,20261003,456,47,846,22,0.025405264823590904
gtx,elliptic,rf_local,louvain,20261003,456,48,471,36,0.1061331057892473
gtx,elliptic,rf_local,louvain,20261003,456,49,476,56,0.18817202986885845
gtx,elliptic,rf_local,louvain,20261004,123,40,1211,112,0.755624928141019
gtx,elliptic,rf_local,louvain,20261004,123,41,1132,116,0.9559030015921051
gtx,elliptic,rf_local,louvain,20261004,123,42,2154,239,0.8797329124977942
gtx,elliptic,rf_local,louvain,20261004,123,43,1370,24,0.038370757484887906
gtx,elliptic,rf_local,louvain,20261004,123,44,1591,24,0.038304721714083
gtx,elliptic,rf_local,louvain,20261004,123,45,1221,5,0.007467468549628403
gtx,elliptic,rf_local,louvain,20261004,123,46,712,2,0.17295597484276728
gtx,elliptic,rf_local,louvain,20261004,123,47,846,22,0.026373025570614196
gtx,elliptic,rf_local,louvain,20261004,123,48,471,36,0.09796751084947625
gtx,elliptic,rf_local,louvain,20261004,123,49,476,56,0.16942014105867048
gtx,elliptic,rf_local,louvain,20261004,42,40,1211,112,0.7545364799430495
gtx,elliptic,rf_local,louvain,20261004,42,41,1132,116,0.9588536905444471
gtx,elliptic,rf_local,louvain,20261004,42,42,2154,239,0.880894358197993
gtx,elliptic,rf_local,louvain,20261004,42,43,1370,24,0.03878897125521071
gtx,elliptic,rf_local,louvain,20261004,42,44,1591,24,0.03996466839763787
gtx,elliptic,rf_local,louvain,20261004,42,45,1221,5,0.006734779031113397
gtx,elliptic,rf_local,louvain,20261004,42,46,712,2,0.13020833333333334
gtx,elliptic,rf_local,louvain,20261004,42,47,846,22,0.028707877179911963
gtx,elliptic,rf_local,louvain,20261004,42,48,471,36,0.09668298734130855
gtx,elliptic,rf_local,louvain,20261004,42,49,476,56,0.15886701341678536
gtx,elliptic,rf_local,louvain,20261004,456,40,1211,112,0.7583748409501357
gtx,elliptic,rf_local,louvain,20261004,456,41,1132,116,0.9560484545529813
gtx,elliptic,rf_local,louvain,20261004,456,42,2154,239,0.879922146408554
gtx,elliptic,rf_local,louvain,20261004,456,43,1370,24,0.04093481565207171
gtx,elliptic,rf_local,louvain,20261004,456,44,1591,24,0.03670193832358648
gtx,elliptic,rf_local,louvain,20261004,456,45,1221,5,0.005752192956637237
gtx,elliptic,rf_local,louvain,20261004,456,46,712,2,0.1724470134874759
gtx,elliptic,rf_local,louvain,20261004,456,47,846,22,0.028037388817655193
gtx,elliptic,rf_local,louvain,20261004,456,48,471,36,0.08281724076120169
gtx,elliptic,rf_local,louvain,20261004,456,49,476,56,0.15443584452540265
gtx,elliptic,rf_local,louvain,20261005,123,40,1211,112,0.7497385605259924
gtx,elliptic,rf_local,louvain,20261005,123,41,1132,116,0.9589353778290346
gtx,elliptic,rf_local,louvain,20261005,123,42,2154,239,0.8732286668722098
gtx,elliptic,rf_local,louvain,20261005,123,43,1370,24,0.03560623057137884
gtx,elliptic,rf_local,louvain,20261005,123,44,1591,24,0.03383300880977283
gtx,elliptic,rf_local,louvain,20261005,123,45,1221,5,0.00803322374881728
gtx,elliptic,rf_local,louvain,20261005,123,46,712,2,0.25485436893203883
gtx,elliptic,rf_local,louvain,20261005,123,47,846,22,0.022326315278584905
gtx,elliptic,rf_local,louvain,20261005,123,48,471,36,0.07978558799519117
gtx,elliptic,rf_local,louvain,20261005,123,49,476,56,0.15286483578551405
gtx,elliptic,rf_local,louvain,20261005,42,40,1211,112,0.7571862275646868
gtx,elliptic,rf_local,louvain,20261005,42,41,1132,116,0.9567169481181674
gtx,elliptic,rf_local,louvain,20261005,42,42,2154,239,0.8698169115024549
gtx,elliptic,rf_local,louvain,20261005,42,43,1370,24,0.03518874951734057
gtx,elliptic,rf_local,louvain,20261005,42,44,1591,24,0.035813006580887194
gtx,elliptic,rf_local,louvain,20261005,42,45,1221,5,0.008309713487841076
gtx,elliptic,rf_local,louvain,20261005,42,46,712,2,0.17287784679089027
gtx,elliptic,rf_local,louvain,20261005,42,47,846,22,0.020825686662636754
gtx,elliptic,rf_local,louvain,20261005,42,48,471,36,0.07100035713194973
gtx,elliptic,rf_local,louvain,20261005,42,49,476,56,0.12812127981080906
gtx,elliptic,rf_local,louvain,20261005,456,40,1211,112,0.751847672879965
gtx,elliptic,rf_local,louvain,20261005,456,41,1132,116,0.9573470208041578
gtx,elliptic,rf_local,louvain,20261005,456,42,2154,239,0.8736526565770627
gtx,elliptic,rf_local,louvain,20261005,456,43,1370,24,0.037440367384124866
gtx,elliptic,rf_local,louvain,20261005,456,44,1591,24,0.03670993901077808
gtx,elliptic,rf_local,louvain,20261005,456,45,1221,5,0.007702454345946482
gtx,elliptic,rf_local,louvain,20261005,456,46,712,2,0.1700796359499431
gtx,elliptic,rf_local,louvain,20261005,456,47,846,22,0.021553620123747425
gtx,elliptic,rf_local,louvain,20261005,456,48,471,36,0.08079224994414329
gtx,elliptic,rf_local,louvain,20261005,456,49,476,56,0.15086324515468869
gtx,elliptic,rf_local,random,20261003,123,40,1211,112,0.7638426657420274
gtx,elliptic,rf_local,random,20261003,123,41,1132,116,0.960113505307112
gtx,elliptic,rf_local,random,20261003,123,42,2154,239,0.8806152802633995
gtx,elliptic,rf_local,random,20261003,123,43,1370,24,0.03602165609903426
gtx,elliptic,rf_local,random,20261003,123,44,1591,24,0.03728052332691417
gtx,elliptic,rf_local,random,20261003,123,45,1221,5,0.008817423819537984
gtx,elliptic,rf_local,random,20261003,123,46,712,2,0.502724795640327
gtx,elliptic,rf_local,random,20261003,123,47,846,22,0.028457496137513163
gtx,elliptic,rf_local,random,20261003,123,48,471,36,0.0887594934512805
gtx,elliptic,rf_local,random,20261003,123,49,476,56,0.15784241815688763
gtx,elliptic,rf_local,random,20261003,42,40,1211,112,0.7652422687926009
gtx,elliptic,rf_local,random,20261003,42,41,1132,116,0.9610773116675622
gtx,elliptic,rf_local,random,20261003,42,42,2154,239,0.8845001675716583
gtx,elliptic,rf_local,random,20261003,42,43,1370,24,0.041801245972086044
gtx,elliptic,rf_local,random,20261003,42,44,1591,24,0.03571862913898669
gtx,elliptic,rf_local,random,20261003,42,45,1221,5,0.010326969416126043
gtx,elliptic,rf_local,random,20261003,42,46,712,2,0.5045045045045045
gtx,elliptic,rf_local,random,20261003,42,47,846,22,0.027026300220730805
gtx,elliptic,rf_local,random,20261003,42,48,471,36,0.08554751274580202
gtx,elliptic,rf_local,random,20261003,42,49,476,56,0.15856264370830644
gtx,elliptic,rf_local,random,20261003,456,40,1211,112,0.764228109769384
gtx,elliptic,rf_local,random,20261003,456,41,1132,116,0.9615449849915132
gtx,elliptic,rf_local,random,20261003,456,42,2154,239,0.8810006292145848
gtx,elliptic,rf_local,random,20261003,456,43,1370,24,0.039958062166922874
gtx,elliptic,rf_local,random,20261003,456,44,1591,24,0.03823318977658434
gtx,elliptic,rf_local,random,20261003,456,45,1221,5,0.009685571545028308
gtx,elliptic,rf_local,random,20261003,456,46,712,2,0.5026954177897575
gtx,elliptic,rf_local,random,20261003,456,47,846,22,0.029412259903689918
gtx,elliptic,rf_local,random,20261003,456,48,471,36,0.08117369521392932
gtx,elliptic,rf_local,random,20261003,456,49,476,56,0.1566902770948659
gtx,elliptic,rf_local,random,20261004,123,40,1211,112,0.7491744499640728
gtx,elliptic,rf_local,random,20261004,123,41,1132,116,0.960089214986764
gtx,elliptic,rf_local,random,20261004,123,42,2154,239,0.8841804110578653
gtx,elliptic,rf_local,random,20261004,123,43,1370,24,0.03723637596846146
gtx,elliptic,rf_local,random,20261004,123,44,1591,24,0.033409598297684924
gtx,elliptic,rf_local,random,20261004,123,45,1221,5,0.006478345435059207
gtx,elliptic,rf_local,random,20261004,123,46,712,2,0.255524861878453
gtx,elliptic,rf_local,random,20261004,123,47,846,22,0.026996923755006796
gtx,elliptic,rf_local,random,20261004,123,48,471,36,0.09161408477404251
gtx,elliptic,rf_local,random,20261004,123,49,476,56,0.16647086483022308
gtx,elliptic,rf_local,random,20261004,42,40,1211,112,0.7515433835261766
gtx,elliptic,rf_local,random,20261004,42,41,1132,116,0.9590101785211032
gtx,elliptic,rf_local,random,20261004,42,42,2154,239,0.8852454155585568
gtx,elliptic,rf_local,random,20261004,42,43,1370,24,0.03245344006074516
gtx,elliptic,rf_local,random,20261004,42,44,1591,24,0.03156974235906294
gtx,elliptic,rf_local,random,20261004,42,45,1221,5,0.006501872764771148
gtx,elliptic,rf_local,random,20261004,42,46,712,2,0.25257731958762886
gtx,elliptic,rf_local,random,20261004,42,47,846,22,0.029556340522019664
gtx,elliptic,rf_local,random,20261004,42,48,471,36,0.09589447460529259
gtx,elliptic,rf_local,random,20261004,42,49,476,56,0.1677286756615159
gtx,elliptic,rf_local,random,20261004,456,40,1211,112,0.7516958893671525
gtx,elliptic,rf_local,random,20261004,456,41,1132,116,0.9579459296446436
gtx,elliptic,rf_local,random,20261004,456,42,2154,239,0.8847048973328705
gtx,elliptic,rf_local,random,20261004,456,43,1370,24,0.03236622738197794
gtx,elliptic,rf_local,random,20261004,456,44,1591,24,0.03149364827101921
gtx,elliptic,rf_local,random,20261004,456,45,1221,5,0.006247861269918583
gtx,elliptic,rf_local,random,20261004,456,46,712,2,0.25229885057471263
gtx,elliptic,rf_local,random,20261004,456,47,846,22,0.026559747533385556
gtx,elliptic,rf_local,random,20261004,456,48,471,36,0.0855105874291156
gtx,elliptic,rf_local,random,20261004,456,49,476,56,0.15186127968137117
gtx,elliptic,rf_local,random,20261005,123,40,1211,112,0.7546606417529504
gtx,elliptic,rf_local,random,20261005,123,41,1132,116,0.9602613966216001
gtx,elliptic,rf_local,random,20261005,123,42,2154,239,0.8817783287547453
gtx,elliptic,rf_local,random,20261005,123,43,1370,24,0.03373370515670369
gtx,elliptic,rf_local,random,20261005,123,44,1591,24,0.03207098584137521
gtx,elliptic,rf_local,random,20261005,123,45,1221,5,0.010059981056056076
gtx,elliptic,rf_local,random,20261005,123,46,712,2,0.505524861878453
gtx,elliptic,rf_local,random,20261005,123,47,846,22,0.02427949739399987
gtx,elliptic,rf_local,random,20261005,123,48,471,36,0.08033605621865557
gtx,elliptic,rf_local,random,20261005,123,49,476,56,0.133516515590933
gtx,elliptic,rf_local,random,20261005,42,40,1211,112,0.7540675350834981
gtx,elliptic,rf_local,random,20261005,42,41,1132,116,0.9579529854964193
gtx,elliptic,rf_local,random,20261005,42,42,2154,239,0.8821089242949173
gtx,elliptic,rf_local,random,20261005,42,43,1370,24,0.03385692513828913
gtx,elliptic,rf_local,random,20261005,42,44,1591,24,0.03613388476560798
gtx,elliptic,rf_local,random,20261005,42,45,1221,5,0.009732118380008864
gtx,elliptic,rf_local,random,20261005,42,46,712,2,0.5057803468208093
gtx,elliptic,rf_local,random,20261005,42,47,846,22,0.02909050995938943
gtx,elliptic,rf_local,random,20261005,42,48,471,36,0.09238597776163478
gtx,elliptic,rf_local,random,20261005,42,49,476,56,0.14855780688902778
gtx,elliptic,rf_local,random,20261005,456,40,1211,112,0.7505365724299746
gtx,elliptic,rf_local,random,20261005,456,41,1132,116,0.9590313820658614
gtx,elliptic,rf_local,random,20261005,456,42,2154,239,0.8798169592037056
gtx,elliptic,rf_local,random,20261005,456,43,1370,24,0.037423521821894935
gtx,elliptic,rf_local,random,20261005,456,44,1591,24,0.033857030635664
gtx,elliptic,rf_local,random,20261005,456,45,1221,5,0.011019436658634361
gtx,elliptic,rf_local,random,20261005,456,46,712,2,0.5068027210884354
gtx,elliptic,rf_local,random,20261005,456,47,846,22,0.02434168614235356
gtx,elliptic,rf_local,random,20261005,456,48,471,36,0.08488274957289413
gtx,elliptic,rf_local,random,20261005,456,49,476,56,0.13964806675106023
gtx,elliptic,rf_pooled,random,20261003,123,40,1211,112,0.7551018248873514
gtx,elliptic,rf_pooled,random,20261003,123,41,1132,116,0.9583907891371808
gtx,elliptic,rf_pooled,random,20261003,123,42,2154,239,0.882356909865803
gtx,elliptic,rf_pooled,random,20261003,123,43,1370,24,0.027280742509507305
gtx,elliptic,rf_pooled,random,20261003,123,44,1591,24,0.046476633245353234
gtx,elliptic,rf_pooled,random,20261003,123,45,1221,5,0.010362267914633209
gtx,elliptic,rf_pooled,random,20261003,123,46,712,2,0.5072992700729927
gtx,elliptic,rf_pooled,random,20261003,123,47,846,22,0.026202118504429894
gtx,elliptic,rf_pooled,random,20261003,123,48,471,36,0.08782173438470381
gtx,elliptic,rf_pooled,random,20261003,123,49,476,56,0.1705162701047665
gtx,elliptic,rf_pooled,random,20261003,42,40,1211,112,0.7613213686297728
gtx,elliptic,rf_pooled,random,20261003,42,41,1132,116,0.956932477763204
gtx,elliptic,rf_pooled,random,20261003,42,42,2154,239,0.884910155580906
gtx,elliptic,rf_pooled,random,20261003,42,43,1370,24,0.032603067484968044
gtx,elliptic,rf_pooled,random,20261003,42,44,1591,24,0.047318620217373854
gtx,elliptic,rf_pooled,random,20261003,42,45,1221,5,0.00963012663012663
gtx,elliptic,rf_pooled,random,20261003,42,46,712,2,0.5033003300330033
gtx,elliptic,rf_pooled,random,20261003,42,47,846,22,0.02418833834239101
gtx,elliptic,rf_pooled,random,20261003,42,48,471,36,0.07835089266832962
gtx,elliptic,rf_pooled,random,20261003,42,49,476,56,0.16725308809228415
gtx,elliptic,rf_pooled,random,20261003,456,40,1211,112,0.7592027671210154
gtx,elliptic,rf_pooled,random,20261003,456,41,1132,116,0.9592479477123917
gtx,elliptic,rf_pooled,random,20261003,456,42,2154,239,0.8867725979552774
gtx,elliptic,rf_pooled,random,20261003,456,43,1370,24,0.034285566242308135
gtx,elliptic,rf_pooled,random,20261003,456,44,1591,24,0.056117643465636295
gtx,elliptic,rf_pooled,random,20261003,456,45,1221,5,0.011021181292658517
gtx,elliptic,rf_pooled,random,20261003,456,46,712,2,0.5051282051282051
gtx,elliptic,rf_pooled,random,20261003,456,47,846,22,0.024938430013635195
gtx,elliptic,rf_pooled,random,20261003,456,48,471,36,0.09146041867408033
gtx,elliptic,rf_pooled,random,20261003,456,49,476,56,0.17592817821960743
gtx,elliptic,xgb_local,louvain,20261003,123,40,1211,112,0.7589707250234989
gtx,elliptic,xgb_local,louvain,20261003,123,41,1132,116,0.9566233532489812
gtx,elliptic,xgb_local,louvain,20261003,123,42,2154,239,0.8824732601145353
gtx,elliptic,xgb_local,louvain,20261003,123,43,1370,24,0.028771403117615404
gtx,elliptic,xgb_local,louvain,20261003,123,44,1591,24,0.034052705873080735
gtx,elliptic,xgb_local,louvain,20261003,123,45,1221,5,0.016018341489581905
gtx,elliptic,xgb_local,louvain,20261003,123,46,712,2,0.030638297872340424
gtx,elliptic,xgb_local,louvain,20261003,123,47,846,22,0.036439806064554964
gtx,elliptic,xgb_local,louvain,20261003,123,48,471,36,0.14670526534871003
gtx,elliptic,xgb_local,louvain,20261003,123,49,476,56,0.22493174572870728
gtx,elliptic,xgb_local,louvain,20261003,42,40,1211,112,0.7589707250234989
gtx,elliptic,xgb_local,louvain,20261003,42,41,1132,116,0.9566233532489812
gtx,elliptic,xgb_local,louvain,20261003,42,42,2154,239,0.8824732601145353
gtx,elliptic,xgb_local,louvain,20261003,42,43,1370,24,0.028771403117615404
gtx,elliptic,xgb_local,louvain,20261003,42,44,1591,24,0.034052705873080735
gtx,elliptic,xgb_local,louvain,20261003,42,45,1221,5,0.016018341489581905
gtx,elliptic,xgb_local,louvain,20261003,42,46,712,2,0.030638297872340424
gtx,elliptic,xgb_local,louvain,20261003,42,47,846,22,0.036439806064554964
gtx,elliptic,xgb_local,louvain,20261003,42,48,471,36,0.14670526534871003
gtx,elliptic,xgb_local,louvain,20261003,42,49,476,56,0.22493174572870728
gtx,elliptic,xgb_local,louvain,20261003,456,40,1211,112,0.7589707250234989
gtx,elliptic,xgb_local,louvain,20261003,456,41,1132,116,0.9566233532489812
gtx,elliptic,xgb_local,louvain,20261003,456,42,2154,239,0.8824732601145353
gtx,elliptic,xgb_local,louvain,20261003,456,43,1370,24,0.028771403117615404
gtx,elliptic,xgb_local,louvain,20261003,456,44,1591,24,0.034052705873080735
gtx,elliptic,xgb_local,louvain,20261003,456,45,1221,5,0.016018341489581905
gtx,elliptic,xgb_local,louvain,20261003,456,46,712,2,0.030638297872340424
gtx,elliptic,xgb_local,louvain,20261003,456,47,846,22,0.036439806064554964
gtx,elliptic,xgb_local,louvain,20261003,456,48,471,36,0.14670526534871003
gtx,elliptic,xgb_local,louvain,20261003,456,49,476,56,0.22493174572870728
gtx,elliptic,xgb_local,louvain,20261004,123,40,1211,112,0.7124938549074423
gtx,elliptic,xgb_local,louvain,20261004,123,41,1132,116,0.9517400211780571
gtx,elliptic,xgb_local,louvain,20261004,123,42,2154,239,0.882488059183522
gtx,elliptic,xgb_local,louvain,20261004,123,43,1370,24,0.0398168932406296
gtx,elliptic,xgb_local,louvain,20261004,123,44,1591,24,0.03395423328736411
gtx,elliptic,xgb_local,louvain,20261004,123,45,1221,5,0.014552846312812012
gtx,elliptic,xgb_local,louvain,20261004,123,46,712,2,0.02841950861752842
gtx,elliptic,xgb_local,louvain,20261004,123,47,846,22,0.03582285763116029
gtx,elliptic,xgb_local,louvain,20261004,123,48,471,36,0.1759685165306574
gtx,elliptic,xgb_local,louvain,20261004,123,49,476,56,0.2405452658521671
gtx,elliptic,xgb_local,louvain,20261004,42,40,1211,112,0.7124938549074423
gtx,elliptic,xgb_local,louvain,20261004,42,41,1132,116,0.9517400211780571
gtx,elliptic,xgb_local,louvain,20261004,42,42,2154,239,0.882488059183522
gtx,elliptic,xgb_local,louvain,20261004,42,43,1370,24,0.0398168932406296
gtx,elliptic,xgb_local,louvain,20261004,42,44,1591,24,0.03395423328736411
gtx,elliptic,xgb_local,louvain,20261004,42,45,1221,5,0.014552846312812012
gtx,elliptic,xgb_local,louvain,20261004,42,46,712,2,0.02841950861752842
gtx,elliptic,xgb_local,louvain,20261004,42,47,846,22,0.03582285763116029
gtx,elliptic,xgb_local,louvain,20261004,42,48,471,36,0.1759685165306574
gtx,elliptic,xgb_local,louvain,20261004,42,49,476,56,0.2405452658521671
gtx,elliptic,xgb_local,louvain,20261004,456,40,1211,112,0.7124938549074423
gtx,elliptic,xgb_local,louvain,20261004,456,41,1132,116,0.9517400211780571
gtx,elliptic,xgb_local,louvain,20261004,456,42,2154,239,0.882488059183522
gtx,elliptic,xgb_local,louvain,20261004,456,43,1370,24,0.0398168932406296
gtx,elliptic,xgb_local,louvain,20261004,456,44,1591,24,0.03395423328736411
gtx,elliptic,xgb_local,louvain,20261004,456,45,1221,5,0.014552846312812012
gtx,elliptic,xgb_local,louvain,20261004,456,46,712,2,0.02841950861752842
gtx,elliptic,xgb_local,louvain,20261004,456,47,846,22,0.03582285763116029
gtx,elliptic,xgb_local,louvain,20261004,456,48,471,36,0.1759685165306574
gtx,elliptic,xgb_local,louvain,20261004,456,49,476,56,0.2405452658521671
gtx,elliptic,xgb_local,louvain,20261005,123,40,1211,112,0.7507414200814541
gtx,elliptic,xgb_local,louvain,20261005,123,41,1132,116,0.9557859747175506
gtx,elliptic,xgb_local,louvain,20261005,123,42,2154,239,0.884830442642844
gtx,elliptic,xgb_local,louvain,20261005,123,43,1370,24,0.026343362870835763
gtx,elliptic,xgb_local,louvain,20261005,123,44,1591,24,0.03218785787852754
gtx,elliptic,xgb_local,louvain,20261005,123,45,1221,5,0.011093249672424203
gtx,elliptic,xgb_local,louvain,20261005,123,46,712,2,0.2621951219512195
gtx,elliptic,xgb_local,louvain,20261005,123,47,846,22,0.030638644001158052
gtx,elliptic,xgb_local,louvain,20261005,123,48,471,36,0.15264371740570962
gtx,elliptic,xgb_local,louvain,20261005,123,49,476,56,0.22416681202629235
gtx,elliptic,xgb_local,louvain,20261005,42,40,1211,112,0.7507414200814541
gtx,elliptic,xgb_local,louvain,20261005,42,41,1132,116,0.9557859747175506
gtx,elliptic,xgb_local,louvain,20261005,42,42,2154,239,0.884830442642844
gtx,elliptic,xgb_local,louvain,20261005,42,43,1370,24,0.026343362870835763
gtx,elliptic,xgb_local,louvain,20261005,42,44,1591,24,0.03218785787852754
gtx,elliptic,xgb_local,louvain,20261005,42,45,1221,5,0.011093249672424203
gtx,elliptic,xgb_local,louvain,20261005,42,46,712,2,0.2621951219512195
gtx,elliptic,xgb_local,louvain,20261005,42,47,846,22,0.030638644001158052
gtx,elliptic,xgb_local,louvain,20261005,42,48,471,36,0.15264371740570962
gtx,elliptic,xgb_local,louvain,20261005,42,49,476,56,0.22416681202629235
gtx,elliptic,xgb_local,louvain,20261005,456,40,1211,112,0.7507414200814541
gtx,elliptic,xgb_local,louvain,20261005,456,41,1132,116,0.9557859747175506
gtx,elliptic,xgb_local,louvain,20261005,456,42,2154,239,0.884830442642844
gtx,elliptic,xgb_local,louvain,20261005,456,43,1370,24,0.026343362870835763
gtx,elliptic,xgb_local,louvain,20261005,456,44,1591,24,0.03218785787852754
gtx,elliptic,xgb_local,louvain,20261005,456,45,1221,5,0.011093249672424203
gtx,elliptic,xgb_local,louvain,20261005,456,46,712,2,0.2621951219512195
gtx,elliptic,xgb_local,louvain,20261005,456,47,846,22,0.030638644001158052
gtx,elliptic,xgb_local,louvain,20261005,456,48,471,36,0.15264371740570962
gtx,elliptic,xgb_local,louvain,20261005,456,49,476,56,0.22416681202629235
gtx,elliptic,xgb_local,random,20261003,123,40,1211,112,0.7490177097384848
gtx,elliptic,xgb_local,random,20261003,123,41,1132,116,0.9593233425488418
gtx,elliptic,xgb_local,random,20261003,123,42,2154,239,0.8856335316805146
gtx,elliptic,xgb_local,random,20261003,123,43,1370,24,0.024750148819886523
gtx,elliptic,xgb_local,random,20261003,123,44,1591,24,0.03435131557091938
gtx,elliptic,xgb_local,random,20261003,123,45,1221,5,0.01433932166371805
gtx,elliptic,xgb_local,random,20261003,123,46,712,2,0.26282051282051283
gtx,elliptic,xgb_local,random,20261003,123,47,846,22,0.039658304707229024
gtx,elliptic,xgb_local,random,20261003,123,48,471,36,0.1488677826317953
gtx,elliptic,xgb_local,random,20261003,123,49,476,56,0.23674648420872385
gtx,elliptic,xgb_local,random,20261003,42,40,1211,112,0.7490177097384848
gtx,elliptic,xgb_local,random,20261003,42,41,1132,116,0.9593233425488418
gtx,elliptic,xgb_local,random,20261003,42,42,2154,239,0.8856335316805146
gtx,elliptic,xgb_local,random,20261003,42,43,1370,24,0.024750148819886523
gtx,elliptic,xgb_local,random,20261003,42,44,1591,24,0.03435131557091938
gtx,elliptic,xgb_local,random,20261003,42,45,1221,5,0.01433932166371805
gtx,elliptic,xgb_local,random,20261003,42,46,712,2,0.26282051282051283
gtx,elliptic,xgb_local,random,20261003,42,47,846,22,0.039658304707229024
gtx,elliptic,xgb_local,random,20261003,42,48,471,36,0.1488677826317953
gtx,elliptic,xgb_local,random,20261003,42,49,476,56,0.23674648420872385
gtx,elliptic,xgb_local,random,20261003,456,40,1211,112,0.7490177097384848
gtx,elliptic,xgb_local,random,20261003,456,41,1132,116,0.9593233425488418
gtx,elliptic,xgb_local,random,20261003,456,42,2154,239,0.8856335316805146
gtx,elliptic,xgb_local,random,20261003,456,43,1370,24,0.024750148819886523
gtx,elliptic,xgb_local,random,20261003,456,44,1591,24,0.03435131557091938
gtx,elliptic,xgb_local,random,20261003,456,45,1221,5,0.01433932166371805
gtx,elliptic,xgb_local,random,20261003,456,46,712,2,0.26282051282051283
gtx,elliptic,xgb_local,random,20261003,456,47,846,22,0.039658304707229024
gtx,elliptic,xgb_local,random,20261003,456,48,471,36,0.1488677826317953
gtx,elliptic,xgb_local,random,20261003,456,49,476,56,0.23674648420872385
gtx,elliptic,xgb_local,random,20261004,123,40,1211,112,0.7199989528041876
gtx,elliptic,xgb_local,random,20261004,123,41,1132,116,0.9582707706108722
gtx,elliptic,xgb_local,random,20261004,123,42,2154,239,0.8896184014809396
gtx,elliptic,xgb_local,random,20261004,123,43,1370,24,0.02456094015437561
gtx,elliptic,xgb_local,random,20261004,123,44,1591,24,0.030914828403413395
gtx,elliptic,xgb_local,random,20261004,123,45,1221,5,0.009814349173759571
gtx,elliptic,xgb_local,random,20261004,123,46,712,2,0.06984126984126984
gtx,elliptic,xgb_local,random,20261004,123,47,846,22,0.038836271688299014
gtx,elliptic,xgb_local,random,20261004,123,48,471,36,0.16207164074607971
gtx,elliptic,xgb_local,random,20261004,123,49,476,56,0.23227540161839386
gtx,elliptic,xgb_local,random,20261004,42,40,1211,112,0.7199989528041876
gtx,elliptic,xgb_local,random,20261004,42,41,1132,116,0.9582707706108722
gtx,elliptic,xgb_local,random,20261004,42,42,2154,239,0.8896184014809396
gtx,elliptic,xgb_local,random,20261004,42,43,1370,24,0.02456094015437561
gtx,elliptic,xgb_local,random,20261004,42,44,1591,24,0.030914828403413395
gtx,elliptic,xgb_local,random,20261004,42,45,1221,5,0.009814349173759571
gtx,elliptic,xgb_local,random,20261004,42,46,712,2,0.06984126984126984
gtx,elliptic,xgb_local,random,20261004,42,47,846,22,0.038836271688299014
gtx,elliptic,xgb_local,random,20261004,42,48,471,36,0.16207164074607971
gtx,elliptic,xgb_local,random,20261004,42,49,476,56,0.23227540161839386
gtx,elliptic,xgb_local,random,20261004,456,40,1211,112,0.7199989528041876
gtx,elliptic,xgb_local,random,20261004,456,41,1132,116,0.9582707706108722
gtx,elliptic,xgb_local,random,20261004,456,42,2154,239,0.8896184014809396
gtx,elliptic,xgb_local,random,20261004,456,43,1370,24,0.02456094015437561
gtx,elliptic,xgb_local,random,20261004,456,44,1591,24,0.030914828403413395
gtx,elliptic,xgb_local,random,20261004,456,45,1221,5,0.009814349173759571
gtx,elliptic,xgb_local,random,20261004,456,46,712,2,0.06984126984126984
gtx,elliptic,xgb_local,random,20261004,456,47,846,22,0.038836271688299014
gtx,elliptic,xgb_local,random,20261004,456,48,471,36,0.16207164074607971
gtx,elliptic,xgb_local,random,20261004,456,49,476,56,0.23227540161839386
gtx,elliptic,xgb_local,random,20261005,123,40,1211,112,0.7435852619095904
gtx,elliptic,xgb_local,random,20261005,123,41,1132,116,0.9614526685151122
gtx,elliptic,xgb_local,random,20261005,123,42,2154,239,0.8914339094915198
gtx,elliptic,xgb_local,random,20261005,123,43,1370,24,0.026372886334187703
gtx,elliptic,xgb_local,random,20261005,123,44,1591,24,0.03814568186429987
gtx,elliptic,xgb_local,random,20261005,123,45,1221,5,0.016198607515080253
gtx,elliptic,xgb_local,random,20261005,123,46,712,2,0.11785714285714285
gtx,elliptic,xgb_local,random,20261005,123,47,846,22,0.03561099717328851
gtx,elliptic,xgb_local,random,20261005,123,48,471,36,0.15515857981594888
gtx,elliptic,xgb_local,random,20261005,123,49,476,56,0.2003453898439636
gtx,elliptic,xgb_local,random,20261005,42,40,1211,112,0.7435852619095904
gtx,elliptic,xgb_local,random,20261005,42,41,1132,116,0.9614526685151122
gtx,elliptic,xgb_local,random,20261005,42,42,2154,239,0.8914339094915198
gtx,elliptic,xgb_local,random,20261005,42,43,1370,24,0.026372886334187703
gtx,elliptic,xgb_local,random,20261005,42,44,1591,24,0.03814568186429987
gtx,elliptic,xgb_local,random,20261005,42,45,1221,5,0.016198607515080253
gtx,elliptic,xgb_local,random,20261005,42,46,712,2,0.11785714285714285
gtx,elliptic,xgb_local,random,20261005,42,47,846,22,0.03561099717328851
gtx,elliptic,xgb_local,random,20261005,42,48,471,36,0.15515857981594888
gtx,elliptic,xgb_local,random,20261005,42,49,476,56,0.2003453898439636
gtx,elliptic,xgb_local,random,20261005,456,40,1211,112,0.7435852619095904
gtx,elliptic,xgb_local,random,20261005,456,41,1132,116,0.9614526685151122
gtx,elliptic,xgb_local,random,20261005,456,42,2154,239,0.8914339094915198
gtx,elliptic,xgb_local,random,20261005,456,43,1370,24,0.026372886334187703
gtx,elliptic,xgb_local,random,20261005,456,44,1591,24,0.03814568186429987
gtx,elliptic,xgb_local,random,20261005,456,45,1221,5,0.016198607515080253
gtx,elliptic,xgb_local,random,20261005,456,46,712,2,0.11785714285714285
gtx,elliptic,xgb_local,random,20261005,456,47,846,22,0.03561099717328851
gtx,elliptic,xgb_local,random,20261005,456,48,471,36,0.15515857981594888
gtx,elliptic,xgb_local,random,20261005,456,49,476,56,0.2003453898439636
gtx,elliptic,xgb_pooled,random,20261003,123,40,1211,112,0.7418942371152991
gtx,elliptic,xgb_pooled,random,20261003,123,41,1132,116,0.9616193863974029
gtx,elliptic,xgb_pooled,random,20261003,123,42,2154,239,0.88784294686364
gtx,elliptic,xgb_pooled,random,20261003,123,43,1370,24,0.02594501429908075
gtx,elliptic,xgb_pooled,random,20261003,123,44,1591,24,0.03934672278551989
gtx,elliptic,xgb_pooled,random,20261003,123,45,1221,5,0.010363565435458317
gtx,elliptic,xgb_pooled,random,20261003,123,46,712,2,0.07765151515151515
gtx,elliptic,xgb_pooled,random,20261003,123,47,846,22,0.03544914641137641
gtx,elliptic,xgb_pooled,random,20261003,123,48,471,36,0.1497530492766438
gtx,elliptic,xgb_pooled,random,20261003,123,49,476,56,0.20757265638668124
gtx,elliptic,xgb_pooled,random,20261003,42,40,1211,112,0.7418942371152991
gtx,elliptic,xgb_pooled,random,20261003,42,41,1132,116,0.9616193863974029
gtx,elliptic,xgb_pooled,random,20261003,42,42,2154,239,0.88784294686364
gtx,elliptic,xgb_pooled,random,20261003,42,43,1370,24,0.02594501429908075
gtx,elliptic,xgb_pooled,random,20261003,42,44,1591,24,0.03934672278551989
gtx,elliptic,xgb_pooled,random,20261003,42,45,1221,5,0.010363565435458317
gtx,elliptic,xgb_pooled,random,20261003,42,46,712,2,0.07765151515151515
gtx,elliptic,xgb_pooled,random,20261003,42,47,846,22,0.03544914641137641
gtx,elliptic,xgb_pooled,random,20261003,42,48,471,36,0.1497530492766438
gtx,elliptic,xgb_pooled,random,20261003,42,49,476,56,0.20757265638668124
gtx,elliptic,xgb_pooled,random,20261003,456,40,1211,112,0.7418942371152991
gtx,elliptic,xgb_pooled,random,20261003,456,41,1132,116,0.9616193863974029
gtx,elliptic,xgb_pooled,random,20261003,456,42,2154,239,0.88784294686364
gtx,elliptic,xgb_pooled,random,20261003,456,43,1370,24,0.02594501429908075
gtx,elliptic,xgb_pooled,random,20261003,456,44,1591,24,0.03934672278551989
gtx,elliptic,xgb_pooled,random,20261003,456,45,1221,5,0.010363565435458317
gtx,elliptic,xgb_pooled,random,20261003,456,46,712,2,0.07765151515151515
gtx,elliptic,xgb_pooled,random,20261003,456,47,846,22,0.03544914641137641
gtx,elliptic,xgb_pooled,random,20261003,456,48,471,36,0.1497530492766438
gtx,elliptic,xgb_pooled,random,20261003,456,49,476,56,0.20757265638668124
gtx,ibm,current,louvain,20261003,123,9,130882,88,0.0162031277977799
gtx,ibm,current,louvain,20261003,123,10,41674,103,0.10634824917280185
gtx,ibm,fedavg,louvain,20261003,123,9,130882,88,0.017872129328854267
gtx,ibm,fedavg,louvain,20261003,123,10,41674,103,0.09773482669095623
gtx,ibm,fedgcn,louvain,20261003,123,9,130882,88,0.0054045532530048205
gtx,ibm,fedgcn,louvain,20261003,123,10,41674,103,0.024543223658173973
gtx,ibm,fedmlp,louvain,20261003,123,9,130882,88,0.020572299385085098
gtx,ibm,fedmlp,louvain,20261003,123,10,41674,103,0.11166266697882776
gtx,ibm,fresh,louvain,20261003,123,9,130882,88,0.018534475500901777
gtx,ibm,fresh,louvain,20261003,123,10,41674,103,0.09801577522879619
gtx,ibm,local,louvain,20261003,123,9,130882,88,0.014528685162025762
gtx,ibm,local,louvain,20261003,123,10,41674,103,0.048179631434126444
gtx,ibm,oracle,louvain,20261003,123,9,130882,88,0.02003258996320499
gtx,ibm,oracle,louvain,20261003,123,10,41674,103,0.08191165650391335
gtx,ibm,shuffled,louvain,20261003,123,9,130882,88,0.015739952771638723
gtx,ibm,shuffled,louvain,20261003,123,10,41674,103,0.07814291840132256
gtx,ibm,current,louvain,20261003,42,9,130882,88,0.013364419470050092
gtx,ibm,current,louvain,20261003,42,10,41674,103,0.10179772946735342
gtx,ibm,fedavg,louvain,20261003,42,9,130882,88,0.02411122740468942
gtx,ibm,fedavg,louvain,20261003,42,10,41674,103,0.11551947985430087
gtx,ibm,fedgcn,louvain,20261003,42,9,130882,88,0.0050647561806490705
gtx,ibm,fedgcn,louvain,20261003,42,10,41674,103,0.02543996363096264
gtx,ibm,fedmlp,louvain,20261003,42,9,130882,88,0.03888069185653186
gtx,ibm,fedmlp,louvain,20261003,42,10,41674,103,0.08283847959095188
gtx,ibm,fresh,louvain,20261003,42,9,130882,88,0.013322616699986474
gtx,ibm,fresh,louvain,20261003,42,10,41674,103,0.09714472056947886
gtx,ibm,local,louvain,20261003,42,9,130882,88,0.011631288268884555
gtx,ibm,local,louvain,20261003,42,10,41674,103,0.057808633101969764
gtx,ibm,oracle,louvain,20261003,42,9,130882,88,0.02054040214069644
gtx,ibm,oracle,louvain,20261003,42,10,41674,103,0.10433854220884739
gtx,ibm,shuffled,louvain,20261003,42,9,130882,88,0.015164355610672024
gtx,ibm,shuffled,louvain,20261003,42,10,41674,103,0.10004577113287078
gtx,ibm,current,louvain,20261003,456,9,130882,88,0.020372729752983168
gtx,ibm,current,louvain,20261003,456,10,41674,103,0.1256978664192922
gtx,ibm,fedavg,louvain,20261003,456,9,130882,88,0.02663163962196619
gtx,ibm,fedavg,louvain,20261003,456,10,41674,103,0.10723615578641817
gtx,ibm,fedgcn,louvain,20261003,456,9,130882,88,0.004746878713188894
gtx,ibm,fedgcn,louvain,20261003,456,10,41674,103,0.019750279758739088
gtx,ibm,fedmlp,louvain,20261003,456,9,130882,88,0.029348727557096246
gtx,ibm,fedmlp,louvain,20261003,456,10,41674,103,0.10473952992518408
gtx,ibm,fresh,louvain,20261003,456,9,130882,88,0.02185641751496337
gtx,ibm,fresh,louvain,20261003,456,10,41674,103,0.13335289796373404
gtx,ibm,local,louvain,20261003,456,9,130882,88,0.022024052952202576
gtx,ibm,local,louvain,20261003,456,10,41674,103,0.06405280555705244
gtx,ibm,oracle,louvain,20261003,456,9,130882,88,0.02117517185201775
gtx,ibm,oracle,louvain,20261003,456,10,41674,103,0.08906167545541642
gtx,ibm,shuffled,louvain,20261003,456,9,130882,88,0.014163287284447186
gtx,ibm,shuffled,louvain,20261003,456,10,41674,103,0.08860277536608023
gtx,ibm,current,louvain,20261004,123,9,130882,88,0.012621446187545033
gtx,ibm,current,louvain,20261004,123,10,41674,103,0.0793315466147027
gtx,ibm,fedavg,louvain,20261004,123,9,130882,88,0.017343682212497685
gtx,ibm,fedavg,louvain,20261004,123,10,41674,103,0.108321774008971
gtx,ibm,fedgcn,louvain,20261004,123,9,130882,88,0.005476800350234364
gtx,ibm,fedgcn,louvain,20261004,123,10,41674,103,0.02421921914848514
gtx,ibm,fedmlp,louvain,20261004,123,9,130882,88,0.026978444715840065
gtx,ibm,fedmlp,louvain,20261004,123,10,41674,103,0.06386947549028979
gtx,ibm,fresh,louvain,20261004,123,9,130882,88,0.012114943698320401
gtx,ibm,fresh,louvain,20261004,123,10,41674,103,0.07710932406367738
gtx,ibm,local,louvain,20261004,123,9,130882,88,0.01281465944874724
gtx,ibm,local,louvain,20261004,123,10,41674,103,0.04017002996565066
gtx,ibm,oracle,louvain,20261004,123,9,130882,88,0.016832540274338028
gtx,ibm,oracle,louvain,20261004,123,10,41674,103,0.08958980801182068
gtx,ibm,shuffled,louvain,20261004,123,9,130882,88,0.012178404438647088
gtx,ibm,shuffled,louvain,20261004,123,10,41674,103,0.07614233515518877
gtx,ibm,current,louvain,20261004,42,9,130882,88,0.012791825096862107
gtx,ibm,current,louvain,20261004,42,10,41674,103,0.09131346499999035
gtx,ibm,fedavg,louvain,20261004,42,9,130882,88,0.02688290576792557
gtx,ibm,fedavg,louvain,20261004,42,10,41674,103,0.11219094167945372
gtx,ibm,fedgcn,louvain,20261004,42,9,130882,88,0.005115112799172089
gtx,ibm,fedgcn,louvain,20261004,42,10,41674,103,0.025052362463357306
gtx,ibm,fedmlp,louvain,20261004,42,9,130882,88,0.03916755029254105
gtx,ibm,fedmlp,louvain,20261004,42,10,41674,103,0.09074758933582013
gtx,ibm,fresh,louvain,20261004,42,9,130882,88,0.012873958242291273
gtx,ibm,fresh,louvain,20261004,42,10,41674,103,0.08849480987349537
gtx,ibm,local,louvain,20261004,42,9,130882,88,0.01767429953718016
gtx,ibm,local,louvain,20261004,42,10,41674,103,0.050458286811997224
gtx,ibm,oracle,louvain,20261004,42,9,130882,88,0.02017684747407306
gtx,ibm,oracle,louvain,20261004,42,10,41674,103,0.08496531197600625
gtx,ibm,shuffled,louvain,20261004,42,9,130882,88,0.013963637314775436
gtx,ibm,shuffled,louvain,20261004,42,10,41674,103,0.06936046588656733
gtx,ibm,current,louvain,20261004,456,9,130882,88,0.018801210853359913
gtx,ibm,current,louvain,20261004,456,10,41674,103,0.08909811937704412
gtx,ibm,fedavg,louvain,20261004,456,9,130882,88,0.022698019477840208
gtx,ibm,fedavg,louvain,20261004,456,10,41674,103,0.09782041800596865
gtx,ibm,fedgcn,louvain,20261004,456,9,130882,88,0.004834355842496593
gtx,ibm,fedgcn,louvain,20261004,456,10,41674,103,0.02031488480859854
gtx,ibm,fedmlp,louvain,20261004,456,9,130882,88,0.027188736311769934
gtx,ibm,fedmlp,louvain,20261004,456,10,41674,103,0.09854531544861678
gtx,ibm,fresh,louvain,20261004,456,9,130882,88,0.026085457731644446
gtx,ibm,fresh,louvain,20261004,456,10,41674,103,0.08593307880276387
gtx,ibm,local,louvain,20261004,456,9,130882,88,0.01215943620900805
gtx,ibm,local,louvain,20261004,456,10,41674,103,0.05784968153336819
gtx,ibm,oracle,louvain,20261004,456,9,130882,88,0.021061145378944393
gtx,ibm,oracle,louvain,20261004,456,10,41674,103,0.09081227456793596
gtx,ibm,shuffled,louvain,20261004,456,9,130882,88,0.015278880691998816
gtx,ibm,shuffled,louvain,20261004,456,10,41674,103,0.07313054830908938
gtx,ibm,current,louvain,20261005,123,9,130882,88,0.010541065352471367
gtx,ibm,current,louvain,20261005,123,10,41674,103,0.09322775715808838
gtx,ibm,fedavg,louvain,20261005,123,9,130882,88,0.01813619851898481
gtx,ibm,fedavg,louvain,20261005,123,10,41674,103,0.11305050869568133
gtx,ibm,fedgcn,louvain,20261005,123,9,130882,88,0.005441207908650178
gtx,ibm,fedgcn,louvain,20261005,123,10,41674,103,0.024079252729795865
gtx,ibm,fedmlp,louvain,20261005,123,9,130882,88,0.026055514625258906
gtx,ibm,fedmlp,louvain,20261005,123,10,41674,103,0.08065222598283249
gtx,ibm,fresh,louvain,20261005,123,9,130882,88,0.010361392990385918
gtx,ibm,fresh,louvain,20261005,123,10,41674,103,0.092603011940403
gtx,ibm,local,louvain,20261005,123,9,130882,88,0.01132047525980358
gtx,ibm,local,louvain,20261005,123,10,41674,103,0.05487329494448693
gtx,ibm,oracle,louvain,20261005,123,9,130882,88,0.017814479283791842
gtx,ibm,oracle,louvain,20261005,123,10,41674,103,0.10193222170979384
gtx,ibm,shuffled,louvain,20261005,123,9,130882,88,0.0172645247104957
gtx,ibm,shuffled,louvain,20261005,123,10,41674,103,0.08744304572061475
gtx,ibm,current,louvain,20261005,42,9,130882,88,0.018278301699127007
gtx,ibm,current,louvain,20261005,42,10,41674,103,0.08361786820868831
gtx,ibm,fedavg,louvain,20261005,42,9,130882,88,0.017887371127484133
gtx,ibm,fedavg,louvain,20261005,42,10,41674,103,0.11011532009986325
gtx,ibm,fedgcn,louvain,20261005,42,9,130882,88,0.005112035870865363
gtx,ibm,fedgcn,louvain,20261005,42,10,41674,103,0.024541062462376886
gtx,ibm,fedmlp,louvain,20261005,42,9,130882,88,0.027879803184101614
gtx,ibm,fedmlp,louvain,20261005,42,10,41674,103,0.09646208967546589
gtx,ibm,fresh,louvain,20261005,42,9,130882,88,0.012758642131347437
gtx,ibm,fresh,louvain,20261005,42,10,41674,103,0.10372924404490912
gtx,ibm,local,louvain,20261005,42,9,130882,88,0.025090084100243007
gtx,ibm,local,louvain,20261005,42,10,41674,103,0.06150152283352631
gtx,ibm,oracle,louvain,20261005,42,9,130882,88,0.017754843648496554
gtx,ibm,oracle,louvain,20261005,42,10,41674,103,0.0954015421519014
gtx,ibm,shuffled,louvain,20261005,42,9,130882,88,0.013449310746931368
gtx,ibm,shuffled,louvain,20261005,42,10,41674,103,0.07894299956318404
gtx,ibm,current,louvain,20261005,456,9,130882,88,0.017413487047286427
gtx,ibm,current,louvain,20261005,456,10,41674,103,0.11816731538541836
gtx,ibm,fedavg,louvain,20261005,456,9,130882,88,0.014817656113270157
gtx,ibm,fedavg,louvain,20261005,456,10,41674,103,0.07061620472963787
gtx,ibm,fedgcn,louvain,20261005,456,9,130882,88,0.004472298377495661
gtx,ibm,fedgcn,louvain,20261005,456,10,41674,103,0.018761790954328988
gtx,ibm,fedmlp,louvain,20261005,456,9,130882,88,0.028572643924476417
gtx,ibm,fedmlp,louvain,20261005,456,10,41674,103,0.09630021159529195
gtx,ibm,fresh,louvain,20261005,456,9,130882,88,0.01676820067105982
gtx,ibm,fresh,louvain,20261005,456,10,41674,103,0.12038269110753233
gtx,ibm,local,louvain,20261005,456,9,130882,88,0.014051708047861607
gtx,ibm,local,louvain,20261005,456,10,41674,103,0.05531700205188588
gtx,ibm,oracle,louvain,20261005,456,9,130882,88,0.02598685054174568
gtx,ibm,oracle,louvain,20261005,456,10,41674,103,0.10417747135659283
gtx,ibm,shuffled,louvain,20261005,456,9,130882,88,0.015599870769667784
gtx,ibm,shuffled,louvain,20261005,456,10,41674,103,0.08291358869354483
gtx,ibm,centralized,random,20261003,123,9,130882,88,0.027618263752105375
gtx,ibm,centralized,random,20261003,123,10,41674,103,0.0884007730742652
gtx,ibm,current,random,20261003,123,9,130882,88,0.013776338480797791
gtx,ibm,current,random,20261003,123,10,41674,103,0.09613589121443337
gtx,ibm,fedavg,random,20261003,123,9,130882,88,0.014194927573551121
gtx,ibm,fedavg,random,20261003,123,10,41674,103,0.06864019818775303
gtx,ibm,fedgcn,random,20261003,123,9,130882,88,0.005633708131067366
gtx,ibm,fedgcn,random,20261003,123,10,41674,103,0.024178505297476657
gtx,ibm,fedmlp,random,20261003,123,9,130882,88,0.019462073222294585
gtx,ibm,fedmlp,random,20261003,123,10,41674,103,0.1238561689206014
gtx,ibm,fresh,random,20261003,123,9,130882,88,0.013425704288968065
gtx,ibm,fresh,random,20261003,123,10,41674,103,0.08837481848426741
gtx,ibm,local,random,20261003,123,9,130882,88,0.010517981130236545
gtx,ibm,local,random,20261003,123,10,41674,103,0.06572335881098068
gtx,ibm,mlp,random,20261003,123,9,130882,88,0.021810528668305698
gtx,ibm,mlp,random,20261003,123,10,41674,103,0.09040230395033226
gtx,ibm,oracle,random,20261003,123,9,130882,88,0.019043284882401687
gtx,ibm,oracle,random,20261003,123,10,41674,103,0.10094693686936707
gtx,ibm,shuffled,random,20261003,123,9,130882,88,0.01592151512672926
gtx,ibm,shuffled,random,20261003,123,10,41674,103,0.10179996975707324
gtx,ibm,centralized,random,20261003,42,9,130882,88,0.020688492978212316
gtx,ibm,centralized,random,20261003,42,10,41674,103,0.08395455823872301
gtx,ibm,current,random,20261003,42,9,130882,88,0.01556422905179257
gtx,ibm,current,random,20261003,42,10,41674,103,0.08980192775621851
gtx,ibm,fedavg,random,20261003,42,9,130882,88,0.014084668049164271
gtx,ibm,fedavg,random,20261003,42,10,41674,103,0.0838718067745107
gtx,ibm,fedgcn,random,20261003,42,9,130882,88,0.0049999011416765595
gtx,ibm,fedgcn,random,20261003,42,10,41674,103,0.024778840760523637
gtx,ibm,fedmlp,random,20261003,42,9,130882,88,0.026390746133935425
gtx,ibm,fedmlp,random,20261003,42,10,41674,103,0.10374475114078718
gtx,ibm,fresh,random,20261003,42,9,130882,88,0.014695000081096104
gtx,ibm,fresh,random,20261003,42,10,41674,103,0.0825384553181981
gtx,ibm,local,random,20261003,42,9,130882,88,0.018617992137908188
gtx,ibm,local,random,20261003,42,10,41674,103,0.07034453468601336
gtx,ibm,mlp,random,20261003,42,9,130882,88,0.0273531735809479
gtx,ibm,mlp,random,20261003,42,10,41674,103,0.09591007224298757
gtx,ibm,oracle,random,20261003,42,9,130882,88,0.01986733925962467
gtx,ibm,oracle,random,20261003,42,10,41674,103,0.09146864747405445
gtx,ibm,shuffled,random,20261003,42,9,130882,88,0.01695143800490353
gtx,ibm,shuffled,random,20261003,42,10,41674,103,0.08703005014936517
gtx,ibm,centralized,random,20261003,456,9,130882,88,0.01992297057442438
gtx,ibm,centralized,random,20261003,456,10,41674,103,0.06141419063339093
gtx,ibm,current,random,20261003,456,9,130882,88,0.010623206762358867
gtx,ibm,current,random,20261003,456,10,41674,103,0.07344478102796254
gtx,ibm,fedavg,random,20261003,456,9,130882,88,0.01810185099041755
gtx,ibm,fedavg,random,20261003,456,10,41674,103,0.09006305974148318
gtx,ibm,fedgcn,random,20261003,456,9,130882,88,0.004846019216307269
gtx,ibm,fedgcn,random,20261003,456,10,41674,103,0.020193917686571507
gtx,ibm,fedmlp,random,20261003,456,9,130882,88,0.021141858617013985
gtx,ibm,fedmlp,random,20261003,456,10,41674,103,0.11493054700962581
gtx,ibm,fresh,random,20261003,456,9,130882,88,0.011203970209155251
gtx,ibm,fresh,random,20261003,456,10,41674,103,0.07465981259241035
gtx,ibm,local,random,20261003,456,9,130882,88,0.007865387972685444
gtx,ibm,local,random,20261003,456,10,41674,103,0.04513564936785393
gtx,ibm,mlp,random,20261003,456,9,130882,88,0.02689905571989346
gtx,ibm,mlp,random,20261003,456,10,41674,103,0.10094717303272666
gtx,ibm,oracle,random,20261003,456,9,130882,88,0.015088875367978156
gtx,ibm,oracle,random,20261003,456,10,41674,103,0.060304176684812076
gtx,ibm,shuffled,random,20261003,456,9,130882,88,0.01576268322014873
gtx,ibm,shuffled,random,20261003,456,10,41674,103,0.098121492129164
gtx,ibm,current,random,20261004,123,9,130882,88,0.011554855697648995
gtx,ibm,current,random,20261004,123,10,41674,103,0.07894331496655245
gtx,ibm,fedavg,random,20261004,123,9,130882,88,0.013614737602614507
gtx,ibm,fedavg,random,20261004,123,10,41674,103,0.06929746622800509
gtx,ibm,fedgcn,random,20261004,123,9,130882,88,0.00525990504498386
gtx,ibm,fedgcn,random,20261004,123,10,41674,103,0.023592375348445375
gtx,ibm,fedmlp,random,20261004,123,9,130882,88,0.01836546444875535
gtx,ibm,fedmlp,random,20261004,123,10,41674,103,0.11602722607853047
gtx,ibm,fresh,random,20261004,123,9,130882,88,0.011051784248507578
gtx,ibm,fresh,random,20261004,123,10,41674,103,0.07529863666616952
gtx,ibm,local,random,20261004,123,9,130882,88,0.010947917242849995
gtx,ibm,local,random,20261004,123,10,41674,103,0.038754905618531676
gtx,ibm,oracle,random,20261004,123,9,130882,88,0.019335196203320776
gtx,ibm,oracle,random,20261004,123,10,41674,103,0.08598906923634916
gtx,ibm,shuffled,random,20261004,123,9,130882,88,0.012857045880343516
gtx,ibm,shuffled,random,20261004,123,10,41674,103,0.06856193135052688
gtx,ibm,current,random,20261004,42,9,130882,88,0.012703830474089512
gtx,ibm,current,random,20261004,42,10,41674,103,0.07824561475215852
gtx,ibm,fedavg,random,20261004,42,9,130882,88,0.012552919477769625
gtx,ibm,fedavg,random,20261004,42,10,41674,103,0.06572071604090851
gtx,ibm,fedgcn,random,20261004,42,9,130882,88,0.005099449778432741
gtx,ibm,fedgcn,random,20261004,42,10,41674,103,0.025368550128662008
gtx,ibm,fedmlp,random,20261004,42,9,130882,88,0.018640460243886346
gtx,ibm,fedmlp,random,20261004,42,10,41674,103,0.05967356353246006
gtx,ibm,fresh,random,20261004,42,9,130882,88,0.011129650493898713
gtx,ibm,fresh,random,20261004,42,10,41674,103,0.07174427794731465
gtx,ibm,local,random,20261004,42,9,130882,88,0.009858287713567277
gtx,ibm,local,random,20261004,42,10,41674,103,0.04869799019906769
gtx,ibm,oracle,random,20261004,42,9,130882,88,0.015324386036290728
gtx,ibm,oracle,random,20261004,42,10,41674,103,0.08512192886803857
gtx,ibm,shuffled,random,20261004,42,9,130882,88,0.013079344195676105
gtx,ibm,shuffled,random,20261004,42,10,41674,103,0.08341183473563454
gtx,ibm,current,random,20261004,456,9,130882,88,0.00953431063547911
gtx,ibm,current,random,20261004,456,10,41674,103,0.11738954568817073
gtx,ibm,fedavg,random,20261004,456,9,130882,88,0.010774531734052985
gtx,ibm,fedavg,random,20261004,456,10,41674,103,0.06460692243518906
gtx,ibm,fedgcn,random,20261004,456,9,130882,88,0.004843021992050919
gtx,ibm,fedgcn,random,20261004,456,10,41674,103,0.020142550851539088
gtx,ibm,fedmlp,random,20261004,456,9,130882,88,0.017418654507820406
gtx,ibm,fedmlp,random,20261004,456,10,41674,103,0.1086011956119727
gtx,ibm,fresh,random,20261004,456,9,130882,88,0.009813174329273536
gtx,ibm,fresh,random,20261004,456,10,41674,103,0.1139096660464207
gtx,ibm,local,random,20261004,456,9,130882,88,0.010217597563331647
gtx,ibm,local,random,20261004,456,10,41674,103,0.05102609377706851
gtx,ibm,oracle,random,20261004,456,9,130882,88,0.01898081191186166
gtx,ibm,oracle,random,20261004,456,10,41674,103,0.10098942453461307
gtx,ibm,shuffled,random,20261004,456,9,130882,88,0.01260137546611686
gtx,ibm,shuffled,random,20261004,456,10,41674,103,0.07369443587953046
gtx,ibm,current,random,20261005,123,9,130882,88,0.015355763130599899
gtx,ibm,current,random,20261005,123,10,41674,103,0.07347610224915695
gtx,ibm,fedavg,random,20261005,123,9,130882,88,0.015541819628572418
gtx,ibm,fedavg,random,20261005,123,10,41674,103,0.06940722102416497
gtx,ibm,fedgcn,random,20261005,123,9,130882,88,0.005621797669924441
gtx,ibm,fedgcn,random,20261005,123,10,41674,103,0.024227692656541528
gtx,ibm,fedmlp,random,20261005,123,9,130882,88,0.023558453643375943
gtx,ibm,fedmlp,random,20261005,123,10,41674,103,0.0780808020918424
gtx,ibm,fresh,random,20261005,123,9,130882,88,0.012280928328092843
gtx,ibm,fresh,random,20261005,123,10,41674,103,0.0763183337898196
gtx,ibm,local,random,20261005,123,9,130882,88,0.009423594414180968
gtx,ibm,local,random,20261005,123,10,41674,103,0.0458550421612906
gtx,ibm,oracle,random,20261005,123,9,130882,88,0.01970648114892057
gtx,ibm,oracle,random,20261005,123,10,41674,103,0.07916851101739775
gtx,ibm,shuffled,random,20261005,123,9,130882,88,0.016426827266578667
gtx,ibm,shuffled,random,20261005,123,10,41674,103,0.06735352021841011
gtx,ibm,current,random,20261005,42,9,130882,88,0.014679535528354458
gtx,ibm,current,random,20261005,42,10,41674,103,0.09105251461557333
gtx,ibm,fedavg,random,20261005,42,9,130882,88,0.013859957222086368
gtx,ibm,fedavg,random,20261005,42,10,41674,103,0.07646810157126595
gtx,ibm,fedgcn,random,20261005,42,9,130882,88,0.005078102596449039
gtx,ibm,fedgcn,random,20261005,42,10,41674,103,0.024662655503460994
gtx,ibm,fedmlp,random,20261005,42,9,130882,88,0.03966674548361159
gtx,ibm,fedmlp,random,20261005,42,10,41674,103,0.10065162961768052
gtx,ibm,fresh,random,20261005,42,9,130882,88,0.01557812748365388
gtx,ibm,fresh,random,20261005,42,10,41674,103,0.08568279037070263
gtx,ibm,local,random,20261005,42,9,130882,88,0.022541556104868223
gtx,ibm,local,random,20261005,42,10,41674,103,0.04831666947554041
gtx,ibm,oracle,random,20261005,42,9,130882,88,0.017865172753978153
gtx,ibm,oracle,random,20261005,42,10,41674,103,0.07856002931960403
gtx,ibm,shuffled,random,20261005,42,9,130882,88,0.017719657095848943
gtx,ibm,shuffled,random,20261005,42,10,41674,103,0.06034798915226454
gtx,ibm,current,random,20261005,456,9,130882,88,0.013182164081597676
gtx,ibm,current,random,20261005,456,10,41674,103,0.08414181898713523
gtx,ibm,fedavg,random,20261005,456,9,130882,88,0.01772514423137316
gtx,ibm,fedavg,random,20261005,456,10,41674,103,0.07123901877070847
gtx,ibm,fedgcn,random,20261005,456,9,130882,88,0.004720850370638156
gtx,ibm,fedgcn,random,20261005,456,10,41674,103,0.019571634657347004
gtx,ibm,fedmlp,random,20261005,456,9,130882,88,0.04110864349018583
gtx,ibm,fedmlp,random,20261005,456,10,41674,103,0.0878863145629064
gtx,ibm,fresh,random,20261005,456,9,130882,88,0.01458517001755465
gtx,ibm,fresh,random,20261005,456,10,41674,103,0.08815972872274189
gtx,ibm,local,random,20261005,456,9,130882,88,0.010974378457145866
gtx,ibm,local,random,20261005,456,10,41674,103,0.045597564856623723
gtx,ibm,oracle,random,20261005,456,9,130882,88,0.021207069717368802
gtx,ibm,oracle,random,20261005,456,10,41674,103,0.07353268767568119
gtx,ibm,shuffled,random,20261005,456,9,130882,88,0.01902817462190108
gtx,ibm,shuffled,random,20261005,456,10,41674,103,0.06302405284361016
gtx,ibm,rf_local,louvain,20261003,123,9,130882,88,0.013795946723184791
gtx,ibm,rf_local,louvain,20261003,123,10,41674,103,0.05869260191012803
gtx,ibm,rf_local,louvain,20261003,42,9,130882,88,0.014821763895993573
gtx,ibm,rf_local,louvain,20261003,42,10,41674,103,0.0693596999312
gtx,ibm,rf_local,louvain,20261003,456,9,130882,88,0.012910266023317334
gtx,ibm,rf_local,louvain,20261003,456,10,41674,103,0.06266871787387357
gtx,ibm,rf_local,louvain,20261004,123,9,130882,88,0.016167632067682357
gtx,ibm,rf_local,louvain,20261004,123,10,41674,103,0.059846703857279276
gtx,ibm,rf_local,louvain,20261004,42,9,130882,88,0.019014546493432486
gtx,ibm,rf_local,louvain,20261004,42,10,41674,103,0.06244233374194927
gtx,ibm,rf_local,louvain,20261004,456,9,130882,88,0.01779543454664339
gtx,ibm,rf_local,louvain,20261004,456,10,41674,103,0.059870013277093265
gtx,ibm,rf_local,louvain,20261005,123,9,130882,88,0.01613736292728172
gtx,ibm,rf_local,louvain,20261005,123,10,41674,103,0.060805199417204754
gtx,ibm,rf_local,louvain,20261005,42,9,130882,88,0.019757131511835415
gtx,ibm,rf_local,louvain,20261005,42,10,41674,103,0.06445424593513911
gtx,ibm,rf_local,louvain,20261005,456,9,130882,88,0.018601564904556587
gtx,ibm,rf_local,louvain,20261005,456,10,41674,103,0.05887821117911041
gtx,ibm,rf_local,random,20261003,123,9,130882,88,0.0133410176249045
gtx,ibm,rf_local,random,20261003,123,10,41674,103,0.07978252590376196
gtx,ibm,rf_local,random,20261003,42,9,130882,88,0.01409387861129025
gtx,ibm,rf_local,random,20261003,42,10,41674,103,0.07403978343936249
gtx,ibm,rf_local,random,20261003,456,9,130882,88,0.013189616181549495
gtx,ibm,rf_local,random,20261003,456,10,41674,103,0.09740136191260022
gtx,ibm,rf_local,random,20261004,123,9,130882,88,0.031075289174736898
gtx,ibm,rf_local,random,20261004,123,10,41674,103,0.06744768226379892
gtx,ibm,rf_local,random,20261004,42,9,130882,88,0.03314169082178619
gtx,ibm,rf_local,random,20261004,42,10,41674,103,0.0676000850964919
gtx,ibm,rf_local,random,20261004,456,9,130882,88,0.03228356267895521
gtx,ibm,rf_local,random,20261004,456,10,41674,103,0.08113947759934505
gtx,ibm,rf_local,random,20261005,123,9,130882,88,0.01679474853518846
gtx,ibm,rf_local,random,20261005,123,10,41674,103,0.068142772382478
gtx,ibm,rf_local,random,20261005,42,9,130882,88,0.015933342079374534
gtx,ibm,rf_local,random,20261005,42,10,41674,103,0.06162832337095501
gtx,ibm,rf_local,random,20261005,456,9,130882,88,0.01503558098331706
gtx,ibm,rf_local,random,20261005,456,10,41674,103,0.0637070281905964
gtx,ibm,rf_pooled,random,20261003,123,9,130882,88,0.021500636875889878
gtx,ibm,rf_pooled,random,20261003,123,10,41674,103,0.08129555476562891
gtx,ibm,rf_pooled,random,20261003,42,9,130882,88,0.019716216554069525
gtx,ibm,rf_pooled,random,20261003,42,10,41674,103,0.06790317918523782
gtx,ibm,rf_pooled,random,20261003,456,9,130882,88,0.021934506018162343
gtx,ibm,rf_pooled,random,20261003,456,10,41674,103,0.07206810861453204
gtx,ibm,xgb_local,louvain,20261003,123,9,130882,88,0.02008760140508452
gtx,ibm,xgb_local,louvain,20261003,123,10,41674,103,0.08756172300280954
gtx,ibm,xgb_local,louvain,20261003,42,9,130882,88,0.02008760140508452
gtx,ibm,xgb_local,louvain,20261003,42,10,41674,103,0.08756172300280954
gtx,ibm,xgb_local,louvain,20261003,456,9,130882,88,0.02008760140508452
gtx,ibm,xgb_local,louvain,20261003,456,10,41674,103,0.08756172300280954
gtx,ibm,xgb_local,louvain,20261004,123,9,130882,88,0.022052382614247308
gtx,ibm,xgb_local,louvain,20261004,123,10,41674,103,0.08079198614942676
gtx,ibm,xgb_local,louvain,20261004,42,9,130882,88,0.022052382614247308
gtx,ibm,xgb_local,louvain,20261004,42,10,41674,103,0.08079198614942676
gtx,ibm,xgb_local,louvain,20261004,456,9,130882,88,0.022052382614247308
gtx,ibm,xgb_local,louvain,20261004,456,10,41674,103,0.08079198614942676
gtx,ibm,xgb_local,louvain,20261005,123,9,130882,88,0.018813857459920032
gtx,ibm,xgb_local,louvain,20261005,123,10,41674,103,0.08844271839107987
gtx,ibm,xgb_local,louvain,20261005,42,9,130882,88,0.018813857459920032
gtx,ibm,xgb_local,louvain,20261005,42,10,41674,103,0.08844271839107987
gtx,ibm,xgb_local,louvain,20261005,456,9,130882,88,0.018813857459920032
gtx,ibm,xgb_local,louvain,20261005,456,10,41674,103,0.08844271839107987
gtx,ibm,xgb_local,random,20261003,123,9,130882,88,0.021828474972790283
gtx,ibm,xgb_local,random,20261003,123,10,41674,103,0.10556318785340868
gtx,ibm,xgb_local,random,20261003,42,9,130882,88,0.021828474972790283
gtx,ibm,xgb_local,random,20261003,42,10,41674,103,0.10556318785340868
gtx,ibm,xgb_local,random,20261003,456,9,130882,88,0.021828474972790283
gtx,ibm,xgb_local,random,20261003,456,10,41674,103,0.10556318785340868
gtx,ibm,xgb_local,random,20261004,123,9,130882,88,0.02633700127869496
gtx,ibm,xgb_local,random,20261004,123,10,41674,103,0.10522572276998209
gtx,ibm,xgb_local,random,20261004,42,9,130882,88,0.02633700127869496
gtx,ibm,xgb_local,random,20261004,42,10,41674,103,0.10522572276998209
gtx,ibm,xgb_local,random,20261004,456,9,130882,88,0.02633700127869496
gtx,ibm,xgb_local,random,20261004,456,10,41674,103,0.10522572276998209
gtx,ibm,xgb_local,random,20261005,123,9,130882,88,0.0169885323712538
gtx,ibm,xgb_local,random,20261005,123,10,41674,103,0.09715517660226473
gtx,ibm,xgb_local,random,20261005,42,9,130882,88,0.0169885323712538
gtx,ibm,xgb_local,random,20261005,42,10,41674,103,0.09715517660226473
gtx,ibm,xgb_local,random,20261005,456,9,130882,88,0.0169885323712538
gtx,ibm,xgb_local,random,20261005,456,10,41674,103,0.09715517660226473
gtx,ibm,xgb_pooled,random,20261003,123,9,130882,88,0.02971531152967589
gtx,ibm,xgb_pooled,random,20261003,123,10,41674,103,0.10773920449950616
gtx,ibm,xgb_pooled,random,20261003,42,9,130882,88,0.02971531152967589
gtx,ibm,xgb_pooled,random,20261003,42,10,41674,103,0.10773920449950616
gtx,ibm,xgb_pooled,random,20261003,456,9,130882,88,0.02971531152967589
gtx,ibm,xgb_pooled,random,20261003,456,10,41674,103,0.10773920449950616
rtx,elliptic,current,louvain,20261003,123,40,1211,112,0.6684579557254151
rtx,elliptic,current,louvain,20261003,123,41,1132,116,0.7346547686596002
rtx,elliptic,current,louvain,20261003,123,42,2154,239,0.8608241587001497
rtx,elliptic,current,louvain,20261003,123,43,1370,24,0.038821370889211455
rtx,elliptic,current,louvain,20261003,123,44,1591,24,0.02026488504336926
rtx,elliptic,current,louvain,20261003,123,45,1221,5,0.013820975866824497
rtx,elliptic,current,louvain,20261003,123,46,712,2,0.015517241379310345
rtx,elliptic,current,louvain,20261003,123,47,846,22,0.036301229492498116
rtx,elliptic,current,louvain,20261003,123,48,471,36,0.16257994444712118
rtx,elliptic,current,louvain,20261003,123,49,476,56,0.21654274559117317
rtx,elliptic,fedavg,louvain,20261003,123,40,1211,112,0.661715954862106
rtx,elliptic,fedavg,louvain,20261003,123,41,1132,116,0.733127419467093
rtx,elliptic,fedavg,louvain,20261003,123,42,2154,239,0.8509461808960201
rtx,elliptic,fedavg,louvain,20261003,123,43,1370,24,0.03863342701412872
rtx,elliptic,fedavg,louvain,20261003,123,44,1591,24,0.02131179895402927
rtx,elliptic,fedavg,louvain,20261003,123,45,1221,5,0.013781502286925337
rtx,elliptic,fedavg,louvain,20261003,123,46,712,2,0.014403717088280848
rtx,elliptic,fedavg,louvain,20261003,123,47,846,22,0.03504102694101682
rtx,elliptic,fedavg,louvain,20261003,123,48,471,36,0.15633638120053264
rtx,elliptic,fedavg,louvain,20261003,123,49,476,56,0.21291947399238006
rtx,elliptic,fedgcn,louvain,20261003,123,40,1211,112,0.44668896368424826
rtx,elliptic,fedgcn,louvain,20261003,123,41,1132,116,0.3255003957871663
rtx,elliptic,fedgcn,louvain,20261003,123,42,2154,239,0.6570056478099678
rtx,elliptic,fedgcn,louvain,20261003,123,43,1370,24,0.03176621415014654
rtx,elliptic,fedgcn,louvain,20261003,123,44,1591,24,0.07260707434044648
rtx,elliptic,fedgcn,louvain,20261003,123,45,1221,5,0.006344671756831001
rtx,elliptic,fedgcn,louvain,20261003,123,46,712,2,0.5035335689045937
rtx,elliptic,fedgcn,louvain,20261003,123,47,846,22,0.049360619025707694
rtx,elliptic,fedgcn,louvain,20261003,123,48,471,36,0.1352540103940643
rtx,elliptic,fedgcn,louvain,20261003,123,49,476,56,0.16938179917213822
rtx,elliptic,fedmlp,louvain,20261003,123,40,1211,112,0.7207703607696386
rtx,elliptic,fedmlp,louvain,20261003,123,41,1132,116,0.9454025461896411
rtx,elliptic,fedmlp,louvain,20261003,123,42,2154,239,0.8550071413707678
rtx,elliptic,fedmlp,louvain,20261003,123,43,1370,24,0.021638580457592996
rtx,elliptic,fedmlp,louvain,20261003,123,44,1591,24,0.019317665594861883
rtx,elliptic,fedmlp,louvain,20261003,123,45,1221,5,0.010364169279245588
rtx,elliptic,fedmlp,louvain,20261003,123,46,712,2,0.008574156354422942
rtx,elliptic,fedmlp,louvain,20261003,123,47,846,22,0.03189436165150458
rtx,elliptic,fedmlp,louvain,20261003,123,48,471,36,0.09194902496361353
rtx,elliptic,fedmlp,louvain,20261003,123,49,476,56,0.12169279225408006
rtx,elliptic,fresh,louvain,20261003,123,40,1211,112,0.6635059938292213
rtx,elliptic,fresh,louvain,20261003,123,41,1132,116,0.73107003820702
rtx,elliptic,fresh,louvain,20261003,123,42,2154,239,0.8616820065591854
rtx,elliptic,fresh,louvain,20261003,123,43,1370,24,0.03978075544989704
rtx,elliptic,fresh,louvain,20261003,123,44,1591,24,0.01952243994934949
rtx,elliptic,fresh,louvain,20261003,123,45,1221,5,0.012110795783238823
rtx,elliptic,fresh,louvain,20261003,123,46,712,2,0.013747165532879819
rtx,elliptic,fresh,louvain,20261003,123,47,846,22,0.0348795074588401
rtx,elliptic,fresh,louvain,20261003,123,48,471,36,0.15562590275365606
rtx,elliptic,fresh,louvain,20261003,123,49,476,56,0.20868906710165097
rtx,elliptic,local,louvain,20261003,123,40,1211,112,0.592270298570292
rtx,elliptic,local,louvain,20261003,123,41,1132,116,0.6655134517100122
rtx,elliptic,local,louvain,20261003,123,42,2154,239,0.8410380643012104
rtx,elliptic,local,louvain,20261003,123,43,1370,24,0.02859508476801235
rtx,elliptic,local,louvain,20261003,123,44,1591,24,0.017223174875340256
rtx,elliptic,local,louvain,20261003,123,45,1221,5,0.010349167691727511
rtx,elliptic,local,louvain,20261003,123,46,712,2,0.010011370939832898
rtx,elliptic,local,louvain,20261003,123,47,846,22,0.032648419791278326
rtx,elliptic,local,louvain,20261003,123,48,471,36,0.13834281147971522
rtx,elliptic,local,louvain,20261003,123,49,476,56,0.23763655749138418
rtx,elliptic,oracle,louvain,20261003,123,40,1211,112,0.6624112269149222
rtx,elliptic,oracle,louvain,20261003,123,41,1132,116,0.7477276868363117
rtx,elliptic,oracle,louvain,20261003,123,42,2154,239,0.8526009482374504
rtx,elliptic,oracle,louvain,20261003,123,43,1370,24,0.03365011431062389
rtx,elliptic,oracle,louvain,20261003,123,44,1591,24,0.022387055390580834
rtx,elliptic,oracle,louvain,20261003,123,45,1221,5,0.013231399665371554
rtx,elliptic,oracle,louvain,20261003,123,46,712,2,0.016009221311475412
rtx,elliptic,oracle,louvain,20261003,123,47,846,22,0.03627339214219121
rtx,elliptic,oracle,louvain,20261003,123,48,471,36,0.16688023041463984
rtx,elliptic,oracle,louvain,20261003,123,49,476,56,0.22035609785038096
rtx,elliptic,shuffled,louvain,20261003,123,40,1211,112,0.6599573946757294
rtx,elliptic,shuffled,louvain,20261003,123,41,1132,116,0.707265666190351
rtx,elliptic,shuffled,louvain,20261003,123,42,2154,239,0.8572230224563856
rtx,elliptic,shuffled,louvain,20261003,123,43,1370,24,0.026942373089866134
rtx,elliptic,shuffled,louvain,20261003,123,44,1591,24,0.021574910267461823
rtx,elliptic,shuffled,louvain,20261003,123,45,1221,5,0.011655309856757282
rtx,elliptic,shuffled,louvain,20261003,123,46,712,2,0.0166459455725929
rtx,elliptic,shuffled,louvain,20261003,123,47,846,22,0.03776446420518847
rtx,elliptic,shuffled,louvain,20261003,123,48,471,36,0.16447087762432233
rtx,elliptic,shuffled,louvain,20261003,123,49,476,56,0.22003573671394916
rtx,elliptic,current,louvain,20261003,42,40,1211,112,0.6623769225404628
rtx,elliptic,current,louvain,20261003,42,41,1132,116,0.7502464623168227
rtx,elliptic,current,louvain,20261003,42,42,2154,239,0.8584806308773197
rtx,elliptic,current,louvain,20261003,42,43,1370,24,0.035976757930974844
rtx,elliptic,current,louvain,20261003,42,44,1591,24,0.021016211290662206
rtx,elliptic,current,louvain,20261003,42,45,1221,5,0.011978490272472423
rtx,elliptic,current,louvain,20261003,42,46,712,2,0.011527473257590858
rtx,elliptic,current,louvain,20261003,42,47,846,22,0.034994736313692903
rtx,elliptic,current,louvain,20261003,42,48,471,36,0.15570084303929033
rtx,elliptic,current,louvain,20261003,42,49,476,56,0.21150313560921147
rtx,elliptic,fedavg,louvain,20261003,42,40,1211,112,0.6796037156754042
rtx,elliptic,fedavg,louvain,20261003,42,41,1132,116,0.757123269556266
rtx,elliptic,fedavg,louvain,20261003,42,42,2154,239,0.849970539040164
rtx,elliptic,fedavg,louvain,20261003,42,43,1370,24,0.029677464858102104
rtx,elliptic,fedavg,louvain,20261003,42,44,1591,24,0.022911522653842612
rtx,elliptic,fedavg,louvain,20261003,42,45,1221,5,0.012810870432680893
rtx,elliptic,fedavg,louvain,20261003,42,46,712,2,0.013419216317767043
rtx,elliptic,fedavg,louvain,20261003,42,47,846,22,0.03482235952498528
rtx,elliptic,fedavg,louvain,20261003,42,48,471,36,0.16427604235474944
rtx,elliptic,fedavg,louvain,20261003,42,49,476,56,0.22029493206044132
rtx,elliptic,fedgcn,louvain,20261003,42,40,1211,112,0.45912438955066415
rtx,elliptic,fedgcn,louvain,20261003,42,41,1132,116,0.3602472043084267
rtx,elliptic,fedgcn,louvain,20261003,42,42,2154,239,0.6690763426231408
rtx,elliptic,fedgcn,louvain,20261003,42,43,1370,24,0.024591953974781422
rtx,elliptic,fedgcn,louvain,20261003,42,44,1591,24,0.05156614977156725
rtx,elliptic,fedgcn,louvain,20261003,42,45,1221,5,0.006519568578143088
rtx,elliptic,fedgcn,louvain,20261003,42,46,712,2,0.06875
rtx,elliptic,fedgcn,louvain,20261003,42,47,846,22,0.049518758133720836
rtx,elliptic,fedgcn,louvain,20261003,42,48,471,36,0.14881883068031648
rtx,elliptic,fedgcn,louvain,20261003,42,49,476,56,0.1757323144692977
rtx,elliptic,fedmlp,louvain,20261003,42,40,1211,112,0.734199006557674
rtx,elliptic,fedmlp,louvain,20261003,42,41,1132,116,0.9476589893968304
rtx,elliptic,fedmlp,louvain,20261003,42,42,2154,239,0.8579659249814655
rtx,elliptic,fedmlp,louvain,20261003,42,43,1370,24,0.027205672583524836
rtx,elliptic,fedmlp,louvain,20261003,42,44,1591,24,0.02069952932460249
rtx,elliptic,fedmlp,louvain,20261003,42,45,1221,5,0.011844832928231597
rtx,elliptic,fedmlp,louvain,20261003,42,46,712,2,0.008407877401012412
rtx,elliptic,fedmlp,louvain,20261003,42,47,846,22,0.03231652645936353
rtx,elliptic,fedmlp,louvain,20261003,42,48,471,36,0.1058230583605371
rtx,elliptic,fedmlp,louvain,20261003,42,49,476,56,0.1425448879708388
rtx,elliptic,fresh,louvain,20261003,42,40,1211,112,0.6805599952346846
rtx,elliptic,fresh,louvain,20261003,42,41,1132,116,0.750901800953638
rtx,elliptic,fresh,louvain,20261003,42,42,2154,239,0.8514357925543871
rtx,elliptic,fresh,louvain,20261003,42,43,1370,24,0.037667910585469075
rtx,elliptic,fresh,louvain,20261003,42,44,1591,24,0.02244415888744064
rtx,elliptic,fresh,louvain,20261003,42,45,1221,5,0.013171549947603032
rtx,elliptic,fresh,louvain,20261003,42,46,712,2,0.013947469325153374
rtx,elliptic,fresh,louvain,20261003,42,47,846,22,0.03381164006235425
rtx,elliptic,fresh,louvain,20261003,42,48,471,36,0.15981464614177882
rtx,elliptic,fresh,louvain,20261003,42,49,476,56,0.21813114295984828
rtx,elliptic,local,louvain,20261003,42,40,1211,112,0.5479468606074388
rtx,elliptic,local,louvain,20261003,42,41,1132,116,0.6099062579478792
rtx,elliptic,local,louvain,20261003,42,42,2154,239,0.8211380513483915
rtx,elliptic,local,louvain,20261003,42,43,1370,24,0.029510195336926903
rtx,elliptic,local,louvain,20261003,42,44,1591,24,0.019695945177826697
rtx,elliptic,local,louvain,20261003,42,45,1221,5,0.014113181254782938
rtx,elliptic,local,louvain,20261003,42,46,712,2,0.0095967964650649
rtx,elliptic,local,louvain,20261003,42,47,846,22,0.03330125754228772
rtx,elliptic,local,louvain,20261003,42,48,471,36,0.14029327729125024
rtx,elliptic,local,louvain,20261003,42,49,476,56,0.2595590648862244
rtx,elliptic,oracle,louvain,20261003,42,40,1211,112,0.6814749876409053
rtx,elliptic,oracle,louvain,20261003,42,41,1132,116,0.7540918401905174
rtx,elliptic,oracle,louvain,20261003,42,42,2154,239,0.8498091730514568
rtx,elliptic,oracle,louvain,20261003,42,43,1370,24,0.03428779364397221
rtx,elliptic,oracle,louvain,20261003,42,44,1591,24,0.024136415528607947
rtx,elliptic,oracle,louvain,20261003,42,45,1221,5,0.014316486347638897
rtx,elliptic,oracle,louvain,20261003,42,46,712,2,0.013487910501623963
rtx,elliptic,oracle,louvain,20261003,42,47,846,22,0.03539608992538948
rtx,elliptic,oracle,louvain,20261003,42,48,471,36,0.171932946185487
rtx,elliptic,oracle,louvain,20261003,42,49,476,56,0.22418408028096273
rtx,elliptic,shuffled,louvain,20261003,42,40,1211,112,0.6805220938668249
rtx,elliptic,shuffled,louvain,20261003,42,41,1132,116,0.748575396900273
rtx,elliptic,shuffled,louvain,20261003,42,42,2154,239,0.8503652166571671
rtx,elliptic,shuffled,louvain,20261003,42,43,1370,24,0.03585988082538581
rtx,elliptic,shuffled,louvain,20261003,42,44,1591,24,0.022422605351469883
rtx,elliptic,shuffled,louvain,20261003,42,45,1221,5,0.014909261165811163
rtx,elliptic,shuffled,louvain,20261003,42,46,712,2,0.016662394257882594
rtx,elliptic,shuffled,louvain,20261003,42,47,846,22,0.034805192190446026
rtx,elliptic,shuffled,louvain,20261003,42,48,471,36,0.15932945413438965
rtx,elliptic,shuffled,louvain,20261003,42,49,476,56,0.21590157123427542
rtx,elliptic,current,louvain,20261003,456,40,1211,112,0.676810430246926
rtx,elliptic,current,louvain,20261003,456,41,1132,116,0.8128400977495605
rtx,elliptic,current,louvain,20261003,456,42,2154,239,0.8583042660318535
rtx,elliptic,current,louvain,20261003,456,43,1370,24,0.029041008776041388
rtx,elliptic,current,louvain,20261003,456,44,1591,24,0.020751735409341665
rtx,elliptic,current,louvain,20261003,456,45,1221,5,0.01033533493288102
rtx,elliptic,current,louvain,20261003,456,46,712,2,0.017395054629097184
rtx,elliptic,current,louvain,20261003,456,47,846,22,0.04099805145564528
rtx,elliptic,current,louvain,20261003,456,48,471,36,0.15741872388097655
rtx,elliptic,current,louvain,20261003,456,49,476,56,0.19548071194534938
rtx,elliptic,fedavg,louvain,20261003,456,40,1211,112,0.6850335398940838
rtx,elliptic,fedavg,louvain,20261003,456,41,1132,116,0.8417889945212434
rtx,elliptic,fedavg,louvain,20261003,456,42,2154,239,0.8499760871202732
rtx,elliptic,fedavg,louvain,20261003,456,43,1370,24,0.024864923028217256
rtx,elliptic,fedavg,louvain,20261003,456,44,1591,24,0.021788271356190218
rtx,elliptic,fedavg,louvain,20261003,456,45,1221,5,0.011108496369218086
rtx,elliptic,fedavg,louvain,20261003,456,46,712,2,0.018754076973255054
rtx,elliptic,fedavg,louvain,20261003,456,47,846,22,0.03697069020699897
rtx,elliptic,fedavg,louvain,20261003,456,48,471,36,0.16729741023785738
rtx,elliptic,fedavg,louvain,20261003,456,49,476,56,0.21514252708210208
rtx,elliptic,fedgcn,louvain,20261003,456,40,1211,112,0.5013545173011136
rtx,elliptic,fedgcn,louvain,20261003,456,41,1132,116,0.38588657046031577
rtx,elliptic,fedgcn,louvain,20261003,456,42,2154,239,0.6551733361409576
rtx,elliptic,fedgcn,louvain,20261003,456,43,1370,24,0.02755890710481948
rtx,elliptic,fedgcn,louvain,20261003,456,44,1591,24,0.07283096137229997
rtx,elliptic,fedgcn,louvain,20261003,456,45,1221,5,0.006288017719995679
rtx,elliptic,fedgcn,louvain,20261003,456,46,712,2,0.028833333333333332
rtx,elliptic,fedgcn,louvain,20261003,456,47,846,22,0.048914335714680644
rtx,elliptic,fedgcn,louvain,20261003,456,48,471,36,0.15100438936646007
rtx,elliptic,fedgcn,louvain,20261003,456,49,476,56,0.1742183218611579
rtx,elliptic,fedmlp,louvain,20261003,456,40,1211,112,0.7348872427792517
rtx,elliptic,fedmlp,louvain,20261003,456,41,1132,116,0.9392187590649622
rtx,elliptic,fedmlp,louvain,20261003,456,42,2154,239,0.8426435257274253
rtx,elliptic,fedmlp,louvain,20261003,456,43,1370,24,0.01933734762128998
rtx,elliptic,fedmlp,louvain,20261003,456,44,1591,24,0.022363850348378844
rtx,elliptic,fedmlp,louvain,20261003,456,45,1221,5,0.011446370069473938
rtx,elliptic,fedmlp,louvain,20261003,456,46,712,2,0.011875
rtx,elliptic,fedmlp,louvain,20261003,456,47,846,22,0.03119651580007634
rtx,elliptic,fedmlp,louvain,20261003,456,48,471,36,0.10721232381827427
rtx,elliptic,fedmlp,louvain,20261003,456,49,476,56,0.15913212405767405
rtx,elliptic,fresh,louvain,20261003,456,40,1211,112,0.6858129698220561
rtx,elliptic,fresh,louvain,20261003,456,41,1132,116,0.7965659963944101
rtx,elliptic,fresh,louvain,20261003,456,42,2154,239,0.8582181533885571
rtx,elliptic,fresh,louvain,20261003,456,43,1370,24,0.029482052777490664
rtx,elliptic,fresh,louvain,20261003,456,44,1591,24,0.021549906070471442
rtx,elliptic,fresh,louvain,20261003,456,45,1221,5,0.011088500243010143
rtx,elliptic,fresh,louvain,20261003,456,46,712,2,0.017245989304812834
rtx,elliptic,fresh,louvain,20261003,456,47,846,22,0.03762725920120285
rtx,elliptic,fresh,louvain,20261003,456,48,471,36,0.15950324552207995
rtx,elliptic,fresh,louvain,20261003,456,49,476,56,0.20452594299246643
rtx,elliptic,local,louvain,20261003,456,40,1211,112,0.599360992038828
rtx,elliptic,local,louvain,20261003,456,41,1132,116,0.6727471399123921
rtx,elliptic,local,louvain,20261003,456,42,2154,239,0.8208490984562679
rtx,elliptic,local,louvain,20261003,456,43,1370,24,0.024275371532539763
rtx,elliptic,local,louvain,20261003,456,44,1591,24,0.022482425331798856
rtx,elliptic,local,louvain,20261003,456,45,1221,5,0.010714943065316515
rtx,elliptic,local,louvain,20261003,456,46,712,2,0.011365103964871497
rtx,elliptic,local,louvain,20261003,456,47,846,22,0.044137984559127146
rtx,elliptic,local,louvain,20261003,456,48,471,36,0.1633986773541926
rtx,elliptic,local,louvain,20261003,456,49,476,56,0.22896656757735936
rtx,elliptic,oracle,louvain,20261003,456,40,1211,112,0.6805014437824713
rtx,elliptic,oracle,louvain,20261003,456,41,1132,116,0.8183852401231403
rtx,elliptic,oracle,louvain,20261003,456,42,2154,239,0.8540413098477181
rtx,elliptic,oracle,louvain,20261003,456,43,1370,24,0.027891213547501226
rtx,elliptic,oracle,louvain,20261003,456,44,1591,24,0.021753810718713976
rtx,elliptic,oracle,louvain,20261003,456,45,1221,5,0.010058620757200199
rtx,elliptic,oracle,louvain,20261003,456,46,712,2,0.01752136752136752
rtx,elliptic,oracle,louvain,20261003,456,47,846,22,0.0414356260068419
rtx,elliptic,oracle,louvain,20261003,456,48,471,36,0.1611103032160472
rtx,elliptic,oracle,louvain,20261003,456,49,476,56,0.1998376171521823
rtx,elliptic,shuffled,louvain,20261003,456,40,1211,112,0.6885461228405892
rtx,elliptic,shuffled,louvain,20261003,456,41,1132,116,0.795604816140788
rtx,elliptic,shuffled,louvain,20261003,456,42,2154,239,0.8586614459026863
rtx,elliptic,shuffled,louvain,20261003,456,43,1370,24,0.02591840681749936
rtx,elliptic,shuffled,louvain,20261003,456,44,1591,24,0.022795026077423872
rtx,elliptic,shuffled,louvain,20261003,456,45,1221,5,0.010557023106978057
rtx,elliptic,shuffled,louvain,20261003,456,46,712,2,0.017733627667402503
rtx,elliptic,shuffled,louvain,20261003,456,47,846,22,0.03743921094925084
rtx,elliptic,shuffled,louvain,20261003,456,48,471,36,0.16919188826296575
rtx,elliptic,shuffled,louvain,20261003,456,49,476,56,0.21808490749555537
rtx,elliptic,current,louvain,20261004,123,40,1211,112,0.6574618895220972
rtx,elliptic,current,louvain,20261004,123,41,1132,116,0.7145354593548165
rtx,elliptic,current,louvain,20261004,123,42,2154,239,0.8459136076910404
rtx,elliptic,current,louvain,20261004,123,43,1370,24,0.026864063015495997
rtx,elliptic,current,louvain,20261004,123,44,1591,24,0.020454299091838057
rtx,elliptic,current,louvain,20261004,123,45,1221,5,0.010376020670845303
rtx,elliptic,current,louvain,20261004,123,46,712,2,0.017680551393467185
rtx,elliptic,current,louvain,20261004,123,47,846,22,0.038374531899582384
rtx,elliptic,current,louvain,20261004,123,48,471,36,0.16173693608619302
rtx,elliptic,current,louvain,20261004,123,49,476,56,0.21590883453035503
rtx,elliptic,fedavg,louvain,20261004,123,40,1211,112,0.6783834783072515
rtx,elliptic,fedavg,louvain,20261004,123,41,1132,116,0.7542241173371736
rtx,elliptic,fedavg,louvain,20261004,123,42,2154,239,0.8522877357230032
rtx,elliptic,fedavg,louvain,20261004,123,43,1370,24,0.026825356212625343
rtx,elliptic,fedavg,louvain,20261004,123,44,1591,24,0.020070906784274003
rtx,elliptic,fedavg,louvain,20261004,123,45,1221,5,0.010926525956442801
rtx,elliptic,fedavg,louvain,20261004,123,46,712,2,0.01923765211166786
rtx,elliptic,fedavg,louvain,20261004,123,47,846,22,0.037956348060165526
rtx,elliptic,fedavg,louvain,20261004,123,48,471,36,0.15833052603274794
rtx,elliptic,fedavg,louvain,20261004,123,49,476,56,0.21459193078112518
rtx,elliptic,fedgcn,louvain,20261004,123,40,1211,112,0.4672598898487149
rtx,elliptic,fedgcn,louvain,20261004,123,41,1132,116,0.30841838277203554
rtx,elliptic,fedgcn,louvain,20261004,123,42,2154,239,0.6552593281797949
rtx,elliptic,fedgcn,louvain,20261004,123,43,1370,24,0.03260251863610463
rtx,elliptic,fedgcn,louvain,20261004,123,44,1591,24,0.0769192898611572
rtx,elliptic,fedgcn,louvain,20261004,123,45,1221,5,0.006100749013789063
rtx,elliptic,fedgcn,louvain,20261004,123,46,712,2,0.0667016806722689
rtx,elliptic,fedgcn,louvain,20261004,123,47,846,22,0.048918878547750407
rtx,elliptic,fedgcn,louvain,20261004,123,48,471,36,0.13838120239273877
rtx,elliptic,fedgcn,louvain,20261004,123,49,476,56,0.1657728825173845
rtx,elliptic,fedmlp,louvain,20261004,123,40,1211,112,0.7387925778544766
rtx,elliptic,fedmlp,louvain,20261004,123,41,1132,116,0.947763076675079
rtx,elliptic,fedmlp,louvain,20261004,123,42,2154,239,0.8675460678140864
rtx,elliptic,fedmlp,louvain,20261004,123,43,1370,24,0.01788101618485774
rtx,elliptic,fedmlp,louvain,20261004,123,44,1591,24,0.023478342176257026
rtx,elliptic,fedmlp,louvain,20261004,123,45,1221,5,0.011532643586046217
rtx,elliptic,fedmlp,louvain,20261004,123,46,712,2,0.011343204653622423
rtx,elliptic,fedmlp,louvain,20261004,123,47,846,22,0.030967418420892588
rtx,elliptic,fedmlp,louvain,20261004,123,48,471,36,0.10314765675664078
rtx,elliptic,fedmlp,louvain,20261004,123,49,476,56,0.15765193720114143
rtx,elliptic,fresh,louvain,20261004,123,40,1211,112,0.678364475098404
rtx,elliptic,fresh,louvain,20261004,123,41,1132,116,0.7995939957669321
rtx,elliptic,fresh,louvain,20261004,123,42,2154,239,0.8519236900991243
rtx,elliptic,fresh,louvain,20261004,123,43,1370,24,0.027726423177410617
rtx,elliptic,fresh,louvain,20261004,123,44,1591,24,0.019514219545156895
rtx,elliptic,fresh,louvain,20261004,123,45,1221,5,0.011577721829614177
rtx,elliptic,fresh,louvain,20261004,123,46,712,2,0.01721938775510204
rtx,elliptic,fresh,louvain,20261004,123,47,846,22,0.03723159405055812
rtx,elliptic,fresh,louvain,20261004,123,48,471,36,0.1645260391173599
rtx,elliptic,fresh,louvain,20261004,123,49,476,56,0.22248281247749696
rtx,elliptic,local,louvain,20261004,123,40,1211,112,0.6098837360164323
rtx,elliptic,local,louvain,20261004,123,41,1132,116,0.719505205182879
rtx,elliptic,local,louvain,20261004,123,42,2154,239,0.8199706069256019
rtx,elliptic,local,louvain,20261004,123,43,1370,24,0.02546770919712668
rtx,elliptic,local,louvain,20261004,123,44,1591,24,0.022775073363281894
rtx,elliptic,local,louvain,20261004,123,45,1221,5,0.013359197175373646
rtx,elliptic,local,louvain,20261004,123,46,712,2,0.015656565656565657
rtx,elliptic,local,louvain,20261004,123,47,846,22,0.04042687876833996
rtx,elliptic,local,louvain,20261004,123,48,471,36,0.15125039524705364
rtx,elliptic,local,louvain,20261004,123,49,476,56,0.19501127217812378
rtx,elliptic,oracle,louvain,20261004,123,40,1211,112,0.6773768998473754
rtx,elliptic,oracle,louvain,20261004,123,41,1132,116,0.7838525369600501
rtx,elliptic,oracle,louvain,20261004,123,42,2154,239,0.8553393260475304
rtx,elliptic,oracle,louvain,20261004,123,43,1370,24,0.0359728241759397
rtx,elliptic,oracle,louvain,20261004,123,44,1591,24,0.018554388632767694
rtx,elliptic,oracle,louvain,20261004,123,45,1221,5,0.011385844178685356
rtx,elliptic,oracle,louvain,20261004,123,46,712,2,0.0148380355276907
rtx,elliptic,oracle,louvain,20261004,123,47,846,22,0.03502006746481914
rtx,elliptic,oracle,louvain,20261004,123,48,471,36,0.15973764436113344
rtx,elliptic,oracle,louvain,20261004,123,49,476,56,0.2079436982385498
rtx,elliptic,shuffled,louvain,20261004,123,40,1211,112,0.6685218398207974
rtx,elliptic,shuffled,louvain,20261004,123,41,1132,116,0.7174634619603292
rtx,elliptic,shuffled,louvain,20261004,123,42,2154,239,0.8505075197699544
rtx,elliptic,shuffled,louvain,20261004,123,43,1370,24,0.026143859055994884
rtx,elliptic,shuffled,louvain,20261004,123,44,1591,24,0.021532766148149307
rtx,elliptic,shuffled,louvain,20261004,123,45,1221,5,0.010576307366306544
rtx,elliptic,shuffled,louvain,20261004,123,46,712,2,0.019091673675357444
rtx,elliptic,shuffled,louvain,20261004,123,47,846,22,0.03763666646513563
rtx,elliptic,shuffled,louvain,20261004,123,48,471,36,0.1633981931510399
rtx,elliptic,shuffled,louvain,20261004,123,49,476,56,0.22246956994012396
rtx,elliptic,current,louvain,20261004,42,40,1211,112,0.6775710546807758
rtx,elliptic,current,louvain,20261004,42,41,1132,116,0.7944448099909739
rtx,elliptic,current,louvain,20261004,42,42,2154,239,0.8454681273015408
rtx,elliptic,current,louvain,20261004,42,43,1370,24,0.03331957174850034
rtx,elliptic,current,louvain,20261004,42,44,1591,24,0.01882589407561278
rtx,elliptic,current,louvain,20261004,42,45,1221,5,0.011648544779088065
rtx,elliptic,current,louvain,20261004,42,46,712,2,0.014047619047619048
rtx,elliptic,current,louvain,20261004,42,47,846,22,0.03673152024258228
rtx,elliptic,current,louvain,20261004,42,48,471,36,0.15978312741279999
rtx,elliptic,current,louvain,20261004,42,49,476,56,0.21345854465805153
rtx,elliptic,fedavg,louvain,20261004,42,40,1211,112,0.6646619522076408
rtx,elliptic,fedavg,louvain,20261004,42,41,1132,116,0.762364492358382
rtx,elliptic,fedavg,louvain,20261004,42,42,2154,239,0.8547274971707043
rtx,elliptic,fedavg,louvain,20261004,42,43,1370,24,0.02839458441664437
rtx,elliptic,fedavg,louvain,20261004,42,44,1591,24,0.02227221606829384
rtx,elliptic,fedavg,louvain,20261004,42,45,1221,5,0.010554261154334577
rtx,elliptic,fedavg,louvain,20261004,42,46,712,2,0.0130420054200542
rtx,elliptic,fedavg,louvain,20261004,42,47,846,22,0.0359806600311274
rtx,elliptic,fedavg,louvain,20261004,42,48,471,36,0.15293138037270634
rtx,elliptic,fedavg,louvain,20261004,42,49,476,56,0.20415097821841596
rtx,elliptic,fedgcn,louvain,20261004,42,40,1211,112,0.4512948667720387
rtx,elliptic,fedgcn,louvain,20261004,42,41,1132,116,0.3527785363522817
rtx,elliptic,fedgcn,louvain,20261004,42,42,2154,239,0.672030862904699
rtx,elliptic,fedgcn,louvain,20261004,42,43,1370,24,0.025169680936989448
rtx,elliptic,fedgcn,louvain,20261004,42,44,1591,24,0.05148920326217596
rtx,elliptic,fedgcn,louvain,20261004,42,45,1221,5,0.006465534801076195
rtx,elliptic,fedgcn,louvain,20261004,42,46,712,2,0.0775635407537248
rtx,elliptic,fedgcn,louvain,20261004,42,47,846,22,0.0516341050833588
rtx,elliptic,fedgcn,louvain,20261004,42,48,471,36,0.15087231230473894
rtx,elliptic,fedgcn,louvain,20261004,42,49,476,56,0.16831770664087659
rtx,elliptic,fedmlp,louvain,20261004,42,40,1211,112,0.7343679571396293
rtx,elliptic,fedmlp,louvain,20261004,42,41,1132,116,0.9463263038113631
rtx,elliptic,fedmlp,louvain,20261004,42,42,2154,239,0.8601635188272542
rtx,elliptic,fedmlp,louvain,20261004,42,43,1370,24,0.021897548486287447
rtx,elliptic,fedmlp,louvain,20261004,42,44,1591,24,0.02150303509475651
rtx,elliptic,fedmlp,louvain,20261004,42,45,1221,5,0.013529767767501588
rtx,elliptic,fedmlp,louvain,20261004,42,46,712,2,0.009134134134134133
rtx,elliptic,fedmlp,louvain,20261004,42,47,846,22,0.03207204504115785
rtx,elliptic,fedmlp,louvain,20261004,42,48,471,36,0.10770659748226345
rtx,elliptic,fedmlp,louvain,20261004,42,49,476,56,0.13751962043880356
rtx,elliptic,fresh,louvain,20261004,42,40,1211,112,0.6656062839740261
rtx,elliptic,fresh,louvain,20261004,42,41,1132,116,0.7641989791495537
rtx,elliptic,fresh,louvain,20261004,42,42,2154,239,0.853153921279538
rtx,elliptic,fresh,louvain,20261004,42,43,1370,24,0.03122236552436078
rtx,elliptic,fresh,louvain,20261004,42,44,1591,24,0.02192756795497712
rtx,elliptic,fresh,louvain,20261004,42,45,1221,5,0.01063109382046948
rtx,elliptic,fresh,louvain,20261004,42,46,712,2,0.014906899149714777
rtx,elliptic,fresh,louvain,20261004,42,47,846,22,0.03521135079788111
rtx,elliptic,fresh,louvain,20261004,42,48,471,36,0.15474105360731152
rtx,elliptic,fresh,louvain,20261004,42,49,476,56,0.21188329323169786
rtx,elliptic,local,louvain,20261004,42,40,1211,112,0.5910492269993294
rtx,elliptic,local,louvain,20261004,42,41,1132,116,0.6921713193612755
rtx,elliptic,local,louvain,20261004,42,42,2154,239,0.8398836571422966
rtx,elliptic,local,louvain,20261004,42,43,1370,24,0.027257798312486373
rtx,elliptic,local,louvain,20261004,42,44,1591,24,0.01831713609765319
rtx,elliptic,local,louvain,20261004,42,45,1221,5,0.012967042859411304
rtx,elliptic,local,louvain,20261004,42,46,712,2,0.010870849580527
rtx,elliptic,local,louvain,20261004,42,47,846,22,0.038671667056881014
rtx,elliptic,local,louvain,20261004,42,48,471,36,0.15219208014916807
rtx,elliptic,local,louvain,20261004,42,49,476,56,0.2146958959565559
rtx,elliptic,oracle,louvain,20261004,42,40,1211,112,0.699932547484166
rtx,elliptic,oracle,louvain,20261004,42,41,1132,116,0.8524382560316709
rtx,elliptic,oracle,louvain,20261004,42,42,2154,239,0.8441087530733269
rtx,elliptic,oracle,louvain,20261004,42,43,1370,24,0.02931196675254516
rtx,elliptic,oracle,louvain,20261004,42,44,1591,24,0.021642638317582934
rtx,elliptic,oracle,louvain,20261004,42,45,1221,5,0.012038187965177681
rtx,elliptic,oracle,louvain,20261004,42,46,712,2,0.018668152688771245
rtx,elliptic,oracle,louvain,20261004,42,47,846,22,0.034666685588228045
rtx,elliptic,oracle,louvain,20261004,42,48,471,36,0.16516629631035096
rtx,elliptic,oracle,louvain,20261004,42,49,476,56,0.22599823537991653
rtx,elliptic,shuffled,louvain,20261004,42,40,1211,112,0.6859167122390614
rtx,elliptic,shuffled,louvain,20261004,42,41,1132,116,0.8198568958062787
rtx,elliptic,shuffled,louvain,20261004,42,42,2154,239,0.8450356374079743
rtx,elliptic,shuffled,louvain,20261004,42,43,1370,24,0.02738863176478684
rtx,elliptic,shuffled,louvain,20261004,42,44,1591,24,0.01882973487334705
rtx,elliptic,shuffled,louvain,20261004,42,45,1221,5,0.01176174890233952
rtx,elliptic,shuffled,louvain,20261004,42,46,712,2,0.01443089430894309
rtx,elliptic,shuffled,louvain,20261004,42,47,846,22,0.03594912836379978
rtx,elliptic,shuffled,louvain,20261004,42,48,471,36,0.1560588847926923
rtx,elliptic,shuffled,louvain,20261004,42,49,476,56,0.214557438089541
rtx,elliptic,current,louvain,20261004,456,40,1211,112,0.6903676871688705
rtx,elliptic,current,louvain,20261004,456,41,1132,116,0.7841395813010831
rtx,elliptic,current,louvain,20261004,456,42,2154,239,0.8378006758710733
rtx,elliptic,current,louvain,20261004,456,43,1370,24,0.023746087163589332
rtx,elliptic,current,louvain,20261004,456,44,1591,24,0.025697831553177012
rtx,elliptic,current,louvain,20261004,456,45,1221,5,0.009961658318235079
rtx,elliptic,current,louvain,20261004,456,46,712,2,0.02168560606060606
rtx,elliptic,current,louvain,20261004,456,47,846,22,0.0379553685231426
rtx,elliptic,current,louvain,20261004,456,48,471,36,0.16970659846235941
rtx,elliptic,current,louvain,20261004,456,49,476,56,0.21587122087321656
rtx,elliptic,fedavg,louvain,20261004,456,40,1211,112,0.6848013568186458
rtx,elliptic,fedavg,louvain,20261004,456,41,1132,116,0.8230899935557997
rtx,elliptic,fedavg,louvain,20261004,456,42,2154,239,0.8482372502419736
rtx,elliptic,fedavg,louvain,20261004,456,43,1370,24,0.02618379909815283
rtx,elliptic,fedavg,louvain,20261004,456,44,1591,24,0.021050578935865413
rtx,elliptic,fedavg,louvain,20261004,456,45,1221,5,0.010412736837843934
rtx,elliptic,fedavg,louvain,20261004,456,46,712,2,0.018077601410934743
rtx,elliptic,fedavg,louvain,20261004,456,47,846,22,0.03844100157404233
rtx,elliptic,fedavg,louvain,20261004,456,48,471,36,0.1643837365602219
rtx,elliptic,fedavg,louvain,20261004,456,49,476,56,0.2126434804648039
rtx,elliptic,fedgcn,louvain,20261004,456,40,1211,112,0.49069450523329794
rtx,elliptic,fedgcn,louvain,20261004,456,41,1132,116,0.3562079931764372
rtx,elliptic,fedgcn,louvain,20261004,456,42,2154,239,0.6530538150038928
rtx,elliptic,fedgcn,louvain,20261004,456,43,1370,24,0.02887271414778159
rtx,elliptic,fedgcn,louvain,20261004,456,44,1591,24,0.07722626065998534
rtx,elliptic,fedgcn,louvain,20261004,456,45,1221,5,0.006226916476862459
rtx,elliptic,fedgcn,louvain,20261004,456,46,712,2,0.01759259259259259
rtx,elliptic,fedgcn,louvain,20261004,456,47,846,22,0.051636891900986887
rtx,elliptic,fedgcn,louvain,20261004,456,48,471,36,0.1566660638856797
rtx,elliptic,fedgcn,louvain,20261004,456,49,476,56,0.17057215164501302
rtx,elliptic,fedmlp,louvain,20261004,456,40,1211,112,0.7291083974742083
rtx,elliptic,fedmlp,louvain,20261004,456,41,1132,116,0.9342059073394738
rtx,elliptic,fedmlp,louvain,20261004,456,42,2154,239,0.8415419009333321
rtx,elliptic,fedmlp,louvain,20261004,456,43,1370,24,0.015298355447829842
rtx,elliptic,fedmlp,louvain,20261004,456,44,1591,24,0.02142535799715092
rtx,elliptic,fedmlp,louvain,20261004,456,45,1221,5,0.012490246033729124
rtx,elliptic,fedmlp,louvain,20261004,456,46,712,2,0.014653954802259887
rtx,elliptic,fedmlp,louvain,20261004,456,47,846,22,0.03129225810427743
rtx,elliptic,fedmlp,louvain,20261004,456,48,471,36,0.10443298878174663
rtx,elliptic,fedmlp,louvain,20261004,456,49,476,56,0.16064126731910472
rtx,elliptic,fresh,louvain,20261004,456,40,1211,112,0.688182671462504
rtx,elliptic,fresh,louvain,20261004,456,41,1132,116,0.8187629701025194
rtx,elliptic,fresh,louvain,20261004,456,42,2154,239,0.8442805808618867
rtx,elliptic,fresh,louvain,20261004,456,43,1370,24,0.028780681544201357
rtx,elliptic,fresh,louvain,20261004,456,44,1591,24,0.02112059332383114
rtx,elliptic,fresh,louvain,20261004,456,45,1221,5,0.011907321602809004
rtx,elliptic,fresh,louvain,20261004,456,46,712,2,0.017369242779078843
rtx,elliptic,fresh,louvain,20261004,456,47,846,22,0.038022122571307465
rtx,elliptic,fresh,louvain,20261004,456,48,471,36,0.16303451950443593
rtx,elliptic,fresh,louvain,20261004,456,49,476,56,0.21666029579475027
rtx,elliptic,local,louvain,20261004,456,40,1211,112,0.6207319852628901
rtx,elliptic,local,louvain,20261004,456,41,1132,116,0.7158781901976867
rtx,elliptic,local,louvain,20261004,456,42,2154,239,0.8360940106196836
rtx,elliptic,local,louvain,20261004,456,43,1370,24,0.027791324758240987
rtx,elliptic,local,louvain,20261004,456,44,1591,24,0.01742593089525488
rtx,elliptic,local,louvain,20261004,456,45,1221,5,0.008672407173673567
rtx,elliptic,local,louvain,20261004,456,46,712,2,0.015016872890888638
rtx,elliptic,local,louvain,20261004,456,47,846,22,0.05340691667804027
rtx,elliptic,local,louvain,20261004,456,48,471,36,0.15164578006456209
rtx,elliptic,local,louvain,20261004,456,49,476,56,0.17927738164998233
rtx,elliptic,oracle,louvain,20261004,456,40,1211,112,0.6993705613001773
rtx,elliptic,oracle,louvain,20261004,456,41,1132,116,0.8272894476820176
rtx,elliptic,oracle,louvain,20261004,456,42,2154,239,0.8401282937076878
rtx,elliptic,oracle,louvain,20261004,456,43,1370,24,0.02470177011633366
rtx,elliptic,oracle,louvain,20261004,456,44,1591,24,0.023853329580843397
rtx,elliptic,oracle,louvain,20261004,456,45,1221,5,0.010089516187502052
rtx,elliptic,oracle,louvain,20261004,456,46,712,2,0.02551152551152551
rtx,elliptic,oracle,louvain,20261004,456,47,846,22,0.03936315947243762
rtx,elliptic,oracle,louvain,20261004,456,48,471,36,0.17724245451793322
rtx,elliptic,oracle,louvain,20261004,456,49,476,56,0.215724872338181
rtx,elliptic,shuffled,louvain,20261004,456,40,1211,112,0.6948111319878458
rtx,elliptic,shuffled,louvain,20261004,456,41,1132,116,0.8179637075964185
rtx,elliptic,shuffled,louvain,20261004,456,42,2154,239,0.8510909270888071
rtx,elliptic,shuffled,louvain,20261004,456,43,1370,24,0.023367021153517516
rtx,elliptic,shuffled,louvain,20261004,456,44,1591,24,0.022369643900902823
rtx,elliptic,shuffled,louvain,20261004,456,45,1221,5,0.011382144549777257
rtx,elliptic,shuffled,louvain,20261004,456,46,712,2,0.020061728395061727
rtx,elliptic,shuffled,louvain,20261004,456,47,846,22,0.03883544343733414
rtx,elliptic,shuffled,louvain,20261004,456,48,471,36,0.1643788969925011
rtx,elliptic,shuffled,louvain,20261004,456,49,476,56,0.21319803934568865
rtx,elliptic,current,louvain,20261005,123,40,1211,112,0.6677859969516984
rtx,elliptic,current,louvain,20261005,123,41,1132,116,0.7135203143522995
rtx,elliptic,current,louvain,20261005,123,42,2154,239,0.8563598163270794
rtx,elliptic,current,louvain,20261005,123,43,1370,24,0.02364442056928373
rtx,elliptic,current,louvain,20261005,123,44,1591,24,0.021206349063020685
rtx,elliptic,current,louvain,20261005,123,45,1221,5,0.011093353517689438
rtx,elliptic,current,louvain,20261005,123,46,712,2,0.02321603128054741
rtx,elliptic,current,louvain,20261005,123,47,846,22,0.03326524373406767
rtx,elliptic,current,louvain,20261005,123,48,471,36,0.16361971267560338
rtx,elliptic,current,louvain,20261005,123,49,476,56,0.20994404823887422
rtx,elliptic,fedavg,louvain,20261005,123,40,1211,112,0.6621893365208085
rtx,elliptic,fedavg,louvain,20261005,123,41,1132,116,0.6626018700652372
rtx,elliptic,fedavg,louvain,20261005,123,42,2154,239,0.8524595199619254
rtx,elliptic,fedavg,louvain,20261005,123,43,1370,24,0.02434638827028102
rtx,elliptic,fedavg,louvain,20261005,123,44,1591,24,0.022071167196672927
rtx,elliptic,fedavg,louvain,20261005,123,45,1221,5,0.010787994335445642
rtx,elliptic,fedavg,louvain,20261005,123,46,712,2,0.024074074074074074
rtx,elliptic,fedavg,louvain,20261005,123,47,846,22,0.03266395934120218
rtx,elliptic,fedavg,louvain,20261005,123,48,471,36,0.1636849087023063
rtx,elliptic,fedavg,louvain,20261005,123,49,476,56,0.21412504989996514
rtx,elliptic,fedgcn,louvain,20261005,123,40,1211,112,0.4727948964039771
rtx,elliptic,fedgcn,louvain,20261005,123,41,1132,116,0.3070501651304427
rtx,elliptic,fedgcn,louvain,20261005,123,42,2154,239,0.656219536245961
rtx,elliptic,fedgcn,louvain,20261005,123,43,1370,24,0.032445803924670315
rtx,elliptic,fedgcn,louvain,20261005,123,44,1591,24,0.08396759243746192
rtx,elliptic,fedgcn,louvain,20261005,123,45,1221,5,0.006401594564583385
rtx,elliptic,fedgcn,louvain,20261005,123,46,712,2,0.25555555555555554
rtx,elliptic,fedgcn,louvain,20261005,123,47,846,22,0.05100474028054213
rtx,elliptic,fedgcn,louvain,20261005,123,48,471,36,0.1419646409857457
rtx,elliptic,fedgcn,louvain,20261005,123,49,476,56,0.17232485408697903
rtx,elliptic,fedmlp,louvain,20261005,123,40,1211,112,0.7241840736064838
rtx,elliptic,fedmlp,louvain,20261005,123,41,1132,116,0.9463201687467185
rtx,elliptic,fedmlp,louvain,20261005,123,42,2154,239,0.8568304347965574
rtx,elliptic,fedmlp,louvain,20261005,123,43,1370,24,0.019369973137642025
rtx,elliptic,fedmlp,louvain,20261005,123,44,1591,24,0.019901767147586402
rtx,elliptic,fedmlp,louvain,20261005,123,45,1221,5,0.010760720916455597
rtx,elliptic,fedmlp,louvain,20261005,123,46,712,2,0.010661916563403552
rtx,elliptic,fedmlp,louvain,20261005,123,47,846,22,0.029994549564763884
rtx,elliptic,fedmlp,louvain,20261005,123,48,471,36,0.09008942022315759
rtx,elliptic,fedmlp,louvain,20261005,123,49,476,56,0.11974911120403695
rtx,elliptic,fresh,louvain,20261005,123,40,1211,112,0.663253340305056
rtx,elliptic,fresh,louvain,20261005,123,41,1132,116,0.7457819176014233
rtx,elliptic,fresh,louvain,20261005,123,42,2154,239,0.8527441766129841
rtx,elliptic,fresh,louvain,20261005,123,43,1370,24,0.028691985818829698
rtx,elliptic,fresh,louvain,20261005,123,44,1591,24,0.019184107425117326
rtx,elliptic,fresh,louvain,20261005,123,45,1221,5,0.010597598689263608
rtx,elliptic,fresh,louvain,20261005,123,46,712,2,0.019302721088435375
rtx,elliptic,fresh,louvain,20261005,123,47,846,22,0.033893240002103385
rtx,elliptic,fresh,louvain,20261005,123,48,471,36,0.15891815036470133
rtx,elliptic,fresh,louvain,20261005,123,49,476,56,0.20818762189479784
rtx,elliptic,local,louvain,20261005,123,40,1211,112,0.5581910871960086
rtx,elliptic,local,louvain,20261005,123,41,1132,116,0.7203750679961539
rtx,elliptic,local,louvain,20261005,123,42,2154,239,0.8136910365433508
rtx,elliptic,local,louvain,20261005,123,43,1370,24,0.02444646942996942
rtx,elliptic,local,louvain,20261005,123,44,1591,24,0.020087560284199887
rtx,elliptic,local,louvain,20261005,123,45,1221,5,0.007964551341249971
rtx,elliptic,local,louvain,20261005,123,46,712,2,0.020503048780487806
rtx,elliptic,local,louvain,20261005,123,47,846,22,0.027112942722084622
rtx,elliptic,local,louvain,20261005,123,48,471,36,0.13382797405274596
rtx,elliptic,local,louvain,20261005,123,49,476,56,0.2048197907893782
rtx,elliptic,oracle,louvain,20261005,123,40,1211,112,0.6672622788114554
rtx,elliptic,oracle,louvain,20261005,123,41,1132,116,0.6825109717529768
rtx,elliptic,oracle,louvain,20261005,123,42,2154,239,0.8519129285903786
rtx,elliptic,oracle,louvain,20261005,123,43,1370,24,0.031043760611671856
rtx,elliptic,oracle,louvain,20261005,123,44,1591,24,0.021493090460642777
rtx,elliptic,oracle,louvain,20261005,123,45,1221,5,0.014772116669312874
rtx,elliptic,oracle,louvain,20261005,123,46,712,2,0.022955974842767297
rtx,elliptic,oracle,louvain,20261005,123,47,846,22,0.033539960352704255
rtx,elliptic,oracle,louvain,20261005,123,48,471,36,0.16524556472637977
rtx,elliptic,oracle,louvain,20261005,123,49,476,56,0.22090020894638518
rtx,elliptic,shuffled,louvain,20261005,123,40,1211,112,0.680076835819187
rtx,elliptic,shuffled,louvain,20261005,123,41,1132,116,0.7482534351400647
rtx,elliptic,shuffled,louvain,20261005,123,42,2154,239,0.8561417026233197
rtx,elliptic,shuffled,louvain,20261005,123,43,1370,24,0.029690394881529417
rtx,elliptic,shuffled,louvain,20261005,123,44,1591,24,0.020988007316324803
rtx,elliptic,shuffled,louvain,20261005,123,45,1221,5,0.011872531276257448
rtx,elliptic,shuffled,louvain,20261005,123,46,712,2,0.022203947368421052
rtx,elliptic,shuffled,louvain,20261005,123,47,846,22,0.033778610336412856
rtx,elliptic,shuffled,louvain,20261005,123,48,471,36,0.16400725970439226
rtx,elliptic,shuffled,louvain,20261005,123,49,476,56,0.21448909217948
rtx,elliptic,current,louvain,20261005,42,40,1211,112,0.67265693792289
rtx,elliptic,current,louvain,20261005,42,41,1132,116,0.7792920186693425
rtx,elliptic,current,louvain,20261005,42,42,2154,239,0.8529825330000143
rtx,elliptic,current,louvain,20261005,42,43,1370,24,0.03003955379924118
rtx,elliptic,current,louvain,20261005,42,44,1591,24,0.022598423721791373
rtx,elliptic,current,louvain,20261005,42,45,1221,5,0.012300943311427386
rtx,elliptic,current,louvain,20261005,42,46,712,2,0.01800232288037166
rtx,elliptic,current,louvain,20261005,42,47,846,22,0.03501948528436639
rtx,elliptic,current,louvain,20261005,42,48,471,36,0.15593636528427438
rtx,elliptic,current,louvain,20261005,42,49,476,56,0.2125301093911776
rtx,elliptic,fedavg,louvain,20261005,42,40,1211,112,0.6282026258691019
rtx,elliptic,fedavg,louvain,20261005,42,41,1132,116,0.7051921682055609
rtx,elliptic,fedavg,louvain,20261005,42,42,2154,239,0.8539735003920853
rtx,elliptic,fedavg,louvain,20261005,42,43,1370,24,0.029493180874782022
rtx,elliptic,fedavg,louvain,20261005,42,44,1591,24,0.02087159543852193
rtx,elliptic,fedavg,louvain,20261005,42,45,1221,5,0.00976326784406655
rtx,elliptic,fedavg,louvain,20261005,42,46,712,2,0.013784461152882205
rtx,elliptic,fedavg,louvain,20261005,42,47,846,22,0.03540811100829778
rtx,elliptic,fedavg,louvain,20261005,42,48,471,36,0.15159179592388558
rtx,elliptic,fedavg,louvain,20261005,42,49,476,56,0.20414160088663427
rtx,elliptic,fedgcn,louvain,20261005,42,40,1211,112,0.45826696940976686
rtx,elliptic,fedgcn,louvain,20261005,42,41,1132,116,0.3544225591476445
rtx,elliptic,fedgcn,louvain,20261005,42,42,2154,239,0.6688240509842479
rtx,elliptic,fedgcn,louvain,20261005,42,43,1370,24,0.025510120437298136
rtx,elliptic,fedgcn,louvain,20261005,42,44,1591,24,0.0725805694256606
rtx,elliptic,fedgcn,louvain,20261005,42,45,1221,5,0.0064274345985090246
rtx,elliptic,fedgcn,louvain,20261005,42,46,712,2,0.0627498001598721
rtx,elliptic,fedgcn,louvain,20261005,42,47,846,22,0.04941164855284525
rtx,elliptic,fedgcn,louvain,20261005,42,48,471,36,0.15210258061772913
rtx,elliptic,fedgcn,louvain,20261005,42,49,476,56,0.18252133348838345
rtx,elliptic,fedmlp,louvain,20261005,42,40,1211,112,0.7400589829434813
rtx,elliptic,fedmlp,louvain,20261005,42,41,1132,116,0.9476141494068591
rtx,elliptic,fedmlp,louvain,20261005,42,42,2154,239,0.8545342133893359
rtx,elliptic,fedmlp,louvain,20261005,42,43,1370,24,0.02311219762494726
rtx,elliptic,fedmlp,louvain,20261005,42,44,1591,24,0.020521689678765376
rtx,elliptic,fedmlp,louvain,20261005,42,45,1221,5,0.011351265994834844
rtx,elliptic,fedmlp,louvain,20261005,42,46,712,2,0.010396466278819221
rtx,elliptic,fedmlp,louvain,20261005,42,47,846,22,0.02971671349492179
rtx,elliptic,fedmlp,louvain,20261005,42,48,471,36,0.10415955382024461
rtx,elliptic,fedmlp,louvain,20261005,42,49,476,56,0.1379128151593443
rtx,elliptic,fresh,louvain,20261005,42,40,1211,112,0.6663221348072892
rtx,elliptic,fresh,louvain,20261005,42,41,1132,116,0.7496631336255392
rtx,elliptic,fresh,louvain,20261005,42,42,2154,239,0.8481037918878481
rtx,elliptic,fresh,louvain,20261005,42,43,1370,24,0.02900124047228383
rtx,elliptic,fresh,louvain,20261005,42,44,1591,24,0.020642056604124683
rtx,elliptic,fresh,louvain,20261005,42,45,1221,5,0.00976491795208245
rtx,elliptic,fresh,louvain,20261005,42,46,712,2,0.016404690618762475
rtx,elliptic,fresh,louvain,20261005,42,47,846,22,0.03483587053344719
rtx,elliptic,fresh,louvain,20261005,42,48,471,36,0.16080057693608038
rtx,elliptic,fresh,louvain,20261005,42,49,476,56,0.21782937487962342
rtx,elliptic,local,louvain,20261005,42,40,1211,112,0.5924664853032826
rtx,elliptic,local,louvain,20261005,42,41,1132,116,0.6575421294782156
rtx,elliptic,local,louvain,20261005,42,42,2154,239,0.8255138734311556
rtx,elliptic,local,louvain,20261005,42,43,1370,24,0.02455810512050105
rtx,elliptic,local,louvain,20261005,42,44,1591,24,0.021108407313592373
rtx,elliptic,local,louvain,20261005,42,45,1221,5,0.010680997054797374
rtx,elliptic,local,louvain,20261005,42,46,712,2,0.01251920122887865
rtx,elliptic,local,louvain,20261005,42,47,846,22,0.02960649100239981
rtx,elliptic,local,louvain,20261005,42,48,471,36,0.11809160147567427
rtx,elliptic,local,louvain,20261005,42,49,476,56,0.15919924395631432
rtx,elliptic,oracle,louvain,20261005,42,40,1211,112,0.6597289566201047
rtx,elliptic,oracle,louvain,20261005,42,41,1132,116,0.6712963859895692
rtx,elliptic,oracle,louvain,20261005,42,42,2154,239,0.8419740275304572
rtx,elliptic,oracle,louvain,20261005,42,43,1370,24,0.028672034895634597
rtx,elliptic,oracle,louvain,20261005,42,44,1591,24,0.026932233492255656
rtx,elliptic,oracle,louvain,20261005,42,45,1221,5,0.008414901226354757
rtx,elliptic,oracle,louvain,20261005,42,46,712,2,0.02266725352112676
rtx,elliptic,oracle,louvain,20261005,42,47,846,22,0.03341631006768733
rtx,elliptic,oracle,louvain,20261005,42,48,471,36,0.16991326785370442
rtx,elliptic,oracle,louvain,20261005,42,49,476,56,0.23302366460319288
rtx,elliptic,shuffled,louvain,20261005,42,40,1211,112,0.6783124624490833
rtx,elliptic,shuffled,louvain,20261005,42,41,1132,116,0.7286078836414833
rtx,elliptic,shuffled,louvain,20261005,42,42,2154,239,0.8474502091146638
rtx,elliptic,shuffled,louvain,20261005,42,43,1370,24,0.03078646648377713
rtx,elliptic,shuffled,louvain,20261005,42,44,1591,24,0.027649857202255105
rtx,elliptic,shuffled,louvain,20261005,42,45,1221,5,0.011806105822303556
rtx,elliptic,shuffled,louvain,20261005,42,46,712,2,0.02084085167809455
rtx,elliptic,shuffled,louvain,20261005,42,47,846,22,0.03283922010326894
rtx,elliptic,shuffled,louvain,20261005,42,48,471,36,0.16384771577105878
rtx,elliptic,shuffled,louvain,20261005,42,49,476,56,0.2455590030199341
rtx,elliptic,current,louvain,20261005,456,40,1211,112,0.6737102046674209
rtx,elliptic,current,louvain,20261005,456,41,1132,116,0.7270062182856991
rtx,elliptic,current,louvain,20261005,456,42,2154,239,0.8433589882109437
rtx,elliptic,current,louvain,20261005,456,43,1370,24,0.025168981573668866
rtx,elliptic,current,louvain,20261005,456,44,1591,24,0.024524980795409577
rtx,elliptic,current,louvain,20261005,456,45,1221,5,0.009382293300515505
rtx,elliptic,current,louvain,20261005,456,46,712,2,0.02337807606263982
rtx,elliptic,current,louvain,20261005,456,47,846,22,0.0352680941861423
rtx,elliptic,current,louvain,20261005,456,48,471,36,0.1626159777688498
rtx,elliptic,current,louvain,20261005,456,49,476,56,0.20619365804852266
rtx,elliptic,fedavg,louvain,20261005,456,40,1211,112,0.6801990122438332
rtx,elliptic,fedavg,louvain,20261005,456,41,1132,116,0.7063158760761042
rtx,elliptic,fedavg,louvain,20261005,456,42,2154,239,0.846596260377373
rtx,elliptic,fedavg,louvain,20261005,456,43,1370,24,0.02657853961246547
rtx,elliptic,fedavg,louvain,20261005,456,44,1591,24,0.026006769180165465
rtx,elliptic,fedavg,louvain,20261005,456,45,1221,5,0.009854032721847813
rtx,elliptic,fedavg,louvain,20261005,456,46,712,2,0.019230769230769232
rtx,elliptic,fedavg,louvain,20261005,456,47,846,22,0.03455897860820344
rtx,elliptic,fedavg,louvain,20261005,456,48,471,36,0.1738301483276342
rtx,elliptic,fedavg,louvain,20261005,456,49,476,56,0.22809580984767383
rtx,elliptic,fedgcn,louvain,20261005,456,40,1211,112,0.49751548378041316
rtx,elliptic,fedgcn,louvain,20261005,456,41,1132,116,0.3961686762710229
rtx,elliptic,fedgcn,louvain,20261005,456,42,2154,239,0.6584228533017163
rtx,elliptic,fedgcn,louvain,20261005,456,43,1370,24,0.02466522813093316
rtx,elliptic,fedgcn,louvain,20261005,456,44,1591,24,0.07265059003273254
rtx,elliptic,fedgcn,louvain,20261005,456,45,1221,5,0.006282320055273333
rtx,elliptic,fedgcn,louvain,20261005,456,46,712,2,0.025857142857142856
rtx,elliptic,fedgcn,louvain,20261005,456,47,846,22,0.05023455771628504
rtx,elliptic,fedgcn,louvain,20261005,456,48,471,36,0.149848228809478
rtx,elliptic,fedgcn,louvain,20261005,456,49,476,56,0.17201079333629626
rtx,elliptic,fedmlp,louvain,20261005,456,40,1211,112,0.7325425622314041
rtx,elliptic,fedmlp,louvain,20261005,456,41,1132,116,0.9390310633218776
rtx,elliptic,fedmlp,louvain,20261005,456,42,2154,239,0.8519985720963625
rtx,elliptic,fedmlp,louvain,20261005,456,43,1370,24,0.018432375893527076
rtx,elliptic,fedmlp,louvain,20261005,456,44,1591,24,0.022026216801850716
rtx,elliptic,fedmlp,louvain,20261005,456,45,1221,5,0.01010776096407954
rtx,elliptic,fedmlp,louvain,20261005,456,46,712,2,0.02103174603174603
rtx,elliptic,fedmlp,louvain,20261005,456,47,846,22,0.03183660472997771
rtx,elliptic,fedmlp,louvain,20261005,456,48,471,36,0.1050945879224805
rtx,elliptic,fedmlp,louvain,20261005,456,49,476,56,0.14905162334789526
rtx,elliptic,fresh,louvain,20261005,456,40,1211,112,0.6895169056426962
rtx,elliptic,fresh,louvain,20261005,456,41,1132,116,0.7615495588252303
rtx,elliptic,fresh,louvain,20261005,456,42,2154,239,0.8483880000775056
rtx,elliptic,fresh,louvain,20261005,456,43,1370,24,0.026495321929342924
rtx,elliptic,fresh,louvain,20261005,456,44,1591,24,0.02240142292259975
rtx,elliptic,fresh,louvain,20261005,456,45,1221,5,0.011561412374759035
rtx,elliptic,fresh,louvain,20261005,456,46,712,2,0.022081413210445468
rtx,elliptic,fresh,louvain,20261005,456,47,846,22,0.03608572130543852
rtx,elliptic,fresh,louvain,20261005,456,48,471,36,0.16279419606116655
rtx,elliptic,fresh,louvain,20261005,456,49,476,56,0.21366562320561155
rtx,elliptic,local,louvain,20261005,456,40,1211,112,0.5975857348025738
rtx,elliptic,local,louvain,20261005,456,41,1132,116,0.7446848582257656
rtx,elliptic,local,louvain,20261005,456,42,2154,239,0.8344769980117747
rtx,elliptic,local,louvain,20261005,456,43,1370,24,0.023407928670303484
rtx,elliptic,local,louvain,20261005,456,44,1591,24,0.02163096588645479
rtx,elliptic,local,louvain,20261005,456,45,1221,5,0.010029630052794053
rtx,elliptic,local,louvain,20261005,456,46,712,2,0.010326839135526455
rtx,elliptic,local,louvain,20261005,456,47,846,22,0.024655788040119312
rtx,elliptic,local,louvain,20261005,456,48,471,36,0.13335715876320375
rtx,elliptic,local,louvain,20261005,456,49,476,56,0.2090759216665376
rtx,elliptic,oracle,louvain,20261005,456,40,1211,112,0.6923975180186649
rtx,elliptic,oracle,louvain,20261005,456,41,1132,116,0.7661950810843062
rtx,elliptic,oracle,louvain,20261005,456,42,2154,239,0.8467461240635239
rtx,elliptic,oracle,louvain,20261005,456,43,1370,24,0.026020878488101667
rtx,elliptic,oracle,louvain,20261005,456,44,1591,24,0.025255393646469226
rtx,elliptic,oracle,louvain,20261005,456,45,1221,5,0.010472151890554823
rtx,elliptic,oracle,louvain,20261005,456,46,712,2,0.03125
rtx,elliptic,oracle,louvain,20261005,456,47,846,22,0.03682684215833879
rtx,elliptic,oracle,louvain,20261005,456,48,471,36,0.172229053319624
rtx,elliptic,oracle,louvain,20261005,456,49,476,56,0.22090040229287528
rtx,elliptic,shuffled,louvain,20261005,456,40,1211,112,0.6957496841512046
rtx,elliptic,shuffled,louvain,20261005,456,41,1132,116,0.7833133504148718
rtx,elliptic,shuffled,louvain,20261005,456,42,2154,239,0.8484265872276241
rtx,elliptic,shuffled,louvain,20261005,456,43,1370,24,0.025691021491365942
rtx,elliptic,shuffled,louvain,20261005,456,44,1591,24,0.024937631150220935
rtx,elliptic,shuffled,louvain,20261005,456,45,1221,5,0.011707533826142322
rtx,elliptic,shuffled,louvain,20261005,456,46,712,2,0.027412280701754384
rtx,elliptic,shuffled,louvain,20261005,456,47,846,22,0.035272427946145934
rtx,elliptic,shuffled,louvain,20261005,456,48,471,36,0.17290079644688505
rtx,elliptic,shuffled,louvain,20261005,456,49,476,56,0.2308747667022993
rtx,elliptic,centralized,random,20261003,123,40,1211,112,0.6989676094456335
rtx,elliptic,centralized,random,20261003,123,41,1132,116,0.8103449257146924
rtx,elliptic,centralized,random,20261003,123,42,2154,239,0.8434653898108069
rtx,elliptic,centralized,random,20261003,123,43,1370,24,0.022559964605340915
rtx,elliptic,centralized,random,20261003,123,44,1591,24,0.026517541434926253
rtx,elliptic,centralized,random,20261003,123,45,1221,5,0.013744956369815143
rtx,elliptic,centralized,random,20261003,123,46,712,2,0.046361502347417836
rtx,elliptic,centralized,random,20261003,123,47,846,22,0.03196048365952667
rtx,elliptic,centralized,random,20261003,123,48,471,36,0.17784694706564758
rtx,elliptic,centralized,random,20261003,123,49,476,56,0.24247644467958063
rtx,elliptic,current,random,20261003,123,40,1211,112,0.7096143285588653
rtx,elliptic,current,random,20261003,123,41,1132,116,0.8980899134037782
rtx,elliptic,current,random,20261003,123,42,2154,239,0.8637971036690141
rtx,elliptic,current,random,20261003,123,43,1370,24,0.03158943822542574
rtx,elliptic,current,random,20261003,123,44,1591,24,0.02022434136278548
rtx,elliptic,current,random,20261003,123,45,1221,5,0.010788526145260647
rtx,elliptic,current,random,20261003,123,46,712,2,0.013566961000735834
rtx,elliptic,current,random,20261003,123,47,846,22,0.0347254273166786
rtx,elliptic,current,random,20261003,123,48,471,36,0.15601340715641615
rtx,elliptic,current,random,20261003,123,49,476,56,0.2104982315635465
rtx,elliptic,fedavg,random,20261003,123,40,1211,112,0.695861222375636
rtx,elliptic,fedavg,random,20261003,123,41,1132,116,0.9113786224124815
rtx,elliptic,fedavg,random,20261003,123,42,2154,239,0.8410597839236733
rtx,elliptic,fedavg,random,20261003,123,43,1370,24,0.02822498676630993
rtx,elliptic,fedavg,random,20261003,123,44,1591,24,0.01979146740919155
rtx,elliptic,fedavg,random,20261003,123,45,1221,5,0.01018520707660869
rtx,elliptic,fedavg,random,20261003,123,46,712,2,0.010528600890046674
rtx,elliptic,fedavg,random,20261003,123,47,846,22,0.030729151657385576
rtx,elliptic,fedavg,random,20261003,123,48,471,36,0.12102015756466256
rtx,elliptic,fedavg,random,20261003,123,49,476,56,0.18689133378314254
rtx,elliptic,fedgcn,random,20261003,123,40,1211,112,0.46378208382303393
rtx,elliptic,fedgcn,random,20261003,123,41,1132,116,0.3232360927785246
rtx,elliptic,fedgcn,random,20261003,123,42,2154,239,0.6485136730508959
rtx,elliptic,fedgcn,random,20261003,123,43,1370,24,0.03166932657414301
rtx,elliptic,fedgcn,random,20261003,123,44,1591,24,0.076966688760542
rtx,elliptic,fedgcn,random,20261003,123,45,1221,5,0.006523348376993247
rtx,elliptic,fedgcn,random,20261003,123,46,712,2,0.5037037037037037
rtx,elliptic,fedgcn,random,20261003,123,47,846,22,0.047713643301187415
rtx,elliptic,fedgcn,random,20261003,123,48,471,36,0.13588408917054734
rtx,elliptic,fedgcn,random,20261003,123,49,476,56,0.17413216247659616
rtx,elliptic,fedmlp,random,20261003,123,40,1211,112,0.7190199514229647
rtx,elliptic,fedmlp,random,20261003,123,41,1132,116,0.9415872340882573
rtx,elliptic,fedmlp,random,20261003,123,42,2154,239,0.854230591616056
rtx,elliptic,fedmlp,random,20261003,123,43,1370,24,0.019802681963584683
rtx,elliptic,fedmlp,random,20261003,123,44,1591,24,0.021221812012508483
rtx,elliptic,fedmlp,random,20261003,123,45,1221,5,0.009685999490446805
rtx,elliptic,fedmlp,random,20261003,123,46,712,2,0.007419956399548237
rtx,elliptic,fedmlp,random,20261003,123,47,846,22,0.031405145248311575
rtx,elliptic,fedmlp,random,20261003,123,48,471,36,0.10701016023780202
rtx,elliptic,fedmlp,random,20261003,123,49,476,56,0.16564240352850984
rtx,elliptic,fresh,random,20261003,123,40,1211,112,0.6993826288458111
rtx,elliptic,fresh,random,20261003,123,41,1132,116,0.863290267017708
rtx,elliptic,fresh,random,20261003,123,42,2154,239,0.8572407850944918
rtx,elliptic,fresh,random,20261003,123,43,1370,24,0.029499197819784533
rtx,elliptic,fresh,random,20261003,123,44,1591,24,0.02400370427358654
rtx,elliptic,fresh,random,20261003,123,45,1221,5,0.012534861410029144
rtx,elliptic,fresh,random,20261003,123,46,712,2,0.013764880952380952
rtx,elliptic,fresh,random,20261003,123,47,846,22,0.03319359106674325
rtx,elliptic,fresh,random,20261003,123,48,471,36,0.16113207435420848
rtx,elliptic,fresh,random,20261003,123,49,476,56,0.22543589292160662
rtx,elliptic,local,random,20261003,123,40,1211,112,0.6421473562549082
rtx,elliptic,local,random,20261003,123,41,1132,116,0.8491667562235962
rtx,elliptic,local,random,20261003,123,42,2154,239,0.8150631874588055
rtx,elliptic,local,random,20261003,123,43,1370,24,0.021550337305475963
rtx,elliptic,local,random,20261003,123,44,1591,24,0.02216217939462674
rtx,elliptic,local,random,20261003,123,45,1221,5,0.011611938050786566
rtx,elliptic,local,random,20261003,123,46,712,2,0.07847082494969819
rtx,elliptic,local,random,20261003,123,47,846,22,0.03388006412840294
rtx,elliptic,local,random,20261003,123,48,471,36,0.11531332858704685
rtx,elliptic,local,random,20261003,123,49,476,56,0.1898088887513211
rtx,elliptic,mlp,random,20261003,123,40,1211,112,0.6841848616741034
rtx,elliptic,mlp,random,20261003,123,41,1132,116,0.8825655244980023
rtx,elliptic,mlp,random,20261003,123,42,2154,239,0.8534365568022522
rtx,elliptic,mlp,random,20261003,123,43,1370,24,0.017991648399258323
rtx,elliptic,mlp,random,20261003,123,44,1591,24,0.029392029274348305
rtx,elliptic,mlp,random,20261003,123,45,1221,5,0.01463596393173858
rtx,elliptic,mlp,random,20261003,123,46,712,2,0.010773944845309875
rtx,elliptic,mlp,random,20261003,123,47,846,22,0.0347353277836259
rtx,elliptic,mlp,random,20261003,123,48,471,36,0.10616019540966692
rtx,elliptic,mlp,random,20261003,123,49,476,56,0.19052210527921384
rtx,elliptic,oracle,random,20261003,123,40,1211,112,0.7070003407701738
rtx,elliptic,oracle,random,20261003,123,41,1132,116,0.8667914121562695
rtx,elliptic,oracle,random,20261003,123,42,2154,239,0.8544982600065926
rtx,elliptic,oracle,random,20261003,123,43,1370,24,0.035836405516653305
rtx,elliptic,oracle,random,20261003,123,44,1591,24,0.017349278220405093
rtx,elliptic,oracle,random,20261003,123,45,1221,5,0.01092003793753316
rtx,elliptic,oracle,random,20261003,123,46,712,2,0.012766474831806759
rtx,elliptic,oracle,random,20261003,123,47,846,22,0.03546561559316152
rtx,elliptic,oracle,random,20261003,123,48,471,36,0.15521737400509755
rtx,elliptic,oracle,random,20261003,123,49,476,56,0.20243050582575542
rtx,elliptic,shuffled,random,20261003,123,40,1211,112,0.6869237844396344
rtx,elliptic,shuffled,random,20261003,123,41,1132,116,0.8827698392820041
rtx,elliptic,shuffled,random,20261003,123,42,2154,239,0.8427221658340012
rtx,elliptic,shuffled,random,20261003,123,43,1370,24,0.024064275485763873
rtx,elliptic,shuffled,random,20261003,123,44,1591,24,0.018994084168754314
rtx,elliptic,shuffled,random,20261003,123,45,1221,5,0.010320940245004538
rtx,elliptic,shuffled,random,20261003,123,46,712,2,0.009170844274687675
rtx,elliptic,shuffled,random,20261003,123,47,846,22,0.03592062551622232
rtx,elliptic,shuffled,random,20261003,123,48,471,36,0.1365461291680866
rtx,elliptic,shuffled,random,20261003,123,49,476,56,0.19388418553731399
rtx,elliptic,centralized,random,20261003,42,40,1211,112,0.700158238765348
rtx,elliptic,centralized,random,20261003,42,41,1132,116,0.8735997021656636
rtx,elliptic,centralized,random,20261003,42,42,2154,239,0.8385645599533339
rtx,elliptic,centralized,random,20261003,42,43,1370,24,0.022357024818750463
rtx,elliptic,centralized,random,20261003,42,44,1591,24,0.033536956340008264
rtx,elliptic,centralized,random,20261003,42,45,1221,5,0.012386700239690953
rtx,elliptic,centralized,random,20261003,42,46,712,2,0.06742610837438423
rtx,elliptic,centralized,random,20261003,42,47,846,22,0.03201684869339763
rtx,elliptic,centralized,random,20261003,42,48,471,36,0.1758849291530618
rtx,elliptic,centralized,random,20261003,42,49,476,56,0.2499382412553305
rtx,elliptic,current,random,20261003,42,40,1211,112,0.6963830480222629
rtx,elliptic,current,random,20261003,42,41,1132,116,0.8961635804410049
rtx,elliptic,current,random,20261003,42,42,2154,239,0.8539913668751958
rtx,elliptic,current,random,20261003,42,43,1370,24,0.032596089830115055
rtx,elliptic,current,random,20261003,42,44,1591,24,0.025460573735162886
rtx,elliptic,current,random,20261003,42,45,1221,5,0.03209754704778696
rtx,elliptic,current,random,20261003,42,46,712,2,0.01291454081632653
rtx,elliptic,current,random,20261003,42,47,846,22,0.033938794609373595
rtx,elliptic,current,random,20261003,42,48,471,36,0.15568569726827086
rtx,elliptic,current,random,20261003,42,49,476,56,0.22629689613168877
rtx,elliptic,fedavg,random,20261003,42,40,1211,112,0.6710521289977388
rtx,elliptic,fedavg,random,20261003,42,41,1132,116,0.8971506439823367
rtx,elliptic,fedavg,random,20261003,42,42,2154,239,0.8402341172875132
rtx,elliptic,fedavg,random,20261003,42,43,1370,24,0.024493452776304932
rtx,elliptic,fedavg,random,20261003,42,44,1591,24,0.02401789991450709
rtx,elliptic,fedavg,random,20261003,42,45,1221,5,0.018279181355254352
rtx,elliptic,fedavg,random,20261003,42,46,712,2,0.01202889661282628
rtx,elliptic,fedavg,random,20261003,42,47,846,22,0.03177955553773343
rtx,elliptic,fedavg,random,20261003,42,48,471,36,0.1306812623355134
rtx,elliptic,fedavg,random,20261003,42,49,476,56,0.2166752184220934
rtx,elliptic,fedgcn,random,20261003,42,40,1211,112,0.4659637326093299
rtx,elliptic,fedgcn,random,20261003,42,41,1132,116,0.3297790305434198
rtx,elliptic,fedgcn,random,20261003,42,42,2154,239,0.6709302800711942
rtx,elliptic,fedgcn,random,20261003,42,43,1370,24,0.030349209301513785
rtx,elliptic,fedgcn,random,20261003,42,44,1591,24,0.07668848185166598
rtx,elliptic,fedgcn,random,20261003,42,45,1221,5,0.006495127721533403
rtx,elliptic,fedgcn,random,20261003,42,46,712,2,0.03214285714285714
rtx,elliptic,fedgcn,random,20261003,42,47,846,22,0.05210106676274539
rtx,elliptic,fedgcn,random,20261003,42,48,471,36,0.15785341096682562
rtx,elliptic,fedgcn,random,20261003,42,49,476,56,0.18109722810804754
rtx,elliptic,fedmlp,random,20261003,42,40,1211,112,0.7371410424432209
rtx,elliptic,fedmlp,random,20261003,42,41,1132,116,0.9466754572194757
rtx,elliptic,fedmlp,random,20261003,42,42,2154,239,0.8480747714416543
rtx,elliptic,fedmlp,random,20261003,42,43,1370,24,0.021785098805160774
rtx,elliptic,fedmlp,random,20261003,42,44,1591,24,0.020766950453667613
rtx,elliptic,fedmlp,random,20261003,42,45,1221,5,0.017789766476587608
rtx,elliptic,fedmlp,random,20261003,42,46,712,2,0.007451916405317643
rtx,elliptic,fedmlp,random,20261003,42,47,846,22,0.032482233126956105
rtx,elliptic,fedmlp,random,20261003,42,48,471,36,0.11321771666555384
rtx,elliptic,fedmlp,random,20261003,42,49,476,56,0.15557854391427098
rtx,elliptic,fresh,random,20261003,42,40,1211,112,0.7018210035689204
rtx,elliptic,fresh,random,20261003,42,41,1132,116,0.8949215839775132
rtx,elliptic,fresh,random,20261003,42,42,2154,239,0.8532280512642088
rtx,elliptic,fresh,random,20261003,42,43,1370,24,0.028891940676305416
rtx,elliptic,fresh,random,20261003,42,44,1591,24,0.025263532737711928
rtx,elliptic,fresh,random,20261003,42,45,1221,5,0.016897824481179984
rtx,elliptic,fresh,random,20261003,42,46,712,2,0.013683634373289545
rtx,elliptic,fresh,random,20261003,42,47,846,22,0.03275204526970202
rtx,elliptic,fresh,random,20261003,42,48,471,36,0.15940357236407132
rtx,elliptic,fresh,random,20261003,42,49,476,56,0.23754463964101483
rtx,elliptic,local,random,20261003,42,40,1211,112,0.6679484061080594
rtx,elliptic,local,random,20261003,42,41,1132,116,0.8714566413557029
rtx,elliptic,local,random,20261003,42,42,2154,239,0.810193743978706
rtx,elliptic,local,random,20261003,42,43,1370,24,0.02541635339869554
rtx,elliptic,local,random,20261003,42,44,1591,24,0.021342933030430628
rtx,elliptic,local,random,20261003,42,45,1221,5,0.01250592897486163
rtx,elliptic,local,random,20261003,42,46,712,2,0.10520833333333333
rtx,elliptic,local,random,20261003,42,47,846,22,0.033546372582984645
rtx,elliptic,local,random,20261003,42,48,471,36,0.12804845828820924
rtx,elliptic,local,random,20261003,42,49,476,56,0.21153384567351644
rtx,elliptic,mlp,random,20261003,42,40,1211,112,0.7268196568301789
rtx,elliptic,mlp,random,20261003,42,41,1132,116,0.8276114958221619
rtx,elliptic,mlp,random,20261003,42,42,2154,239,0.8517318076091407
rtx,elliptic,mlp,random,20261003,42,43,1370,24,0.01496252918999333
rtx,elliptic,mlp,random,20261003,42,44,1591,24,0.02298112934512107
rtx,elliptic,mlp,random,20261003,42,45,1221,5,0.010836782506037377
rtx,elliptic,mlp,random,20261003,42,46,712,2,0.010865231259968102
rtx,elliptic,mlp,random,20261003,42,47,846,22,0.03094377385522892
rtx,elliptic,mlp,random,20261003,42,48,471,36,0.10151066786402485
rtx,elliptic,mlp,random,20261003,42,49,476,56,0.1898931626071955
rtx,elliptic,oracle,random,20261003,42,40,1211,112,0.6779126073273007
rtx,elliptic,oracle,random,20261003,42,41,1132,116,0.8265607675970762
rtx,elliptic,oracle,random,20261003,42,42,2154,239,0.8498876585203942
rtx,elliptic,oracle,random,20261003,42,43,1370,24,0.03244182565960666
rtx,elliptic,oracle,random,20261003,42,44,1591,24,0.022803851606741896
rtx,elliptic,oracle,random,20261003,42,45,1221,5,0.009149871311741815
rtx,elliptic,oracle,random,20261003,42,46,712,2,0.013844974609562135
rtx,elliptic,oracle,random,20261003,42,47,846,22,0.037475702821877566
rtx,elliptic,oracle,random,20261003,42,48,471,36,0.16190718092233913
rtx,elliptic,oracle,random,20261003,42,49,476,56,0.2012751500095551
rtx,elliptic,shuffled,random,20261003,42,40,1211,112,0.6846672569540695
rtx,elliptic,shuffled,random,20261003,42,41,1132,116,0.8903693337940266
rtx,elliptic,shuffled,random,20261003,42,42,2154,239,0.8417988521352678
rtx,elliptic,shuffled,random,20261003,42,43,1370,24,0.025464081327987845
rtx,elliptic,shuffled,random,20261003,42,44,1591,24,0.022490150966155444
rtx,elliptic,shuffled,random,20261003,42,45,1221,5,0.012916536616475172
rtx,elliptic,shuffled,random,20261003,42,46,712,2,0.008575743410880587
rtx,elliptic,shuffled,random,20261003,42,47,846,22,0.033178106857127444
rtx,elliptic,shuffled,random,20261003,42,48,471,36,0.14689614763289735
rtx,elliptic,shuffled,random,20261003,42,49,476,56,0.2137931969827694
rtx,elliptic,centralized,random,20261003,456,40,1211,112,0.7115763451109087
rtx,elliptic,centralized,random,20261003,456,41,1132,116,0.8366680899264332
rtx,elliptic,centralized,random,20261003,456,42,2154,239,0.8440361694350208
rtx,elliptic,centralized,random,20261003,456,43,1370,24,0.02088778782737652
rtx,elliptic,centralized,random,20261003,456,44,1591,24,0.03217046718336451
rtx,elliptic,centralized,random,20261003,456,45,1221,5,0.01182907095013357
rtx,elliptic,centralized,random,20261003,456,46,712,2,0.1721014492753623
rtx,elliptic,centralized,random,20261003,456,47,846,22,0.03380131970407543
rtx,elliptic,centralized,random,20261003,456,48,471,36,0.19140816796446072
rtx,elliptic,centralized,random,20261003,456,49,476,56,0.2401742727487469
rtx,elliptic,current,random,20261003,456,40,1211,112,0.7182267524580052
rtx,elliptic,current,random,20261003,456,41,1132,116,0.909690087178803
rtx,elliptic,current,random,20261003,456,42,2154,239,0.8677767052770174
rtx,elliptic,current,random,20261003,456,43,1370,24,0.03009380855210621
rtx,elliptic,current,random,20261003,456,44,1591,24,0.023564807830609106
rtx,elliptic,current,random,20261003,456,45,1221,5,0.013173517419931663
rtx,elliptic,current,random,20261003,456,46,712,2,0.01342507132069139
rtx,elliptic,current,random,20261003,456,47,846,22,0.035101814957163795
rtx,elliptic,current,random,20261003,456,48,471,36,0.172681883192536
rtx,elliptic,current,random,20261003,456,49,476,56,0.2023750576264119
rtx,elliptic,fedavg,random,20261003,456,40,1211,112,0.6888399153136324
rtx,elliptic,fedavg,random,20261003,456,41,1132,116,0.8453454321797165
rtx,elliptic,fedavg,random,20261003,456,42,2154,239,0.8458080359172394
rtx,elliptic,fedavg,random,20261003,456,43,1370,24,0.02660461543355126
rtx,elliptic,fedavg,random,20261003,456,44,1591,24,0.02395236273988129
rtx,elliptic,fedavg,random,20261003,456,45,1221,5,0.016531559837501802
rtx,elliptic,fedavg,random,20261003,456,46,712,2,0.010761238337574214
rtx,elliptic,fedavg,random,20261003,456,47,846,22,0.029785009534506777
rtx,elliptic,fedavg,random,20261003,456,48,471,36,0.1307466434906307
rtx,elliptic,fedavg,random,20261003,456,49,476,56,0.1955958166193959
rtx,elliptic,fedgcn,random,20261003,456,40,1211,112,0.5020432245302341
rtx,elliptic,fedgcn,random,20261003,456,41,1132,116,0.389497281570697
rtx,elliptic,fedgcn,random,20261003,456,42,2154,239,0.6574499358622343
rtx,elliptic,fedgcn,random,20261003,456,43,1370,24,0.02590231829552585
rtx,elliptic,fedgcn,random,20261003,456,44,1591,24,0.07276563007336072
rtx,elliptic,fedgcn,random,20261003,456,45,1221,5,0.00646322675569604
rtx,elliptic,fedgcn,random,20261003,456,46,712,2,0.02993585174625802
rtx,elliptic,fedgcn,random,20261003,456,47,846,22,0.048733087178323004
rtx,elliptic,fedgcn,random,20261003,456,48,471,36,0.1476902706674672
rtx,elliptic,fedgcn,random,20261003,456,49,476,56,0.169245678027151
rtx,elliptic,fedmlp,random,20261003,456,40,1211,112,0.730439709722802
rtx,elliptic,fedmlp,random,20261003,456,41,1132,116,0.9401766233262985
rtx,elliptic,fedmlp,random,20261003,456,42,2154,239,0.8572645369760017
rtx,elliptic,fedmlp,random,20261003,456,43,1370,24,0.01762367482725945
rtx,elliptic,fedmlp,random,20261003,456,44,1591,24,0.020573691394256407
rtx,elliptic,fedmlp,random,20261003,456,45,1221,5,0.010807237448012763
rtx,elliptic,fedmlp,random,20261003,456,46,712,2,0.011824439446602603
rtx,elliptic,fedmlp,random,20261003,456,47,846,22,0.03181839748874884
rtx,elliptic,fedmlp,random,20261003,456,48,471,36,0.10638584812645553
rtx,elliptic,fedmlp,random,20261003,456,49,476,56,0.15401794306108837
rtx,elliptic,fresh,random,20261003,456,40,1211,112,0.7121732913615256
rtx,elliptic,fresh,random,20261003,456,41,1132,116,0.8942590068728209
rtx,elliptic,fresh,random,20261003,456,42,2154,239,0.8584602630960627
rtx,elliptic,fresh,random,20261003,456,43,1370,24,0.027946799229334313
rtx,elliptic,fresh,random,20261003,456,44,1591,24,0.02375834086507647
rtx,elliptic,fresh,random,20261003,456,45,1221,5,0.015586430021897696
rtx,elliptic,fresh,random,20261003,456,46,712,2,0.012561274509803922
rtx,elliptic,fresh,random,20261003,456,47,846,22,0.032954919649244324
rtx,elliptic,fresh,random,20261003,456,48,471,36,0.16886944940220483
rtx,elliptic,fresh,random,20261003,456,49,476,56,0.20638861834675776
rtx,elliptic,local,random,20261003,456,40,1211,112,0.6226606141921673
rtx,elliptic,local,random,20261003,456,41,1132,116,0.8408411239349718
rtx,elliptic,local,random,20261003,456,42,2154,239,0.8232756553909153
rtx,elliptic,local,random,20261003,456,43,1370,24,0.01965626117426943
rtx,elliptic,local,random,20261003,456,44,1591,24,0.019658905711191572
rtx,elliptic,local,random,20261003,456,45,1221,5,0.009611250777197015
rtx,elliptic,local,random,20261003,456,46,712,2,0.10709219858156029
rtx,elliptic,local,random,20261003,456,47,846,22,0.03227708392184945
rtx,elliptic,local,random,20261003,456,48,471,36,0.12809577441401662
rtx,elliptic,local,random,20261003,456,49,476,56,0.19618129755386457
rtx,elliptic,mlp,random,20261003,456,40,1211,112,0.7384811165776034
rtx,elliptic,mlp,random,20261003,456,41,1132,116,0.906128700130196
rtx,elliptic,mlp,random,20261003,456,42,2154,239,0.8569510400309673
rtx,elliptic,mlp,random,20261003,456,43,1370,24,0.016653585570991072
rtx,elliptic,mlp,random,20261003,456,44,1591,24,0.02864322310271462
rtx,elliptic,mlp,random,20261003,456,45,1221,5,0.017006483609165166
rtx,elliptic,mlp,random,20261003,456,46,712,2,0.00870720188902007
rtx,elliptic,mlp,random,20261003,456,47,846,22,0.03422193597103003
rtx,elliptic,mlp,random,20261003,456,48,471,36,0.11221402705550972
rtx,elliptic,mlp,random,20261003,456,49,476,56,0.20031489750121265
rtx,elliptic,oracle,random,20261003,456,40,1211,112,0.7022792717741227
rtx,elliptic,oracle,random,20261003,456,41,1132,116,0.8528264505730566
rtx,elliptic,oracle,random,20261003,456,42,2154,239,0.8529622175029098
rtx,elliptic,oracle,random,20261003,456,43,1370,24,0.02968711832443363
rtx,elliptic,oracle,random,20261003,456,44,1591,24,0.020656803275753116
rtx,elliptic,oracle,random,20261003,456,45,1221,5,0.009850677870722425
rtx,elliptic,oracle,random,20261003,456,46,712,2,0.013094330027968473
rtx,elliptic,oracle,random,20261003,456,47,846,22,0.03971268175910539
rtx,elliptic,oracle,random,20261003,456,48,471,36,0.16911180909696505
rtx,elliptic,oracle,random,20261003,456,49,476,56,0.20304569017971802
rtx,elliptic,shuffled,random,20261003,456,40,1211,112,0.6960744417471646
rtx,elliptic,shuffled,random,20261003,456,41,1132,116,0.8742461377445686
rtx,elliptic,shuffled,random,20261003,456,42,2154,239,0.8499603875574314
rtx,elliptic,shuffled,random,20261003,456,43,1370,24,0.025322844462040195
rtx,elliptic,shuffled,random,20261003,456,44,1591,24,0.023443230342642524
rtx,elliptic,shuffled,random,20261003,456,45,1221,5,0.012366797947249073
rtx,elliptic,shuffled,random,20261003,456,46,712,2,0.01101028433151845
rtx,elliptic,shuffled,random,20261003,456,47,846,22,0.03344985543420054
rtx,elliptic,shuffled,random,20261003,456,48,471,36,0.1586505428998671
rtx,elliptic,shuffled,random,20261003,456,49,476,56,0.20497975436467525
rtx,elliptic,current,random,20261004,123,40,1211,112,0.727850426865338
rtx,elliptic,current,random,20261004,123,41,1132,116,0.8913627814870533
rtx,elliptic,current,random,20261004,123,42,2154,239,0.8583899093477314
rtx,elliptic,current,random,20261004,123,43,1370,24,0.03405464115310755
rtx,elliptic,current,random,20261004,123,44,1591,24,0.017672622470694288
rtx,elliptic,current,random,20261004,123,45,1221,5,0.010796302496530403
rtx,elliptic,current,random,20261004,123,46,712,2,0.011339563862928349
rtx,elliptic,current,random,20261004,123,47,846,22,0.03378237446960065
rtx,elliptic,current,random,20261004,123,48,471,36,0.1440223611399392
rtx,elliptic,current,random,20261004,123,49,476,56,0.20068682524273398
rtx,elliptic,fedavg,random,20261004,123,40,1211,112,0.712772030498978
rtx,elliptic,fedavg,random,20261004,123,41,1132,116,0.8896637287053353
rtx,elliptic,fedavg,random,20261004,123,42,2154,239,0.8379339095285684
rtx,elliptic,fedavg,random,20261004,123,43,1370,24,0.03752512877666754
rtx,elliptic,fedavg,random,20261004,123,44,1591,24,0.019462710449265872
rtx,elliptic,fedavg,random,20261004,123,45,1221,5,0.010502420792461966
rtx,elliptic,fedavg,random,20261004,123,46,712,2,0.010483184333759046
rtx,elliptic,fedavg,random,20261004,123,47,846,22,0.033996125129997716
rtx,elliptic,fedavg,random,20261004,123,48,471,36,0.12002281144733556
rtx,elliptic,fedavg,random,20261004,123,49,476,56,0.19407601467767233
rtx,elliptic,fedgcn,random,20261004,123,40,1211,112,0.47152378093901576
rtx,elliptic,fedgcn,random,20261004,123,41,1132,116,0.3110185502949137
rtx,elliptic,fedgcn,random,20261004,123,42,2154,239,0.6536008040666976
rtx,elliptic,fedgcn,random,20261004,123,43,1370,24,0.03232470273366366
rtx,elliptic,fedgcn,random,20261004,123,44,1591,24,0.08384479272768876
rtx,elliptic,fedgcn,random,20261004,123,45,1221,5,0.006478413595333532
rtx,elliptic,fedgcn,random,20261004,123,46,712,2,0.5048543689320388
rtx,elliptic,fedgcn,random,20261004,123,47,846,22,0.05019652715706155
rtx,elliptic,fedgcn,random,20261004,123,48,471,36,0.13826319188716996
rtx,elliptic,fedgcn,random,20261004,123,49,476,56,0.18114031961562832
rtx,elliptic,fedmlp,random,20261004,123,40,1211,112,0.7314932019672072
rtx,elliptic,fedmlp,random,20261004,123,41,1132,116,0.9490584307923641
rtx,elliptic,fedmlp,random,20261004,123,42,2154,239,0.8614409085201417
rtx,elliptic,fedmlp,random,20261004,123,43,1370,24,0.019776009897269423
rtx,elliptic,fedmlp,random,20261004,123,44,1591,24,0.020779426217371593
rtx,elliptic,fedmlp,random,20261004,123,45,1221,5,0.009743975772076698
rtx,elliptic,fedmlp,random,20261004,123,46,712,2,0.010936413711963206
rtx,elliptic,fedmlp,random,20261004,123,47,846,22,0.03059685455315497
rtx,elliptic,fedmlp,random,20261004,123,48,471,36,0.09710400718817838
rtx,elliptic,fedmlp,random,20261004,123,49,476,56,0.13036918468037162
rtx,elliptic,fresh,random,20261004,123,40,1211,112,0.6989082436133796
rtx,elliptic,fresh,random,20261004,123,41,1132,116,0.8507118985344616
rtx,elliptic,fresh,random,20261004,123,42,2154,239,0.8547195390637005
rtx,elliptic,fresh,random,20261004,123,43,1370,24,0.03744267506413366
rtx,elliptic,fresh,random,20261004,123,44,1591,24,0.021791179940831643
rtx,elliptic,fresh,random,20261004,123,45,1221,5,0.011979959165006123
rtx,elliptic,fresh,random,20261004,123,46,712,2,0.01537744641192917
rtx,elliptic,fresh,random,20261004,123,47,846,22,0.0321876290132277
rtx,elliptic,fresh,random,20261004,123,48,471,36,0.14882415993234457
rtx,elliptic,fresh,random,20261004,123,49,476,56,0.1905782804318304
rtx,elliptic,local,random,20261004,123,40,1211,112,0.6426081936266108
rtx,elliptic,local,random,20261004,123,41,1132,116,0.8472224182768645
rtx,elliptic,local,random,20261004,123,42,2154,239,0.8228714759754544
rtx,elliptic,local,random,20261004,123,43,1370,24,0.02432547369735799
rtx,elliptic,local,random,20261004,123,44,1591,24,0.022991732537179888
rtx,elliptic,local,random,20261004,123,45,1221,5,0.01563281038911291
rtx,elliptic,local,random,20261004,123,46,712,2,0.006874237155424545
rtx,elliptic,local,random,20261004,123,47,846,22,0.035888017394263456
rtx,elliptic,local,random,20261004,123,48,471,36,0.11607571686578694
rtx,elliptic,local,random,20261004,123,49,476,56,0.1813431147268297
rtx,elliptic,oracle,random,20261004,123,40,1211,112,0.6750114606721308
rtx,elliptic,oracle,random,20261004,123,41,1132,116,0.7115127000722815
rtx,elliptic,oracle,random,20261004,123,42,2154,239,0.8582902340242756
rtx,elliptic,oracle,random,20261004,123,43,1370,24,0.03197332556713122
rtx,elliptic,oracle,random,20261004,123,44,1591,24,0.020792047986028468
rtx,elliptic,oracle,random,20261004,123,45,1221,5,0.01091428756146865
rtx,elliptic,oracle,random,20261004,123,46,712,2,0.01912251655629139
rtx,elliptic,oracle,random,20261004,123,47,846,22,0.03577410889705495
rtx,elliptic,oracle,random,20261004,123,48,471,36,0.1553822573696327
rtx,elliptic,oracle,random,20261004,123,49,476,56,0.20655246132506022
rtx,elliptic,shuffled,random,20261004,123,40,1211,112,0.7198295527331282
rtx,elliptic,shuffled,random,20261004,123,41,1132,116,0.8857556616521582
rtx,elliptic,shuffled,random,20261004,123,42,2154,239,0.8497659901420967
rtx,elliptic,shuffled,random,20261004,123,43,1370,24,0.030332076452965418
rtx,elliptic,shuffled,random,20261004,123,44,1591,24,0.02274695144973138
rtx,elliptic,shuffled,random,20261004,123,45,1221,5,0.010792550430561852
rtx,elliptic,shuffled,random,20261004,123,46,712,2,0.01013309134906231
rtx,elliptic,shuffled,random,20261004,123,47,846,22,0.031462377431641604
rtx,elliptic,shuffled,random,20261004,123,48,471,36,0.14503181118072614
rtx,elliptic,shuffled,random,20261004,123,49,476,56,0.20424375413425352
rtx,elliptic,current,random,20261004,42,40,1211,112,0.7152240109321791
rtx,elliptic,current,random,20261004,42,41,1132,116,0.8813766495199159
rtx,elliptic,current,random,20261004,42,42,2154,239,0.8544051352858106
rtx,elliptic,current,random,20261004,42,43,1370,24,0.03607754734085627
rtx,elliptic,current,random,20261004,42,44,1591,24,0.0225810336950428
rtx,elliptic,current,random,20261004,42,45,1221,5,0.02658668623021182
rtx,elliptic,current,random,20261004,42,46,712,2,0.014743589743589743
rtx,elliptic,current,random,20261004,42,47,846,22,0.030482495972621516
rtx,elliptic,current,random,20261004,42,48,471,36,0.15075631555602928
rtx,elliptic,current,random,20261004,42,49,476,56,0.23071423986150072
rtx,elliptic,fedavg,random,20261004,42,40,1211,112,0.7031868904325814
rtx,elliptic,fedavg,random,20261004,42,41,1132,116,0.8605485128904613
rtx,elliptic,fedavg,random,20261004,42,42,2154,239,0.8343091069104478
rtx,elliptic,fedavg,random,20261004,42,43,1370,24,0.021197238747501162
rtx,elliptic,fedavg,random,20261004,42,44,1591,24,0.02520582663922155
rtx,elliptic,fedavg,random,20261004,42,45,1221,5,0.010279915718363272
rtx,elliptic,fedavg,random,20261004,42,46,712,2,0.01314721636098036
rtx,elliptic,fedavg,random,20261004,42,47,846,22,0.033880588570649454
rtx,elliptic,fedavg,random,20261004,42,48,471,36,0.1271828631301183
rtx,elliptic,fedavg,random,20261004,42,49,476,56,0.21594236382588122
rtx,elliptic,fedgcn,random,20261004,42,40,1211,112,0.4617593106746739
rtx,elliptic,fedgcn,random,20261004,42,41,1132,116,0.3481833263556196
rtx,elliptic,fedgcn,random,20261004,42,42,2154,239,0.6731259825479349
rtx,elliptic,fedgcn,random,20261004,42,43,1370,24,0.02587997163466566
rtx,elliptic,fedgcn,random,20261004,42,44,1591,24,0.051532942298551924
rtx,elliptic,fedgcn,random,20261004,42,45,1221,5,0.006328905809960499
rtx,elliptic,fedgcn,random,20261004,42,46,712,2,0.04301355578727841
rtx,elliptic,fedgcn,random,20261004,42,47,846,22,0.05033780179865062
rtx,elliptic,fedgcn,random,20261004,42,48,471,36,0.15005065595371006
rtx,elliptic,fedgcn,random,20261004,42,49,476,56,0.17486071276461215
rtx,elliptic,fedmlp,random,20261004,42,40,1211,112,0.7387154878743246
rtx,elliptic,fedmlp,random,20261004,42,41,1132,116,0.9473899052551541
rtx,elliptic,fedmlp,random,20261004,42,42,2154,239,0.859064855196612
rtx,elliptic,fedmlp,random,20261004,42,43,1370,24,0.02303148511484737
rtx,elliptic,fedmlp,random,20261004,42,44,1591,24,0.021303181723836783
rtx,elliptic,fedmlp,random,20261004,42,45,1221,5,0.011328920567291251
rtx,elliptic,fedmlp,random,20261004,42,46,712,2,0.009514790764790764
rtx,elliptic,fedmlp,random,20261004,42,47,846,22,0.031368779951053444
rtx,elliptic,fedmlp,random,20261004,42,48,471,36,0.10837324230315935
rtx,elliptic,fedmlp,random,20261004,42,49,476,56,0.14150516539838623
rtx,elliptic,fresh,random,20261004,42,40,1211,112,0.725351195316284
rtx,elliptic,fresh,random,20261004,42,41,1132,116,0.8944045462903358
rtx,elliptic,fresh,random,20261004,42,42,2154,239,0.8550720912107886
rtx,elliptic,fresh,random,20261004,42,43,1370,24,0.029958560099752868
rtx,elliptic,fresh,random,20261004,42,44,1591,24,0.021771524569836696
rtx,elliptic,fresh,random,20261004,42,45,1221,5,0.014142257630343807
rtx,elliptic,fresh,random,20261004,42,46,712,2,0.015638297872340425
rtx,elliptic,fresh,random,20261004,42,47,846,22,0.0334272266219935
rtx,elliptic,fresh,random,20261004,42,48,471,36,0.15397104290208263
rtx,elliptic,fresh,random,20261004,42,49,476,56,0.21796752359966787
rtx,elliptic,local,random,20261004,42,40,1211,112,0.61905910278978
rtx,elliptic,local,random,20261004,42,41,1132,116,0.7796494787231164
rtx,elliptic,local,random,20261004,42,42,2154,239,0.8223823069418902
rtx,elliptic,local,random,20261004,42,43,1370,24,0.028256055893908488
rtx,elliptic,local,random,20261004,42,44,1591,24,0.023683333474825197
rtx,elliptic,local,random,20261004,42,45,1221,5,0.017015758173511048
rtx,elliptic,local,random,20261004,42,46,712,2,0.007828282828282828
rtx,elliptic,local,random,20261004,42,47,846,22,0.03735309298108553
rtx,elliptic,local,random,20261004,42,48,471,36,0.11902284600925157
rtx,elliptic,local,random,20261004,42,49,476,56,0.18020071917695704
rtx,elliptic,oracle,random,20261004,42,40,1211,112,0.6817822127668097
rtx,elliptic,oracle,random,20261004,42,41,1132,116,0.806617409354582
rtx,elliptic,oracle,random,20261004,42,42,2154,239,0.8480203380864749
rtx,elliptic,oracle,random,20261004,42,43,1370,24,0.03435868967083142
rtx,elliptic,oracle,random,20261004,42,44,1591,24,0.023977029122499754
rtx,elliptic,oracle,random,20261004,42,45,1221,5,0.013665980289706383
rtx,elliptic,oracle,random,20261004,42,46,712,2,0.021339285714285713
rtx,elliptic,oracle,random,20261004,42,47,846,22,0.03794851227740523
rtx,elliptic,oracle,random,20261004,42,48,471,36,0.16439705823344436
rtx,elliptic,oracle,random,20261004,42,49,476,56,0.23465407292002496
rtx,elliptic,shuffled,random,20261004,42,40,1211,112,0.7169851580235559
rtx,elliptic,shuffled,random,20261004,42,41,1132,116,0.8973855473648278
rtx,elliptic,shuffled,random,20261004,42,42,2154,239,0.8451256890910257
rtx,elliptic,shuffled,random,20261004,42,43,1370,24,0.032365896458020495
rtx,elliptic,shuffled,random,20261004,42,44,1591,24,0.022209394987036047
rtx,elliptic,shuffled,random,20261004,42,45,1221,5,0.015627893632381908
rtx,elliptic,shuffled,random,20261004,42,46,712,2,0.00935887343654334
rtx,elliptic,shuffled,random,20261004,42,47,846,22,0.03432140623440184
rtx,elliptic,shuffled,random,20261004,42,48,471,36,0.13673021731151627
rtx,elliptic,shuffled,random,20261004,42,49,476,56,0.21369894557158817
rtx,elliptic,current,random,20261004,456,40,1211,112,0.7215664589973082
rtx,elliptic,current,random,20261004,456,41,1132,116,0.8756368040774625
rtx,elliptic,current,random,20261004,456,42,2154,239,0.8554751146023659
rtx,elliptic,current,random,20261004,456,43,1370,24,0.026432010155047186
rtx,elliptic,current,random,20261004,456,44,1591,24,0.022748124263925914
rtx,elliptic,current,random,20261004,456,45,1221,5,0.010347529193919071
rtx,elliptic,current,random,20261004,456,46,712,2,0.01663597298956415
rtx,elliptic,current,random,20261004,456,47,846,22,0.035101721957804345
rtx,elliptic,current,random,20261004,456,48,471,36,0.15863854471952987
rtx,elliptic,current,random,20261004,456,49,476,56,0.20476905526415387
rtx,elliptic,fedavg,random,20261004,456,40,1211,112,0.6563543712820022
rtx,elliptic,fedavg,random,20261004,456,41,1132,116,0.8314105661456479
rtx,elliptic,fedavg,random,20261004,456,42,2154,239,0.8274820898943995
rtx,elliptic,fedavg,random,20261004,456,43,1370,24,0.021600178399822156
rtx,elliptic,fedavg,random,20261004,456,44,1591,24,0.024473660104025755
rtx,elliptic,fedavg,random,20261004,456,45,1221,5,0.009205552497062258
rtx,elliptic,fedavg,random,20261004,456,46,712,2,0.017365967365967364
rtx,elliptic,fedavg,random,20261004,456,47,846,22,0.03444835091443961
rtx,elliptic,fedavg,random,20261004,456,48,471,36,0.12570730869120997
rtx,elliptic,fedavg,random,20261004,456,49,476,56,0.19756011191524828
rtx,elliptic,fedgcn,random,20261004,456,40,1211,112,0.4903059063745036
rtx,elliptic,fedgcn,random,20261004,456,41,1132,116,0.35974370673593026
rtx,elliptic,fedgcn,random,20261004,456,42,2154,239,0.6505133177953959
rtx,elliptic,fedgcn,random,20261004,456,43,1370,24,0.028665860513779687
rtx,elliptic,fedgcn,random,20261004,456,44,1591,24,0.07290968889009375
rtx,elliptic,fedgcn,random,20261004,456,45,1221,5,0.006227940948412498
rtx,elliptic,fedgcn,random,20261004,456,46,712,2,0.018031189083820662
rtx,elliptic,fedgcn,random,20261004,456,47,846,22,0.04991990283222341
rtx,elliptic,fedgcn,random,20261004,456,48,471,36,0.15428548729874997
rtx,elliptic,fedgcn,random,20261004,456,49,476,56,0.1705464907893452
rtx,elliptic,fedmlp,random,20261004,456,40,1211,112,0.7303137485273833
rtx,elliptic,fedmlp,random,20261004,456,41,1132,116,0.9329689619065511
rtx,elliptic,fedmlp,random,20261004,456,42,2154,239,0.8552020048906944
rtx,elliptic,fedmlp,random,20261004,456,43,1370,24,0.01646022517875888
rtx,elliptic,fedmlp,random,20261004,456,44,1591,24,0.022012017211048382
rtx,elliptic,fedmlp,random,20261004,456,45,1221,5,0.010627159128381455
rtx,elliptic,fedmlp,random,20261004,456,46,712,2,0.01728110599078341
rtx,elliptic,fedmlp,random,20261004,456,47,846,22,0.03129938261333253
rtx,elliptic,fedmlp,random,20261004,456,48,471,36,0.10561464202640014
rtx,elliptic,fedmlp,random,20261004,456,49,476,56,0.1454276395897863
rtx,elliptic,fresh,random,20261004,456,40,1211,112,0.7270838013412755
rtx,elliptic,fresh,random,20261004,456,41,1132,116,0.8774878627394052
rtx,elliptic,fresh,random,20261004,456,42,2154,239,0.8599399077276523
rtx,elliptic,fresh,random,20261004,456,43,1370,24,0.026705421264342055
rtx,elliptic,fresh,random,20261004,456,44,1591,24,0.023706394623322902
rtx,elliptic,fresh,random,20261004,456,45,1221,5,0.01448506547656433
rtx,elliptic,fresh,random,20261004,456,46,712,2,0.01652986776105791
rtx,elliptic,fresh,random,20261004,456,47,846,22,0.0340113409035341
rtx,elliptic,fresh,random,20261004,456,48,471,36,0.16202860952126877
rtx,elliptic,fresh,random,20261004,456,49,476,56,0.21412505967998005
rtx,elliptic,local,random,20261004,456,40,1211,112,0.6189656724207514
rtx,elliptic,local,random,20261004,456,41,1132,116,0.8272634713580079
rtx,elliptic,local,random,20261004,456,42,2154,239,0.8277732208550176
rtx,elliptic,local,random,20261004,456,43,1370,24,0.02693985836941788
rtx,elliptic,local,random,20261004,456,44,1591,24,0.022861640539254147
rtx,elliptic,local,random,20261004,456,45,1221,5,0.013648344239492575
rtx,elliptic,local,random,20261004,456,46,712,2,0.010133070014576574
rtx,elliptic,local,random,20261004,456,47,846,22,0.037980510949892916
rtx,elliptic,local,random,20261004,456,48,471,36,0.12590803802689762
rtx,elliptic,local,random,20261004,456,49,476,56,0.1790215604301939
rtx,elliptic,oracle,random,20261004,456,40,1211,112,0.6938032024056477
rtx,elliptic,oracle,random,20261004,456,41,1132,116,0.8103658192329211
rtx,elliptic,oracle,random,20261004,456,42,2154,239,0.8553717589460426
rtx,elliptic,oracle,random,20261004,456,43,1370,24,0.0299319470252053
rtx,elliptic,oracle,random,20261004,456,44,1591,24,0.021810872458465923
rtx,elliptic,oracle,random,20261004,456,45,1221,5,0.010801619567863434
rtx,elliptic,oracle,random,20261004,456,46,712,2,0.01574712643678161
rtx,elliptic,oracle,random,20261004,456,47,846,22,0.03932893751327448
rtx,elliptic,oracle,random,20261004,456,48,471,36,0.17317530547711465
rtx,elliptic,oracle,random,20261004,456,49,476,56,0.20979889689638065
rtx,elliptic,shuffled,random,20261004,456,40,1211,112,0.700941967126737
rtx,elliptic,shuffled,random,20261004,456,41,1132,116,0.8520298320767263
rtx,elliptic,shuffled,random,20261004,456,42,2154,239,0.8465236864204669
rtx,elliptic,shuffled,random,20261004,456,43,1370,24,0.02897310470539539
rtx,elliptic,shuffled,random,20261004,456,44,1591,24,0.02462730199572209
rtx,elliptic,shuffled,random,20261004,456,45,1221,5,0.012560177772692471
rtx,elliptic,shuffled,random,20261004,456,46,712,2,0.011617161716171618
rtx,elliptic,shuffled,random,20261004,456,47,846,22,0.032993799326888514
rtx,elliptic,shuffled,random,20261004,456,48,471,36,0.15829710102997643
rtx,elliptic,shuffled,random,20261004,456,49,476,56,0.2149004816674131
rtx,elliptic,current,random,20261005,123,40,1211,112,0.7105031276580557
rtx,elliptic,current,random,20261005,123,41,1132,116,0.8905744733960027
rtx,elliptic,current,random,20261005,123,42,2154,239,0.8626785154947919
rtx,elliptic,current,random,20261005,123,43,1370,24,0.023864787362566465
rtx,elliptic,current,random,20261005,123,44,1591,24,0.019496855362527394
rtx,elliptic,current,random,20261005,123,45,1221,5,0.010709159212661216
rtx,elliptic,current,random,20261005,123,46,712,2,0.01567982456140351
rtx,elliptic,current,random,20261005,123,47,846,22,0.03340627990416942
rtx,elliptic,current,random,20261005,123,48,471,36,0.1504599993536132
rtx,elliptic,current,random,20261005,123,49,476,56,0.21253613668040172
rtx,elliptic,fedavg,random,20261005,123,40,1211,112,0.6986439278239139
rtx,elliptic,fedavg,random,20261005,123,41,1132,116,0.8925902767785685
rtx,elliptic,fedavg,random,20261005,123,42,2154,239,0.84900300529492
rtx,elliptic,fedavg,random,20261005,123,43,1370,24,0.017835092477369887
rtx,elliptic,fedavg,random,20261005,123,44,1591,24,0.020045292840608766
rtx,elliptic,fedavg,random,20261005,123,45,1221,5,0.00881867690339082
rtx,elliptic,fedavg,random,20261005,123,46,712,2,0.015520728008088978
rtx,elliptic,fedavg,random,20261005,123,47,846,22,0.033261813803632086
rtx,elliptic,fedavg,random,20261005,123,48,471,36,0.1217385138276677
rtx,elliptic,fedavg,random,20261005,123,49,476,56,0.1995347386865999
rtx,elliptic,fedgcn,random,20261005,123,40,1211,112,0.4625823419284232
rtx,elliptic,fedgcn,random,20261005,123,41,1132,116,0.30151328134221506
rtx,elliptic,fedgcn,random,20261005,123,42,2154,239,0.6516602369327467
rtx,elliptic,fedgcn,random,20261005,123,43,1370,24,0.03446188089233074
rtx,elliptic,fedgcn,random,20261005,123,44,1591,24,0.08409804868492933
rtx,elliptic,fedgcn,random,20261005,123,45,1221,5,0.006377559479834793
rtx,elliptic,fedgcn,random,20261005,123,46,712,2,0.5043478260869565
rtx,elliptic,fedgcn,random,20261005,123,47,846,22,0.048904853217539436
rtx,elliptic,fedgcn,random,20261005,123,48,471,36,0.13996919929046137
rtx,elliptic,fedgcn,random,20261005,123,49,476,56,0.18123181403004887
rtx,elliptic,fedmlp,random,20261005,123,40,1211,112,0.7186555408133702
rtx,elliptic,fedmlp,random,20261005,123,41,1132,116,0.943936041425316
rtx,elliptic,fedmlp,random,20261005,123,42,2154,239,0.8542908993089049
rtx,elliptic,fedmlp,random,20261005,123,43,1370,24,0.024122717601688964
rtx,elliptic,fedmlp,random,20261005,123,44,1591,24,0.019574405670170537
rtx,elliptic,fedmlp,random,20261005,123,45,1221,5,0.008813488061132909
rtx,elliptic,fedmlp,random,20261005,123,46,712,2,0.007503372302158274
rtx,elliptic,fedmlp,random,20261005,123,47,846,22,0.031383131503522545
rtx,elliptic,fedmlp,random,20261005,123,48,471,36,0.08517563170350823
rtx,elliptic,fedmlp,random,20261005,123,49,476,56,0.10424899097147915
rtx,elliptic,fresh,random,20261005,123,40,1211,112,0.7040613405681319
rtx,elliptic,fresh,random,20261005,123,41,1132,116,0.8823855642147409
rtx,elliptic,fresh,random,20261005,123,42,2154,239,0.8620975649552955
rtx,elliptic,fresh,random,20261005,123,43,1370,24,0.02488747609739152
rtx,elliptic,fresh,random,20261005,123,44,1591,24,0.0207156590814682
rtx,elliptic,fresh,random,20261005,123,45,1221,5,0.01179685247657301
rtx,elliptic,fresh,random,20261005,123,46,712,2,0.014723740133576198
rtx,elliptic,fresh,random,20261005,123,47,846,22,0.03347775190496393
rtx,elliptic,fresh,random,20261005,123,48,471,36,0.1520195858868637
rtx,elliptic,fresh,random,20261005,123,49,476,56,0.20960743681326383
rtx,elliptic,local,random,20261005,123,40,1211,112,0.6295930421270924
rtx,elliptic,local,random,20261005,123,41,1132,116,0.7818522811066606
rtx,elliptic,local,random,20261005,123,42,2154,239,0.8132143836874381
rtx,elliptic,local,random,20261005,123,43,1370,24,0.019531640771741503
rtx,elliptic,local,random,20261005,123,44,1591,24,0.020369012047149398
rtx,elliptic,local,random,20261005,123,45,1221,5,0.0063836179250857635
rtx,elliptic,local,random,20261005,123,46,712,2,0.009901960784313726
rtx,elliptic,local,random,20261005,123,47,846,22,0.033940668821433144
rtx,elliptic,local,random,20261005,123,48,471,36,0.13115931768060723
rtx,elliptic,local,random,20261005,123,49,476,56,0.19429703658901623
rtx,elliptic,oracle,random,20261005,123,40,1211,112,0.696000972449599
rtx,elliptic,oracle,random,20261005,123,41,1132,116,0.7987026984469481
rtx,elliptic,oracle,random,20261005,123,42,2154,239,0.8566610106901335
rtx,elliptic,oracle,random,20261005,123,43,1370,24,0.030416137893989045
rtx,elliptic,oracle,random,20261005,123,44,1591,24,0.020113934295077598
rtx,elliptic,oracle,random,20261005,123,45,1221,5,0.011065433863581688
rtx,elliptic,oracle,random,20261005,123,46,712,2,0.01867283950617284
rtx,elliptic,oracle,random,20261005,123,47,846,22,0.03642389322699157
rtx,elliptic,oracle,random,20261005,123,48,471,36,0.16088210782851156
rtx,elliptic,oracle,random,20261005,123,49,476,56,0.21092295417974688
rtx,elliptic,shuffled,random,20261005,123,40,1211,112,0.7058153531500774
rtx,elliptic,shuffled,random,20261005,123,41,1132,116,0.901241468100236
rtx,elliptic,shuffled,random,20261005,123,42,2154,239,0.8558904744493331
rtx,elliptic,shuffled,random,20261005,123,43,1370,24,0.021112787955369333
rtx,elliptic,shuffled,random,20261005,123,44,1591,24,0.018332688318176044
rtx,elliptic,shuffled,random,20261005,123,45,1221,5,0.00839575780523553
rtx,elliptic,shuffled,random,20261005,123,46,712,2,0.01056865464632455
rtx,elliptic,shuffled,random,20261005,123,47,846,22,0.03307389589150691
rtx,elliptic,shuffled,random,20261005,123,48,471,36,0.13434216802221988
rtx,elliptic,shuffled,random,20261005,123,49,476,56,0.18659295300661574
rtx,elliptic,current,random,20261005,42,40,1211,112,0.7061780500738128
rtx,elliptic,current,random,20261005,42,41,1132,116,0.8789426287270364
rtx,elliptic,current,random,20261005,42,42,2154,239,0.8653484144844102
rtx,elliptic,current,random,20261005,42,43,1370,24,0.030548992316994275
rtx,elliptic,current,random,20261005,42,44,1591,24,0.019311239564951076
rtx,elliptic,current,random,20261005,42,45,1221,5,0.011698998198739673
rtx,elliptic,current,random,20261005,42,46,712,2,0.014839367669556349
rtx,elliptic,current,random,20261005,42,47,846,22,0.033100612172009075
rtx,elliptic,current,random,20261005,42,48,471,36,0.15157873605037184
rtx,elliptic,current,random,20261005,42,49,476,56,0.2156483824655217
rtx,elliptic,fedavg,random,20261005,42,40,1211,112,0.7060090330498765
rtx,elliptic,fedavg,random,20261005,42,41,1132,116,0.8897203185786486
rtx,elliptic,fedavg,random,20261005,42,42,2154,239,0.8470359329593841
rtx,elliptic,fedavg,random,20261005,42,43,1370,24,0.020347159967512286
rtx,elliptic,fedavg,random,20261005,42,44,1591,24,0.020052546603474605
rtx,elliptic,fedavg,random,20261005,42,45,1221,5,0.010337860251266706
rtx,elliptic,fedavg,random,20261005,42,46,712,2,0.012387143373058867
rtx,elliptic,fedavg,random,20261005,42,47,846,22,0.034774400706803425
rtx,elliptic,fedavg,random,20261005,42,48,471,36,0.12499231378074237
rtx,elliptic,fedavg,random,20261005,42,49,476,56,0.2030025257852592
rtx,elliptic,fedgcn,random,20261005,42,40,1211,112,0.4542480237652457
rtx,elliptic,fedgcn,random,20261005,42,41,1132,116,0.35105186451037595
rtx,elliptic,fedgcn,random,20261005,42,42,2154,239,0.6731393617697464
rtx,elliptic,fedgcn,random,20261005,42,43,1370,24,0.024760146983353076
rtx,elliptic,fedgcn,random,20261005,42,44,1591,24,0.07233276199831491
rtx,elliptic,fedgcn,random,20261005,42,45,1221,5,0.00632241369008095
rtx,elliptic,fedgcn,random,20261005,42,46,712,2,0.1323529411764706
rtx,elliptic,fedgcn,random,20261005,42,47,846,22,0.04988032606853438
rtx,elliptic,fedgcn,random,20261005,42,48,471,36,0.15123952965818474
rtx,elliptic,fedgcn,random,20261005,42,49,476,56,0.174181689258574
rtx,elliptic,fedmlp,random,20261005,42,40,1211,112,0.7290570045799093
rtx,elliptic,fedmlp,random,20261005,42,41,1132,116,0.9474575036353416
rtx,elliptic,fedmlp,random,20261005,42,42,2154,239,0.8569452743714567
rtx,elliptic,fedmlp,random,20261005,42,43,1370,24,0.023351979517203022
rtx,elliptic,fedmlp,random,20261005,42,44,1591,24,0.02109129023703601
rtx,elliptic,fedmlp,random,20261005,42,45,1221,5,0.01038090802891813
rtx,elliptic,fedmlp,random,20261005,42,46,712,2,0.009284601456903449
rtx,elliptic,fedmlp,random,20261005,42,47,846,22,0.03263474299289384
rtx,elliptic,fedmlp,random,20261005,42,48,471,36,0.10490283764321393
rtx,elliptic,fedmlp,random,20261005,42,49,476,56,0.12715111244672309
rtx,elliptic,fresh,random,20261005,42,40,1211,112,0.7076323727415128
rtx,elliptic,fresh,random,20261005,42,41,1132,116,0.8764255485045787
rtx,elliptic,fresh,random,20261005,42,42,2154,239,0.8659095543061666
rtx,elliptic,fresh,random,20261005,42,43,1370,24,0.03030120727772274
rtx,elliptic,fresh,random,20261005,42,44,1591,24,0.0207302394655635
rtx,elliptic,fresh,random,20261005,42,45,1221,5,0.012138070477152171
rtx,elliptic,fresh,random,20261005,42,46,712,2,0.0163640707118968
rtx,elliptic,fresh,random,20261005,42,47,846,22,0.03384124427387139
rtx,elliptic,fresh,random,20261005,42,48,471,36,0.15178507644394337
rtx,elliptic,fresh,random,20261005,42,49,476,56,0.22369122015653828
rtx,elliptic,local,random,20261005,42,40,1211,112,0.6571776100149441
rtx,elliptic,local,random,20261005,42,41,1132,116,0.81781499358403
rtx,elliptic,local,random,20261005,42,42,2154,239,0.8138177255532751
rtx,elliptic,local,random,20261005,42,43,1370,24,0.021477087055988674
rtx,elliptic,local,random,20261005,42,44,1591,24,0.01983923318842339
rtx,elliptic,local,random,20261005,42,45,1221,5,0.006599271422640445
rtx,elliptic,local,random,20261005,42,46,712,2,0.012837837837837839
rtx,elliptic,local,random,20261005,42,47,846,22,0.03182760966753439
rtx,elliptic,local,random,20261005,42,48,471,36,0.11456336511341164
rtx,elliptic,local,random,20261005,42,49,476,56,0.15760210458736226
rtx,elliptic,oracle,random,20261005,42,40,1211,112,0.6582653430774801
rtx,elliptic,oracle,random,20261005,42,41,1132,116,0.7923313627409322
rtx,elliptic,oracle,random,20261005,42,42,2154,239,0.8506314108260676
rtx,elliptic,oracle,random,20261005,42,43,1370,24,0.028767411822304984
rtx,elliptic,oracle,random,20261005,42,44,1591,24,0.02090071932961513
rtx,elliptic,oracle,random,20261005,42,45,1221,5,0.009084784396823092
rtx,elliptic,oracle,random,20261005,42,46,712,2,0.018104118104118105
rtx,elliptic,oracle,random,20261005,42,47,846,22,0.03586102490940005
rtx,elliptic,oracle,random,20261005,42,48,471,36,0.15896619699620582
rtx,elliptic,oracle,random,20261005,42,49,476,56,0.204919283189735
rtx,elliptic,shuffled,random,20261005,42,40,1211,112,0.7031005862119996
rtx,elliptic,shuffled,random,20261005,42,41,1132,116,0.8971984681822751
rtx,elliptic,shuffled,random,20261005,42,42,2154,239,0.8569123275779744
rtx,elliptic,shuffled,random,20261005,42,43,1370,24,0.02394157195269112
rtx,elliptic,shuffled,random,20261005,42,44,1591,24,0.026945745139655308
rtx,elliptic,shuffled,random,20261005,42,45,1221,5,0.01210297821847292
rtx,elliptic,shuffled,random,20261005,42,46,712,2,0.009980139026812314
rtx,elliptic,shuffled,random,20261005,42,47,846,22,0.033204765891454074
rtx,elliptic,shuffled,random,20261005,42,48,471,36,0.15204546694882307
rtx,elliptic,shuffled,random,20261005,42,49,476,56,0.23250579371165905
rtx,elliptic,current,random,20261005,456,40,1211,112,0.7024681220989776
rtx,elliptic,current,random,20261005,456,41,1132,116,0.8638617409747912
rtx,elliptic,current,random,20261005,456,42,2154,239,0.8587685730233777
rtx,elliptic,current,random,20261005,456,43,1370,24,0.02852410842203837
rtx,elliptic,current,random,20261005,456,44,1591,24,0.0221747550050979
rtx,elliptic,current,random,20261005,456,45,1221,5,0.011421629841930778
rtx,elliptic,current,random,20261005,456,46,712,2,0.01464051024352532
rtx,elliptic,current,random,20261005,456,47,846,22,0.035678594991918285
rtx,elliptic,current,random,20261005,456,48,471,36,0.1702529929718554
rtx,elliptic,current,random,20261005,456,49,476,56,0.21026471673569994
rtx,elliptic,fedavg,random,20261005,456,40,1211,112,0.7021591115667468
rtx,elliptic,fedavg,random,20261005,456,41,1132,116,0.8839498236366204
rtx,elliptic,fedavg,random,20261005,456,42,2154,239,0.8465120967681424
rtx,elliptic,fedavg,random,20261005,456,43,1370,24,0.01858432179891306
rtx,elliptic,fedavg,random,20261005,456,44,1591,24,0.018840660019144997
rtx,elliptic,fedavg,random,20261005,456,45,1221,5,0.008423383378650187
rtx,elliptic,fedavg,random,20261005,456,46,712,2,0.0173421926910299
rtx,elliptic,fedavg,random,20261005,456,47,846,22,0.033016179187575934
rtx,elliptic,fedavg,random,20261005,456,48,471,36,0.12617660802393077
rtx,elliptic,fedavg,random,20261005,456,49,476,56,0.180568045972344
rtx,elliptic,fedgcn,random,20261005,456,40,1211,112,0.4963087078534926
rtx,elliptic,fedgcn,random,20261005,456,41,1132,116,0.3922020533279975
rtx,elliptic,fedgcn,random,20261005,456,42,2154,239,0.6583643449197093
rtx,elliptic,fedgcn,random,20261005,456,43,1370,24,0.027523144897469914
rtx,elliptic,fedgcn,random,20261005,456,44,1591,24,0.07002583079525171
rtx,elliptic,fedgcn,random,20261005,456,45,1221,5,0.006332059161252913
rtx,elliptic,fedgcn,random,20261005,456,46,712,2,0.023323276862381063
rtx,elliptic,fedgcn,random,20261005,456,47,846,22,0.049514245969430555
rtx,elliptic,fedgcn,random,20261005,456,48,471,36,0.15014660628968873
rtx,elliptic,fedgcn,random,20261005,456,49,476,56,0.17171685492677696
rtx,elliptic,fedmlp,random,20261005,456,40,1211,112,0.7256237658343397
rtx,elliptic,fedmlp,random,20261005,456,41,1132,116,0.9382994835857991
rtx,elliptic,fedmlp,random,20261005,456,42,2154,239,0.8545576423192355
rtx,elliptic,fedmlp,random,20261005,456,43,1370,24,0.017845071454259672
rtx,elliptic,fedmlp,random,20261005,456,44,1591,24,0.021201692439586223
rtx,elliptic,fedmlp,random,20261005,456,45,1221,5,0.009800185426553868
rtx,elliptic,fedmlp,random,20261005,456,46,712,2,0.020200387847446672
rtx,elliptic,fedmlp,random,20261005,456,47,846,22,0.03215541587391209
rtx,elliptic,fedmlp,random,20261005,456,48,471,36,0.10176743769450823
rtx,elliptic,fedmlp,random,20261005,456,49,476,56,0.1434203031829157
rtx,elliptic,fresh,random,20261005,456,40,1211,112,0.7093725007075428
rtx,elliptic,fresh,random,20261005,456,41,1132,116,0.8808298804745098
rtx,elliptic,fresh,random,20261005,456,42,2154,239,0.8609580474704215
rtx,elliptic,fresh,random,20261005,456,43,1370,24,0.023877438814394854
rtx,elliptic,fresh,random,20261005,456,44,1591,24,0.019559020482408335
rtx,elliptic,fresh,random,20261005,456,45,1221,5,0.009780180393623479
rtx,elliptic,fresh,random,20261005,456,46,712,2,0.01505193979224083
rtx,elliptic,fresh,random,20261005,456,47,846,22,0.03715328091508672
rtx,elliptic,fresh,random,20261005,456,48,471,36,0.16495825542052525
rtx,elliptic,fresh,random,20261005,456,49,476,56,0.20068752661302908
rtx,elliptic,local,random,20261005,456,40,1211,112,0.6500057417729187
rtx,elliptic,local,random,20261005,456,41,1132,116,0.8050208309568929
rtx,elliptic,local,random,20261005,456,42,2154,239,0.8279711001861336
rtx,elliptic,local,random,20261005,456,43,1370,24,0.01965519665164338
rtx,elliptic,local,random,20261005,456,44,1591,24,0.019443555589184786
rtx,elliptic,local,random,20261005,456,45,1221,5,0.007895043583631665
rtx,elliptic,local,random,20261005,456,46,712,2,0.012057299164987042
rtx,elliptic,local,random,20261005,456,47,846,22,0.033473148984403706
rtx,elliptic,local,random,20261005,456,48,471,36,0.12389657640399426
rtx,elliptic,local,random,20261005,456,49,476,56,0.16085201572629734
rtx,elliptic,oracle,random,20261005,456,40,1211,112,0.7104474234323919
rtx,elliptic,oracle,random,20261005,456,41,1132,116,0.8585222255197901
rtx,elliptic,oracle,random,20261005,456,42,2154,239,0.8490368009793786
rtx,elliptic,oracle,random,20261005,456,43,1370,24,0.026158138510649017
rtx,elliptic,oracle,random,20261005,456,44,1591,24,0.02179083736548806
rtx,elliptic,oracle,random,20261005,456,45,1221,5,0.011079546316578804
rtx,elliptic,oracle,random,20261005,456,46,712,2,0.019887229503200245
rtx,elliptic,oracle,random,20261005,456,47,846,22,0.03695437121440876
rtx,elliptic,oracle,random,20261005,456,48,471,36,0.16691680469701506
rtx,elliptic,oracle,random,20261005,456,49,476,56,0.21159596522426166
rtx,elliptic,shuffled,random,20261005,456,40,1211,112,0.7076744326350403
rtx,elliptic,shuffled,random,20261005,456,41,1132,116,0.8847658096166856
rtx,elliptic,shuffled,random,20261005,456,42,2154,239,0.8526544072132868
rtx,elliptic,shuffled,random,20261005,456,43,1370,24,0.021605811598284185
rtx,elliptic,shuffled,random,20261005,456,44,1591,24,0.022681271749369222
rtx,elliptic,shuffled,random,20261005,456,45,1221,5,0.011838937251291176
rtx,elliptic,shuffled,random,20261005,456,46,712,2,0.015025125628140703
rtx,elliptic,shuffled,random,20261005,456,47,846,22,0.032898988565861514
rtx,elliptic,shuffled,random,20261005,456,48,471,36,0.15513318895035103
rtx,elliptic,shuffled,random,20261005,456,49,476,56,0.20861288512480408
rtx,elliptic,rf_local,louvain,20261003,123,40,1211,112,0.7623572590309591
rtx,elliptic,rf_local,louvain,20261003,123,41,1132,116,0.9582241014230152
rtx,elliptic,rf_local,louvain,20261003,123,42,2154,239,0.8821655500520159
rtx,elliptic,rf_local,louvain,20261003,123,43,1370,24,0.026007088042339782
rtx,elliptic,rf_local,louvain,20261003,123,44,1591,24,0.035725736785766994
rtx,elliptic,rf_local,louvain,20261003,123,45,1221,5,0.016552332676070272
rtx,elliptic,rf_local,louvain,20261003,123,46,712,2,0.17169179229480735
rtx,elliptic,rf_local,louvain,20261003,123,47,846,22,0.02288435270299104
rtx,elliptic,rf_local,louvain,20261003,123,48,471,36,0.10648801522068908
rtx,elliptic,rf_local,louvain,20261003,123,49,476,56,0.1875159396256372
rtx,elliptic,rf_local,louvain,20261003,42,40,1211,112,0.7636495880452842
rtx,elliptic,rf_local,louvain,20261003,42,41,1132,116,0.9585148627592527
rtx,elliptic,rf_local,louvain,20261003,42,42,2154,239,0.8841343238744982
rtx,elliptic,rf_local,louvain,20261003,42,43,1370,24,0.033391725425545644
rtx,elliptic,rf_local,louvain,20261003,42,44,1591,24,0.03799995442161091
rtx,elliptic,rf_local,louvain,20261003,42,45,1221,5,0.011728128341324612
rtx,elliptic,rf_local,louvain,20261003,42,46,712,2,0.17006802721088435
rtx,elliptic,rf_local,louvain,20261003,42,47,846,22,0.026756263472104157
rtx,elliptic,rf_local,louvain,20261003,42,48,471,36,0.09475379863469552
rtx,elliptic,rf_local,louvain,20261003,42,49,476,56,0.16822630813354852
rtx,elliptic,rf_local,louvain,20261003,456,40,1211,112,0.7644887881621892
rtx,elliptic,rf_local,louvain,20261003,456,41,1132,116,0.956743853199376
rtx,elliptic,rf_local,louvain,20261003,456,42,2154,239,0.8797429122215105
rtx,elliptic,rf_local,louvain,20261003,456,43,1370,24,0.03060473903258508
rtx,elliptic,rf_local,louvain,20261003,456,44,1591,24,0.034953607286815826
rtx,elliptic,rf_local,louvain,20261003,456,45,1221,5,0.01504137224379799
rtx,elliptic,rf_local,louvain,20261003,456,46,712,2,0.17311827956989245
rtx,elliptic,rf_local,louvain,20261003,456,47,846,22,0.025405264823590904
rtx,elliptic,rf_local,louvain,20261003,456,48,471,36,0.1061331057892473
rtx,elliptic,rf_local,louvain,20261003,456,49,476,56,0.18817202986885845
rtx,elliptic,rf_local,louvain,20261004,123,40,1211,112,0.755624928141019
rtx,elliptic,rf_local,louvain,20261004,123,41,1132,116,0.9559030015921051
rtx,elliptic,rf_local,louvain,20261004,123,42,2154,239,0.8797329124977942
rtx,elliptic,rf_local,louvain,20261004,123,43,1370,24,0.038370757484887906
rtx,elliptic,rf_local,louvain,20261004,123,44,1591,24,0.038304721714083
rtx,elliptic,rf_local,louvain,20261004,123,45,1221,5,0.007467468549628403
rtx,elliptic,rf_local,louvain,20261004,123,46,712,2,0.17295597484276728
rtx,elliptic,rf_local,louvain,20261004,123,47,846,22,0.026373025570614196
rtx,elliptic,rf_local,louvain,20261004,123,48,471,36,0.09796751084947625
rtx,elliptic,rf_local,louvain,20261004,123,49,476,56,0.16942014105867048
rtx,elliptic,rf_local,louvain,20261004,42,40,1211,112,0.7545364799430495
rtx,elliptic,rf_local,louvain,20261004,42,41,1132,116,0.9588536905444471
rtx,elliptic,rf_local,louvain,20261004,42,42,2154,239,0.880894358197993
rtx,elliptic,rf_local,louvain,20261004,42,43,1370,24,0.03878897125521071
rtx,elliptic,rf_local,louvain,20261004,42,44,1591,24,0.03996466839763787
rtx,elliptic,rf_local,louvain,20261004,42,45,1221,5,0.006734779031113397
rtx,elliptic,rf_local,louvain,20261004,42,46,712,2,0.13020833333333334
rtx,elliptic,rf_local,louvain,20261004,42,47,846,22,0.028707877179911963
rtx,elliptic,rf_local,louvain,20261004,42,48,471,36,0.09668298734130855
rtx,elliptic,rf_local,louvain,20261004,42,49,476,56,0.15886701341678536
rtx,elliptic,rf_local,louvain,20261004,456,40,1211,112,0.7583748409501357
rtx,elliptic,rf_local,louvain,20261004,456,41,1132,116,0.9560484545529813
rtx,elliptic,rf_local,louvain,20261004,456,42,2154,239,0.879922146408554
rtx,elliptic,rf_local,louvain,20261004,456,43,1370,24,0.04093481565207171
rtx,elliptic,rf_local,louvain,20261004,456,44,1591,24,0.03670193832358648
rtx,elliptic,rf_local,louvain,20261004,456,45,1221,5,0.005752192956637237
rtx,elliptic,rf_local,louvain,20261004,456,46,712,2,0.1724470134874759
rtx,elliptic,rf_local,louvain,20261004,456,47,846,22,0.028037388817655193
rtx,elliptic,rf_local,louvain,20261004,456,48,471,36,0.08281724076120169
rtx,elliptic,rf_local,louvain,20261004,456,49,476,56,0.15443584452540265
rtx,elliptic,rf_local,louvain,20261005,123,40,1211,112,0.7497385605259924
rtx,elliptic,rf_local,louvain,20261005,123,41,1132,116,0.9589353778290346
rtx,elliptic,rf_local,louvain,20261005,123,42,2154,239,0.8732286668722098
rtx,elliptic,rf_local,louvain,20261005,123,43,1370,24,0.03560623057137884
rtx,elliptic,rf_local,louvain,20261005,123,44,1591,24,0.03383300880977283
rtx,elliptic,rf_local,louvain,20261005,123,45,1221,5,0.00803322374881728
rtx,elliptic,rf_local,louvain,20261005,123,46,712,2,0.25485436893203883
rtx,elliptic,rf_local,louvain,20261005,123,47,846,22,0.022326315278584905
rtx,elliptic,rf_local,louvain,20261005,123,48,471,36,0.07978558799519117
rtx,elliptic,rf_local,louvain,20261005,123,49,476,56,0.15286483578551405
rtx,elliptic,rf_local,louvain,20261005,42,40,1211,112,0.7571862275646868
rtx,elliptic,rf_local,louvain,20261005,42,41,1132,116,0.9567169481181674
rtx,elliptic,rf_local,louvain,20261005,42,42,2154,239,0.8698169115024549
rtx,elliptic,rf_local,louvain,20261005,42,43,1370,24,0.03518874951734057
rtx,elliptic,rf_local,louvain,20261005,42,44,1591,24,0.035813006580887194
rtx,elliptic,rf_local,louvain,20261005,42,45,1221,5,0.008309713487841076
rtx,elliptic,rf_local,louvain,20261005,42,46,712,2,0.17287784679089027
rtx,elliptic,rf_local,louvain,20261005,42,47,846,22,0.020825686662636754
rtx,elliptic,rf_local,louvain,20261005,42,48,471,36,0.07100035713194973
rtx,elliptic,rf_local,louvain,20261005,42,49,476,56,0.12812127981080906
rtx,elliptic,rf_local,louvain,20261005,456,40,1211,112,0.751847672879965
rtx,elliptic,rf_local,louvain,20261005,456,41,1132,116,0.9573470208041578
rtx,elliptic,rf_local,louvain,20261005,456,42,2154,239,0.8736526565770627
rtx,elliptic,rf_local,louvain,20261005,456,43,1370,24,0.037440367384124866
rtx,elliptic,rf_local,louvain,20261005,456,44,1591,24,0.03670993901077808
rtx,elliptic,rf_local,louvain,20261005,456,45,1221,5,0.007702454345946482
rtx,elliptic,rf_local,louvain,20261005,456,46,712,2,0.1700796359499431
rtx,elliptic,rf_local,louvain,20261005,456,47,846,22,0.021553620123747425
rtx,elliptic,rf_local,louvain,20261005,456,48,471,36,0.08079224994414329
rtx,elliptic,rf_local,louvain,20261005,456,49,476,56,0.15086324515468869
rtx,elliptic,rf_local,random,20261003,123,40,1211,112,0.7638426657420274
rtx,elliptic,rf_local,random,20261003,123,41,1132,116,0.960113505307112
rtx,elliptic,rf_local,random,20261003,123,42,2154,239,0.8806152802633995
rtx,elliptic,rf_local,random,20261003,123,43,1370,24,0.03602165609903426
rtx,elliptic,rf_local,random,20261003,123,44,1591,24,0.03728052332691417
rtx,elliptic,rf_local,random,20261003,123,45,1221,5,0.008817423819537984
rtx,elliptic,rf_local,random,20261003,123,46,712,2,0.502724795640327
rtx,elliptic,rf_local,random,20261003,123,47,846,22,0.028457496137513163
rtx,elliptic,rf_local,random,20261003,123,48,471,36,0.0887594934512805
rtx,elliptic,rf_local,random,20261003,123,49,476,56,0.15784241815688763
rtx,elliptic,rf_local,random,20261003,42,40,1211,112,0.7652422687926009
rtx,elliptic,rf_local,random,20261003,42,41,1132,116,0.9610773116675622
rtx,elliptic,rf_local,random,20261003,42,42,2154,239,0.8845001675716583
rtx,elliptic,rf_local,random,20261003,42,43,1370,24,0.041801245972086044
rtx,elliptic,rf_local,random,20261003,42,44,1591,24,0.03571862913898669
rtx,elliptic,rf_local,random,20261003,42,45,1221,5,0.010326969416126043
rtx,elliptic,rf_local,random,20261003,42,46,712,2,0.5045045045045045
rtx,elliptic,rf_local,random,20261003,42,47,846,22,0.027026300220730805
rtx,elliptic,rf_local,random,20261003,42,48,471,36,0.08554751274580202
rtx,elliptic,rf_local,random,20261003,42,49,476,56,0.15856264370830644
rtx,elliptic,rf_local,random,20261003,456,40,1211,112,0.764228109769384
rtx,elliptic,rf_local,random,20261003,456,41,1132,116,0.9615449849915132
rtx,elliptic,rf_local,random,20261003,456,42,2154,239,0.8810006292145848
rtx,elliptic,rf_local,random,20261003,456,43,1370,24,0.039958062166922874
rtx,elliptic,rf_local,random,20261003,456,44,1591,24,0.03823318977658434
rtx,elliptic,rf_local,random,20261003,456,45,1221,5,0.009685571545028308
rtx,elliptic,rf_local,random,20261003,456,46,712,2,0.5026954177897575
rtx,elliptic,rf_local,random,20261003,456,47,846,22,0.029412259903689918
rtx,elliptic,rf_local,random,20261003,456,48,471,36,0.08117369521392932
rtx,elliptic,rf_local,random,20261003,456,49,476,56,0.1566902770948659
rtx,elliptic,rf_local,random,20261004,123,40,1211,112,0.7491744499640728
rtx,elliptic,rf_local,random,20261004,123,41,1132,116,0.960089214986764
rtx,elliptic,rf_local,random,20261004,123,42,2154,239,0.8841804110578653
rtx,elliptic,rf_local,random,20261004,123,43,1370,24,0.03723637596846146
rtx,elliptic,rf_local,random,20261004,123,44,1591,24,0.033409598297684924
rtx,elliptic,rf_local,random,20261004,123,45,1221,5,0.006478345435059207
rtx,elliptic,rf_local,random,20261004,123,46,712,2,0.255524861878453
rtx,elliptic,rf_local,random,20261004,123,47,846,22,0.026996923755006796
rtx,elliptic,rf_local,random,20261004,123,48,471,36,0.09161408477404251
rtx,elliptic,rf_local,random,20261004,123,49,476,56,0.16647086483022308
rtx,elliptic,rf_local,random,20261004,42,40,1211,112,0.7515433835261766
rtx,elliptic,rf_local,random,20261004,42,41,1132,116,0.9590101785211032
rtx,elliptic,rf_local,random,20261004,42,42,2154,239,0.8852454155585568
rtx,elliptic,rf_local,random,20261004,42,43,1370,24,0.03245344006074516
rtx,elliptic,rf_local,random,20261004,42,44,1591,24,0.03156974235906294
rtx,elliptic,rf_local,random,20261004,42,45,1221,5,0.006501872764771148
rtx,elliptic,rf_local,random,20261004,42,46,712,2,0.25257731958762886
rtx,elliptic,rf_local,random,20261004,42,47,846,22,0.029556340522019664
rtx,elliptic,rf_local,random,20261004,42,48,471,36,0.09589447460529259
rtx,elliptic,rf_local,random,20261004,42,49,476,56,0.1677286756615159
rtx,elliptic,rf_local,random,20261004,456,40,1211,112,0.7516958893671525
rtx,elliptic,rf_local,random,20261004,456,41,1132,116,0.9579459296446436
rtx,elliptic,rf_local,random,20261004,456,42,2154,239,0.8847048973328705
rtx,elliptic,rf_local,random,20261004,456,43,1370,24,0.03236622738197794
rtx,elliptic,rf_local,random,20261004,456,44,1591,24,0.03149364827101921
rtx,elliptic,rf_local,random,20261004,456,45,1221,5,0.006247861269918583
rtx,elliptic,rf_local,random,20261004,456,46,712,2,0.25229885057471263
rtx,elliptic,rf_local,random,20261004,456,47,846,22,0.026559747533385556
rtx,elliptic,rf_local,random,20261004,456,48,471,36,0.0855105874291156
rtx,elliptic,rf_local,random,20261004,456,49,476,56,0.15186127968137117
rtx,elliptic,rf_local,random,20261005,123,40,1211,112,0.7546606417529504
rtx,elliptic,rf_local,random,20261005,123,41,1132,116,0.9602613966216001
rtx,elliptic,rf_local,random,20261005,123,42,2154,239,0.8817783287547453
rtx,elliptic,rf_local,random,20261005,123,43,1370,24,0.03373370515670369
rtx,elliptic,rf_local,random,20261005,123,44,1591,24,0.03207098584137521
rtx,elliptic,rf_local,random,20261005,123,45,1221,5,0.010059981056056076
rtx,elliptic,rf_local,random,20261005,123,46,712,2,0.505524861878453
rtx,elliptic,rf_local,random,20261005,123,47,846,22,0.02427949739399987
rtx,elliptic,rf_local,random,20261005,123,48,471,36,0.08033605621865557
rtx,elliptic,rf_local,random,20261005,123,49,476,56,0.133516515590933
rtx,elliptic,rf_local,random,20261005,42,40,1211,112,0.7540675350834981
rtx,elliptic,rf_local,random,20261005,42,41,1132,116,0.9579529854964193
rtx,elliptic,rf_local,random,20261005,42,42,2154,239,0.8821089242949173
rtx,elliptic,rf_local,random,20261005,42,43,1370,24,0.03385692513828913
rtx,elliptic,rf_local,random,20261005,42,44,1591,24,0.03613388476560798
rtx,elliptic,rf_local,random,20261005,42,45,1221,5,0.009732118380008864
rtx,elliptic,rf_local,random,20261005,42,46,712,2,0.5057803468208093
rtx,elliptic,rf_local,random,20261005,42,47,846,22,0.02909050995938943
rtx,elliptic,rf_local,random,20261005,42,48,471,36,0.09238597776163478
rtx,elliptic,rf_local,random,20261005,42,49,476,56,0.14855780688902778
rtx,elliptic,rf_local,random,20261005,456,40,1211,112,0.7505365724299746
rtx,elliptic,rf_local,random,20261005,456,41,1132,116,0.9590313820658614
rtx,elliptic,rf_local,random,20261005,456,42,2154,239,0.8798169592037056
rtx,elliptic,rf_local,random,20261005,456,43,1370,24,0.037423521821894935
rtx,elliptic,rf_local,random,20261005,456,44,1591,24,0.033857030635664
rtx,elliptic,rf_local,random,20261005,456,45,1221,5,0.011019436658634361
rtx,elliptic,rf_local,random,20261005,456,46,712,2,0.5068027210884354
rtx,elliptic,rf_local,random,20261005,456,47,846,22,0.02434168614235356
rtx,elliptic,rf_local,random,20261005,456,48,471,36,0.08488274957289413
rtx,elliptic,rf_local,random,20261005,456,49,476,56,0.13964806675106023
rtx,elliptic,rf_pooled,random,20261003,123,40,1211,112,0.7551018248873514
rtx,elliptic,rf_pooled,random,20261003,123,41,1132,116,0.9583907891371808
rtx,elliptic,rf_pooled,random,20261003,123,42,2154,239,0.882356909865803
rtx,elliptic,rf_pooled,random,20261003,123,43,1370,24,0.027280742509507305
rtx,elliptic,rf_pooled,random,20261003,123,44,1591,24,0.046476633245353234
rtx,elliptic,rf_pooled,random,20261003,123,45,1221,5,0.010362267914633209
rtx,elliptic,rf_pooled,random,20261003,123,46,712,2,0.5072992700729927
rtx,elliptic,rf_pooled,random,20261003,123,47,846,22,0.026202118504429894
rtx,elliptic,rf_pooled,random,20261003,123,48,471,36,0.08782173438470381
rtx,elliptic,rf_pooled,random,20261003,123,49,476,56,0.1705162701047665
rtx,elliptic,rf_pooled,random,20261003,42,40,1211,112,0.7613213686297728
rtx,elliptic,rf_pooled,random,20261003,42,41,1132,116,0.956932477763204
rtx,elliptic,rf_pooled,random,20261003,42,42,2154,239,0.884910155580906
rtx,elliptic,rf_pooled,random,20261003,42,43,1370,24,0.032603067484968044
rtx,elliptic,rf_pooled,random,20261003,42,44,1591,24,0.047318620217373854
rtx,elliptic,rf_pooled,random,20261003,42,45,1221,5,0.00963012663012663
rtx,elliptic,rf_pooled,random,20261003,42,46,712,2,0.5033003300330033
rtx,elliptic,rf_pooled,random,20261003,42,47,846,22,0.02418833834239101
rtx,elliptic,rf_pooled,random,20261003,42,48,471,36,0.07835089266832962
rtx,elliptic,rf_pooled,random,20261003,42,49,476,56,0.16725308809228415
rtx,elliptic,rf_pooled,random,20261003,456,40,1211,112,0.7592027671210154
rtx,elliptic,rf_pooled,random,20261003,456,41,1132,116,0.9592479477123917
rtx,elliptic,rf_pooled,random,20261003,456,42,2154,239,0.8867725979552774
rtx,elliptic,rf_pooled,random,20261003,456,43,1370,24,0.034285566242308135
rtx,elliptic,rf_pooled,random,20261003,456,44,1591,24,0.056117643465636295
rtx,elliptic,rf_pooled,random,20261003,456,45,1221,5,0.011021181292658517
rtx,elliptic,rf_pooled,random,20261003,456,46,712,2,0.5051282051282051
rtx,elliptic,rf_pooled,random,20261003,456,47,846,22,0.024938430013635195
rtx,elliptic,rf_pooled,random,20261003,456,48,471,36,0.09146041867408033
rtx,elliptic,rf_pooled,random,20261003,456,49,476,56,0.17592817821960743
rtx,elliptic,xgb_local,louvain,20261003,123,40,1211,112,0.7589707250234989
rtx,elliptic,xgb_local,louvain,20261003,123,41,1132,116,0.9566233532489812
rtx,elliptic,xgb_local,louvain,20261003,123,42,2154,239,0.8824732601145353
rtx,elliptic,xgb_local,louvain,20261003,123,43,1370,24,0.028771403117615404
rtx,elliptic,xgb_local,louvain,20261003,123,44,1591,24,0.034052705873080735
rtx,elliptic,xgb_local,louvain,20261003,123,45,1221,5,0.016018341489581905
rtx,elliptic,xgb_local,louvain,20261003,123,46,712,2,0.030638297872340424
rtx,elliptic,xgb_local,louvain,20261003,123,47,846,22,0.036439806064554964
rtx,elliptic,xgb_local,louvain,20261003,123,48,471,36,0.14670526534871003
rtx,elliptic,xgb_local,louvain,20261003,123,49,476,56,0.22493174572870728
rtx,elliptic,xgb_local,louvain,20261003,42,40,1211,112,0.7589707250234989
rtx,elliptic,xgb_local,louvain,20261003,42,41,1132,116,0.9566233532489812
rtx,elliptic,xgb_local,louvain,20261003,42,42,2154,239,0.8824732601145353
rtx,elliptic,xgb_local,louvain,20261003,42,43,1370,24,0.028771403117615404
rtx,elliptic,xgb_local,louvain,20261003,42,44,1591,24,0.034052705873080735
rtx,elliptic,xgb_local,louvain,20261003,42,45,1221,5,0.016018341489581905
rtx,elliptic,xgb_local,louvain,20261003,42,46,712,2,0.030638297872340424
rtx,elliptic,xgb_local,louvain,20261003,42,47,846,22,0.036439806064554964
rtx,elliptic,xgb_local,louvain,20261003,42,48,471,36,0.14670526534871003
rtx,elliptic,xgb_local,louvain,20261003,42,49,476,56,0.22493174572870728
rtx,elliptic,xgb_local,louvain,20261003,456,40,1211,112,0.7589707250234989
rtx,elliptic,xgb_local,louvain,20261003,456,41,1132,116,0.9566233532489812
rtx,elliptic,xgb_local,louvain,20261003,456,42,2154,239,0.8824732601145353
rtx,elliptic,xgb_local,louvain,20261003,456,43,1370,24,0.028771403117615404
rtx,elliptic,xgb_local,louvain,20261003,456,44,1591,24,0.034052705873080735
rtx,elliptic,xgb_local,louvain,20261003,456,45,1221,5,0.016018341489581905
rtx,elliptic,xgb_local,louvain,20261003,456,46,712,2,0.030638297872340424
rtx,elliptic,xgb_local,louvain,20261003,456,47,846,22,0.036439806064554964
rtx,elliptic,xgb_local,louvain,20261003,456,48,471,36,0.14670526534871003
rtx,elliptic,xgb_local,louvain,20261003,456,49,476,56,0.22493174572870728
rtx,elliptic,xgb_local,louvain,20261004,123,40,1211,112,0.7124938549074423
rtx,elliptic,xgb_local,louvain,20261004,123,41,1132,116,0.9517400211780571
rtx,elliptic,xgb_local,louvain,20261004,123,42,2154,239,0.882488059183522
rtx,elliptic,xgb_local,louvain,20261004,123,43,1370,24,0.0398168932406296
rtx,elliptic,xgb_local,louvain,20261004,123,44,1591,24,0.03395423328736411
rtx,elliptic,xgb_local,louvain,20261004,123,45,1221,5,0.014552846312812012
rtx,elliptic,xgb_local,louvain,20261004,123,46,712,2,0.02841950861752842
rtx,elliptic,xgb_local,louvain,20261004,123,47,846,22,0.03582285763116029
rtx,elliptic,xgb_local,louvain,20261004,123,48,471,36,0.1759685165306574
rtx,elliptic,xgb_local,louvain,20261004,123,49,476,56,0.2405452658521671
rtx,elliptic,xgb_local,louvain,20261004,42,40,1211,112,0.7124938549074423
rtx,elliptic,xgb_local,louvain,20261004,42,41,1132,116,0.9517400211780571
rtx,elliptic,xgb_local,louvain,20261004,42,42,2154,239,0.882488059183522
rtx,elliptic,xgb_local,louvain,20261004,42,43,1370,24,0.0398168932406296
rtx,elliptic,xgb_local,louvain,20261004,42,44,1591,24,0.03395423328736411
rtx,elliptic,xgb_local,louvain,20261004,42,45,1221,5,0.014552846312812012
rtx,elliptic,xgb_local,louvain,20261004,42,46,712,2,0.02841950861752842
rtx,elliptic,xgb_local,louvain,20261004,42,47,846,22,0.03582285763116029
rtx,elliptic,xgb_local,louvain,20261004,42,48,471,36,0.1759685165306574
rtx,elliptic,xgb_local,louvain,20261004,42,49,476,56,0.2405452658521671
rtx,elliptic,xgb_local,louvain,20261004,456,40,1211,112,0.7124938549074423
rtx,elliptic,xgb_local,louvain,20261004,456,41,1132,116,0.9517400211780571
rtx,elliptic,xgb_local,louvain,20261004,456,42,2154,239,0.882488059183522
rtx,elliptic,xgb_local,louvain,20261004,456,43,1370,24,0.0398168932406296
rtx,elliptic,xgb_local,louvain,20261004,456,44,1591,24,0.03395423328736411
rtx,elliptic,xgb_local,louvain,20261004,456,45,1221,5,0.014552846312812012
rtx,elliptic,xgb_local,louvain,20261004,456,46,712,2,0.02841950861752842
rtx,elliptic,xgb_local,louvain,20261004,456,47,846,22,0.03582285763116029
rtx,elliptic,xgb_local,louvain,20261004,456,48,471,36,0.1759685165306574
rtx,elliptic,xgb_local,louvain,20261004,456,49,476,56,0.2405452658521671
rtx,elliptic,xgb_local,louvain,20261005,123,40,1211,112,0.7507414200814541
rtx,elliptic,xgb_local,louvain,20261005,123,41,1132,116,0.9557859747175506
rtx,elliptic,xgb_local,louvain,20261005,123,42,2154,239,0.884830442642844
rtx,elliptic,xgb_local,louvain,20261005,123,43,1370,24,0.026343362870835763
rtx,elliptic,xgb_local,louvain,20261005,123,44,1591,24,0.03218785787852754
rtx,elliptic,xgb_local,louvain,20261005,123,45,1221,5,0.011093249672424203
rtx,elliptic,xgb_local,louvain,20261005,123,46,712,2,0.2621951219512195
rtx,elliptic,xgb_local,louvain,20261005,123,47,846,22,0.030638644001158052
rtx,elliptic,xgb_local,louvain,20261005,123,48,471,36,0.15264371740570962
rtx,elliptic,xgb_local,louvain,20261005,123,49,476,56,0.22416681202629235
rtx,elliptic,xgb_local,louvain,20261005,42,40,1211,112,0.7507414200814541
rtx,elliptic,xgb_local,louvain,20261005,42,41,1132,116,0.9557859747175506
rtx,elliptic,xgb_local,louvain,20261005,42,42,2154,239,0.884830442642844
rtx,elliptic,xgb_local,louvain,20261005,42,43,1370,24,0.026343362870835763
rtx,elliptic,xgb_local,louvain,20261005,42,44,1591,24,0.03218785787852754
rtx,elliptic,xgb_local,louvain,20261005,42,45,1221,5,0.011093249672424203
rtx,elliptic,xgb_local,louvain,20261005,42,46,712,2,0.2621951219512195
rtx,elliptic,xgb_local,louvain,20261005,42,47,846,22,0.030638644001158052
rtx,elliptic,xgb_local,louvain,20261005,42,48,471,36,0.15264371740570962
rtx,elliptic,xgb_local,louvain,20261005,42,49,476,56,0.22416681202629235
rtx,elliptic,xgb_local,louvain,20261005,456,40,1211,112,0.7507414200814541
rtx,elliptic,xgb_local,louvain,20261005,456,41,1132,116,0.9557859747175506
rtx,elliptic,xgb_local,louvain,20261005,456,42,2154,239,0.884830442642844
rtx,elliptic,xgb_local,louvain,20261005,456,43,1370,24,0.026343362870835763
rtx,elliptic,xgb_local,louvain,20261005,456,44,1591,24,0.03218785787852754
rtx,elliptic,xgb_local,louvain,20261005,456,45,1221,5,0.011093249672424203
rtx,elliptic,xgb_local,louvain,20261005,456,46,712,2,0.2621951219512195
rtx,elliptic,xgb_local,louvain,20261005,456,47,846,22,0.030638644001158052
rtx,elliptic,xgb_local,louvain,20261005,456,48,471,36,0.15264371740570962
rtx,elliptic,xgb_local,louvain,20261005,456,49,476,56,0.22416681202629235
rtx,elliptic,xgb_local,random,20261003,123,40,1211,112,0.7490177097384848
rtx,elliptic,xgb_local,random,20261003,123,41,1132,116,0.9593233425488418
rtx,elliptic,xgb_local,random,20261003,123,42,2154,239,0.8856335316805146
rtx,elliptic,xgb_local,random,20261003,123,43,1370,24,0.024750148819886523
rtx,elliptic,xgb_local,random,20261003,123,44,1591,24,0.03435131557091938
rtx,elliptic,xgb_local,random,20261003,123,45,1221,5,0.01433932166371805
rtx,elliptic,xgb_local,random,20261003,123,46,712,2,0.26282051282051283
rtx,elliptic,xgb_local,random,20261003,123,47,846,22,0.039658304707229024
rtx,elliptic,xgb_local,random,20261003,123,48,471,36,0.1488677826317953
rtx,elliptic,xgb_local,random,20261003,123,49,476,56,0.23674648420872385
rtx,elliptic,xgb_local,random,20261003,42,40,1211,112,0.7490177097384848
rtx,elliptic,xgb_local,random,20261003,42,41,1132,116,0.9593233425488418
rtx,elliptic,xgb_local,random,20261003,42,42,2154,239,0.8856335316805146
rtx,elliptic,xgb_local,random,20261003,42,43,1370,24,0.024750148819886523
rtx,elliptic,xgb_local,random,20261003,42,44,1591,24,0.03435131557091938
rtx,elliptic,xgb_local,random,20261003,42,45,1221,5,0.01433932166371805
rtx,elliptic,xgb_local,random,20261003,42,46,712,2,0.26282051282051283
rtx,elliptic,xgb_local,random,20261003,42,47,846,22,0.039658304707229024
rtx,elliptic,xgb_local,random,20261003,42,48,471,36,0.1488677826317953
rtx,elliptic,xgb_local,random,20261003,42,49,476,56,0.23674648420872385
rtx,elliptic,xgb_local,random,20261003,456,40,1211,112,0.7490177097384848
rtx,elliptic,xgb_local,random,20261003,456,41,1132,116,0.9593233425488418
rtx,elliptic,xgb_local,random,20261003,456,42,2154,239,0.8856335316805146
rtx,elliptic,xgb_local,random,20261003,456,43,1370,24,0.024750148819886523
rtx,elliptic,xgb_local,random,20261003,456,44,1591,24,0.03435131557091938
rtx,elliptic,xgb_local,random,20261003,456,45,1221,5,0.01433932166371805
rtx,elliptic,xgb_local,random,20261003,456,46,712,2,0.26282051282051283
rtx,elliptic,xgb_local,random,20261003,456,47,846,22,0.039658304707229024
rtx,elliptic,xgb_local,random,20261003,456,48,471,36,0.1488677826317953
rtx,elliptic,xgb_local,random,20261003,456,49,476,56,0.23674648420872385
rtx,elliptic,xgb_local,random,20261004,123,40,1211,112,0.7199989528041876
rtx,elliptic,xgb_local,random,20261004,123,41,1132,116,0.9582707706108722
rtx,elliptic,xgb_local,random,20261004,123,42,2154,239,0.8896184014809396
rtx,elliptic,xgb_local,random,20261004,123,43,1370,24,0.02456094015437561
rtx,elliptic,xgb_local,random,20261004,123,44,1591,24,0.030914828403413395
rtx,elliptic,xgb_local,random,20261004,123,45,1221,5,0.009814349173759571
rtx,elliptic,xgb_local,random,20261004,123,46,712,2,0.06984126984126984
rtx,elliptic,xgb_local,random,20261004,123,47,846,22,0.038836271688299014
rtx,elliptic,xgb_local,random,20261004,123,48,471,36,0.16207164074607971
rtx,elliptic,xgb_local,random,20261004,123,49,476,56,0.23227540161839386
rtx,elliptic,xgb_local,random,20261004,42,40,1211,112,0.7199989528041876
rtx,elliptic,xgb_local,random,20261004,42,41,1132,116,0.9582707706108722
rtx,elliptic,xgb_local,random,20261004,42,42,2154,239,0.8896184014809396
rtx,elliptic,xgb_local,random,20261004,42,43,1370,24,0.02456094015437561
rtx,elliptic,xgb_local,random,20261004,42,44,1591,24,0.030914828403413395
rtx,elliptic,xgb_local,random,20261004,42,45,1221,5,0.009814349173759571
rtx,elliptic,xgb_local,random,20261004,42,46,712,2,0.06984126984126984
rtx,elliptic,xgb_local,random,20261004,42,47,846,22,0.038836271688299014
rtx,elliptic,xgb_local,random,20261004,42,48,471,36,0.16207164074607971
rtx,elliptic,xgb_local,random,20261004,42,49,476,56,0.23227540161839386
rtx,elliptic,xgb_local,random,20261004,456,40,1211,112,0.7199989528041876
rtx,elliptic,xgb_local,random,20261004,456,41,1132,116,0.9582707706108722
rtx,elliptic,xgb_local,random,20261004,456,42,2154,239,0.8896184014809396
rtx,elliptic,xgb_local,random,20261004,456,43,1370,24,0.02456094015437561
rtx,elliptic,xgb_local,random,20261004,456,44,1591,24,0.030914828403413395
rtx,elliptic,xgb_local,random,20261004,456,45,1221,5,0.009814349173759571
rtx,elliptic,xgb_local,random,20261004,456,46,712,2,0.06984126984126984
rtx,elliptic,xgb_local,random,20261004,456,47,846,22,0.038836271688299014
rtx,elliptic,xgb_local,random,20261004,456,48,471,36,0.16207164074607971
rtx,elliptic,xgb_local,random,20261004,456,49,476,56,0.23227540161839386
rtx,elliptic,xgb_local,random,20261005,123,40,1211,112,0.7435852619095904
rtx,elliptic,xgb_local,random,20261005,123,41,1132,116,0.9614526685151122
rtx,elliptic,xgb_local,random,20261005,123,42,2154,239,0.8914339094915198
rtx,elliptic,xgb_local,random,20261005,123,43,1370,24,0.026372886334187703
rtx,elliptic,xgb_local,random,20261005,123,44,1591,24,0.03814568186429987
rtx,elliptic,xgb_local,random,20261005,123,45,1221,5,0.016198607515080253
rtx,elliptic,xgb_local,random,20261005,123,46,712,2,0.11785714285714285
rtx,elliptic,xgb_local,random,20261005,123,47,846,22,0.03561099717328851
rtx,elliptic,xgb_local,random,20261005,123,48,471,36,0.15515857981594888
rtx,elliptic,xgb_local,random,20261005,123,49,476,56,0.2003453898439636
rtx,elliptic,xgb_local,random,20261005,42,40,1211,112,0.7435852619095904
rtx,elliptic,xgb_local,random,20261005,42,41,1132,116,0.9614526685151122
rtx,elliptic,xgb_local,random,20261005,42,42,2154,239,0.8914339094915198
rtx,elliptic,xgb_local,random,20261005,42,43,1370,24,0.026372886334187703
rtx,elliptic,xgb_local,random,20261005,42,44,1591,24,0.03814568186429987
rtx,elliptic,xgb_local,random,20261005,42,45,1221,5,0.016198607515080253
rtx,elliptic,xgb_local,random,20261005,42,46,712,2,0.11785714285714285
rtx,elliptic,xgb_local,random,20261005,42,47,846,22,0.03561099717328851
rtx,elliptic,xgb_local,random,20261005,42,48,471,36,0.15515857981594888
rtx,elliptic,xgb_local,random,20261005,42,49,476,56,0.2003453898439636
rtx,elliptic,xgb_local,random,20261005,456,40,1211,112,0.7435852619095904
rtx,elliptic,xgb_local,random,20261005,456,41,1132,116,0.9614526685151122
rtx,elliptic,xgb_local,random,20261005,456,42,2154,239,0.8914339094915198
rtx,elliptic,xgb_local,random,20261005,456,43,1370,24,0.026372886334187703
rtx,elliptic,xgb_local,random,20261005,456,44,1591,24,0.03814568186429987
rtx,elliptic,xgb_local,random,20261005,456,45,1221,5,0.016198607515080253
rtx,elliptic,xgb_local,random,20261005,456,46,712,2,0.11785714285714285
rtx,elliptic,xgb_local,random,20261005,456,47,846,22,0.03561099717328851
rtx,elliptic,xgb_local,random,20261005,456,48,471,36,0.15515857981594888
rtx,elliptic,xgb_local,random,20261005,456,49,476,56,0.2003453898439636
rtx,elliptic,xgb_pooled,random,20261003,123,40,1211,112,0.7418942371152991
rtx,elliptic,xgb_pooled,random,20261003,123,41,1132,116,0.9616193863974029
rtx,elliptic,xgb_pooled,random,20261003,123,42,2154,239,0.88784294686364
rtx,elliptic,xgb_pooled,random,20261003,123,43,1370,24,0.02594501429908075
rtx,elliptic,xgb_pooled,random,20261003,123,44,1591,24,0.03934672278551989
rtx,elliptic,xgb_pooled,random,20261003,123,45,1221,5,0.010363565435458317
rtx,elliptic,xgb_pooled,random,20261003,123,46,712,2,0.07765151515151515
rtx,elliptic,xgb_pooled,random,20261003,123,47,846,22,0.03544914641137641
rtx,elliptic,xgb_pooled,random,20261003,123,48,471,36,0.1497530492766438
rtx,elliptic,xgb_pooled,random,20261003,123,49,476,56,0.20757265638668124
rtx,elliptic,xgb_pooled,random,20261003,42,40,1211,112,0.7418942371152991
rtx,elliptic,xgb_pooled,random,20261003,42,41,1132,116,0.9616193863974029
rtx,elliptic,xgb_pooled,random,20261003,42,42,2154,239,0.88784294686364
rtx,elliptic,xgb_pooled,random,20261003,42,43,1370,24,0.02594501429908075
rtx,elliptic,xgb_pooled,random,20261003,42,44,1591,24,0.03934672278551989
rtx,elliptic,xgb_pooled,random,20261003,42,45,1221,5,0.010363565435458317
rtx,elliptic,xgb_pooled,random,20261003,42,46,712,2,0.07765151515151515
rtx,elliptic,xgb_pooled,random,20261003,42,47,846,22,0.03544914641137641
rtx,elliptic,xgb_pooled,random,20261003,42,48,471,36,0.1497530492766438
rtx,elliptic,xgb_pooled,random,20261003,42,49,476,56,0.20757265638668124
rtx,elliptic,xgb_pooled,random,20261003,456,40,1211,112,0.7418942371152991
rtx,elliptic,xgb_pooled,random,20261003,456,41,1132,116,0.9616193863974029
rtx,elliptic,xgb_pooled,random,20261003,456,42,2154,239,0.88784294686364
rtx,elliptic,xgb_pooled,random,20261003,456,43,1370,24,0.02594501429908075
rtx,elliptic,xgb_pooled,random,20261003,456,44,1591,24,0.03934672278551989
rtx,elliptic,xgb_pooled,random,20261003,456,45,1221,5,0.010363565435458317
rtx,elliptic,xgb_pooled,random,20261003,456,46,712,2,0.07765151515151515
rtx,elliptic,xgb_pooled,random,20261003,456,47,846,22,0.03544914641137641
rtx,elliptic,xgb_pooled,random,20261003,456,48,471,36,0.1497530492766438
rtx,elliptic,xgb_pooled,random,20261003,456,49,476,56,0.20757265638668124
rtx,ibm,current,louvain,20261003,123,9,130882,88,0.016851914518621346
rtx,ibm,current,louvain,20261003,123,10,41674,103,0.10762422899465598
rtx,ibm,fedavg,louvain,20261003,123,9,130882,88,0.01810630149884947
rtx,ibm,fedavg,louvain,20261003,123,10,41674,103,0.09788510991231368
rtx,ibm,fedgcn,louvain,20261003,123,9,130882,88,0.005306376593146511
rtx,ibm,fedgcn,louvain,20261003,123,10,41674,103,0.024190304406656912
rtx,ibm,fedmlp,louvain,20261003,123,9,130882,88,0.01946030373956895
rtx,ibm,fedmlp,louvain,20261003,123,10,41674,103,0.11248079395752482
rtx,ibm,fresh,louvain,20261003,123,9,130882,88,0.018404152789965402
rtx,ibm,fresh,louvain,20261003,123,10,41674,103,0.09386621435185205
rtx,ibm,local,louvain,20261003,123,9,130882,88,0.008447536860888748
rtx,ibm,local,louvain,20261003,123,10,41674,103,0.03720981729060903
rtx,ibm,oracle,louvain,20261003,123,9,130882,88,0.019569635970723417
rtx,ibm,oracle,louvain,20261003,123,10,41674,103,0.08349188983336948
rtx,ibm,shuffled,louvain,20261003,123,9,130882,88,0.01609684619288362
rtx,ibm,shuffled,louvain,20261003,123,10,41674,103,0.07811024111508583
rtx,ibm,current,louvain,20261003,42,9,130882,88,0.01329562518945371
rtx,ibm,current,louvain,20261003,42,10,41674,103,0.10061596845301705
rtx,ibm,fedavg,louvain,20261003,42,9,130882,88,0.025888755529655114
rtx,ibm,fedavg,louvain,20261003,42,10,41674,103,0.1095913361345936
rtx,ibm,fedgcn,louvain,20261003,42,9,130882,88,0.005074984373406218
rtx,ibm,fedgcn,louvain,20261003,42,10,41674,103,0.025567958254611917
rtx,ibm,fedmlp,louvain,20261003,42,9,130882,88,0.029978532495415853
rtx,ibm,fedmlp,louvain,20261003,42,10,41674,103,0.0906003267568425
rtx,ibm,fresh,louvain,20261003,42,9,130882,88,0.013252920197896449
rtx,ibm,fresh,louvain,20261003,42,10,41674,103,0.0964023541816092
rtx,ibm,local,louvain,20261003,42,9,130882,88,0.013514699461206862
rtx,ibm,local,louvain,20261003,42,10,41674,103,0.04967409374245716
rtx,ibm,oracle,louvain,20261003,42,9,130882,88,0.022445120497571074
rtx,ibm,oracle,louvain,20261003,42,10,41674,103,0.09959470559427329
rtx,ibm,shuffled,louvain,20261003,42,9,130882,88,0.015071551543695171
rtx,ibm,shuffled,louvain,20261003,42,10,41674,103,0.09237737422701783
rtx,ibm,current,louvain,20261003,456,9,130882,88,0.02358926433935278
rtx,ibm,current,louvain,20261003,456,10,41674,103,0.11891049178907698
rtx,ibm,fedavg,louvain,20261003,456,9,130882,88,0.02541504259290984
rtx,ibm,fedavg,louvain,20261003,456,10,41674,103,0.11258265801113863
rtx,ibm,fedgcn,louvain,20261003,456,9,130882,88,0.00484186069891815
rtx,ibm,fedgcn,louvain,20261003,456,10,41674,103,0.019840444117915215
rtx,ibm,fedmlp,louvain,20261003,456,9,130882,88,0.026309791842620337
rtx,ibm,fedmlp,louvain,20261003,456,10,41674,103,0.0870510682940652
rtx,ibm,fresh,louvain,20261003,456,9,130882,88,0.018081630693131154
rtx,ibm,fresh,louvain,20261003,456,10,41674,103,0.13479417336479055
rtx,ibm,local,louvain,20261003,456,9,130882,88,0.019663518037741
rtx,ibm,local,louvain,20261003,456,10,41674,103,0.057910782043030046
rtx,ibm,oracle,louvain,20261003,456,9,130882,88,0.020994365548069837
rtx,ibm,oracle,louvain,20261003,456,10,41674,103,0.08453000999559969
rtx,ibm,shuffled,louvain,20261003,456,9,130882,88,0.015014904105165056
rtx,ibm,shuffled,louvain,20261003,456,10,41674,103,0.09309643395834782
rtx,ibm,current,louvain,20261004,123,9,130882,88,0.010912338070045127
rtx,ibm,current,louvain,20261004,123,10,41674,103,0.09128164342853443
rtx,ibm,fedavg,louvain,20261004,123,9,130882,88,0.013315673900170551
rtx,ibm,fedavg,louvain,20261004,123,10,41674,103,0.08902012523327017
rtx,ibm,fedgcn,louvain,20261004,123,9,130882,88,0.005620179780048948
rtx,ibm,fedgcn,louvain,20261004,123,10,41674,103,0.024261309941480288
rtx,ibm,fedmlp,louvain,20261004,123,9,130882,88,0.031230229815684837
rtx,ibm,fedmlp,louvain,20261004,123,10,41674,103,0.08515324720817574
rtx,ibm,fresh,louvain,20261004,123,9,130882,88,0.011729793158421643
rtx,ibm,fresh,louvain,20261004,123,10,41674,103,0.0770799884117813
rtx,ibm,local,louvain,20261004,123,9,130882,88,0.011773901324258733
rtx,ibm,local,louvain,20261004,123,10,41674,103,0.03931666916132958
rtx,ibm,oracle,louvain,20261004,123,9,130882,88,0.012394889245934142
rtx,ibm,oracle,louvain,20261004,123,10,41674,103,0.08047582864383965
rtx,ibm,shuffled,louvain,20261004,123,9,130882,88,0.010839970490664737
rtx,ibm,shuffled,louvain,20261004,123,10,41674,103,0.08021560665786881
rtx,ibm,current,louvain,20261004,42,9,130882,88,0.012800026073364036
rtx,ibm,current,louvain,20261004,42,10,41674,103,0.09114173000476465
rtx,ibm,fedavg,louvain,20261004,42,9,130882,88,0.02049230813237222
rtx,ibm,fedavg,louvain,20261004,42,10,41674,103,0.1213711956352664
rtx,ibm,fedgcn,louvain,20261004,42,9,130882,88,0.005111300925929991
rtx,ibm,fedgcn,louvain,20261004,42,10,41674,103,0.025014451330590978
rtx,ibm,fedmlp,louvain,20261004,42,9,130882,88,0.040145903743614646
rtx,ibm,fedmlp,louvain,20261004,42,10,41674,103,0.09249738435352932
rtx,ibm,fresh,louvain,20261004,42,9,130882,88,0.012812036705872398
rtx,ibm,fresh,louvain,20261004,42,10,41674,103,0.0867341501863996
rtx,ibm,local,louvain,20261004,42,9,130882,88,0.016429935276382632
rtx,ibm,local,louvain,20261004,42,10,41674,103,0.0517730240649766
rtx,ibm,oracle,louvain,20261004,42,9,130882,88,0.020338297570587305
rtx,ibm,oracle,louvain,20261004,42,10,41674,103,0.0854307601220586
rtx,ibm,shuffled,louvain,20261004,42,9,130882,88,0.013756432701065253
rtx,ibm,shuffled,louvain,20261004,42,10,41674,103,0.0716545536317888
rtx,ibm,current,louvain,20261004,456,9,130882,88,0.01672739054617374
rtx,ibm,current,louvain,20261004,456,10,41674,103,0.09223487655848231
rtx,ibm,fedavg,louvain,20261004,456,9,130882,88,0.021810129099874738
rtx,ibm,fedavg,louvain,20261004,456,10,41674,103,0.08455812282500405
rtx,ibm,fedgcn,louvain,20261004,456,9,130882,88,0.004707097046309877
rtx,ibm,fedgcn,louvain,20261004,456,10,41674,103,0.01982979791176797
rtx,ibm,fedmlp,louvain,20261004,456,9,130882,88,0.04342923180034607
rtx,ibm,fedmlp,louvain,20261004,456,10,41674,103,0.09279310069968119
rtx,ibm,fresh,louvain,20261004,456,9,130882,88,0.02633444228920582
rtx,ibm,fresh,louvain,20261004,456,10,41674,103,0.08348803066502469
rtx,ibm,local,louvain,20261004,456,9,130882,88,0.01910244586119714
rtx,ibm,local,louvain,20261004,456,10,41674,103,0.05869706254086866
rtx,ibm,oracle,louvain,20261004,456,9,130882,88,0.020036662352111264
rtx,ibm,oracle,louvain,20261004,456,10,41674,103,0.08941572552383513
rtx,ibm,shuffled,louvain,20261004,456,9,130882,88,0.014732648596407265
rtx,ibm,shuffled,louvain,20261004,456,10,41674,103,0.06816512089027113
rtx,ibm,current,louvain,20261005,123,9,130882,88,0.010454494823392347
rtx,ibm,current,louvain,20261005,123,10,41674,103,0.09303410735171838
rtx,ibm,fedavg,louvain,20261005,123,9,130882,88,0.017630732406733324
rtx,ibm,fedavg,louvain,20261005,123,10,41674,103,0.09629466745469584
rtx,ibm,fedgcn,louvain,20261005,123,9,130882,88,0.005433474146304981
rtx,ibm,fedgcn,louvain,20261005,123,10,41674,103,0.024422633346554215
rtx,ibm,fedmlp,louvain,20261005,123,9,130882,88,0.021498795237260428
rtx,ibm,fedmlp,louvain,20261005,123,10,41674,103,0.10396076513873788
rtx,ibm,fresh,louvain,20261005,123,9,130882,88,0.010356146480566599
rtx,ibm,fresh,louvain,20261005,123,10,41674,103,0.09246157721235362
rtx,ibm,local,louvain,20261005,123,9,130882,88,0.020605464587648736
rtx,ibm,local,louvain,20261005,123,10,41674,103,0.04792093339074508
rtx,ibm,oracle,louvain,20261005,123,9,130882,88,0.017712818512417235
rtx,ibm,oracle,louvain,20261005,123,10,41674,103,0.10022624267144413
rtx,ibm,shuffled,louvain,20261005,123,9,130882,88,0.017201047575270682
rtx,ibm,shuffled,louvain,20261005,123,10,41674,103,0.0958295984309401
rtx,ibm,current,louvain,20261005,42,9,130882,88,0.018271153901685034
rtx,ibm,current,louvain,20261005,42,10,41674,103,0.07753169734011903
rtx,ibm,fedavg,louvain,20261005,42,9,130882,88,0.01826232135207996
rtx,ibm,fedavg,louvain,20261005,42,10,41674,103,0.10575094968661032
rtx,ibm,fedgcn,louvain,20261005,42,9,130882,88,0.005165669458795971
rtx,ibm,fedgcn,louvain,20261005,42,10,41674,103,0.02524118436135524
rtx,ibm,fedmlp,louvain,20261005,42,9,130882,88,0.02784912999190658
rtx,ibm,fedmlp,louvain,20261005,42,10,41674,103,0.08753874604862077
rtx,ibm,fresh,louvain,20261005,42,9,130882,88,0.012773737556091085
rtx,ibm,fresh,louvain,20261005,42,10,41674,103,0.10258218954243825
rtx,ibm,local,louvain,20261005,42,9,130882,88,0.014787264645614967
rtx,ibm,local,louvain,20261005,42,10,41674,103,0.06203562858519941
rtx,ibm,oracle,louvain,20261005,42,9,130882,88,0.017646509320867754
rtx,ibm,oracle,louvain,20261005,42,10,41674,103,0.0948779288811536
rtx,ibm,shuffled,louvain,20261005,42,9,130882,88,0.014121235052799296
rtx,ibm,shuffled,louvain,20261005,42,10,41674,103,0.07707843167868858
rtx,ibm,current,louvain,20261005,456,9,130882,88,0.020522225178014
rtx,ibm,current,louvain,20261005,456,10,41674,103,0.11355278287775386
rtx,ibm,fedavg,louvain,20261005,456,9,130882,88,0.014210204862986714
rtx,ibm,fedavg,louvain,20261005,456,10,41674,103,0.08071469394979483
rtx,ibm,fedgcn,louvain,20261005,456,9,130882,88,0.004779415331742202
rtx,ibm,fedgcn,louvain,20261005,456,10,41674,103,0.01964243274403982
rtx,ibm,fedmlp,louvain,20261005,456,9,130882,88,0.03455391442695391
rtx,ibm,fedmlp,louvain,20261005,456,10,41674,103,0.09423203364460947
rtx,ibm,fresh,louvain,20261005,456,9,130882,88,0.017618380000783924
rtx,ibm,fresh,louvain,20261005,456,10,41674,103,0.11354757024614068
rtx,ibm,local,louvain,20261005,456,9,130882,88,0.0193036609084857
rtx,ibm,local,louvain,20261005,456,10,41674,103,0.06639033457185817
rtx,ibm,oracle,louvain,20261005,456,9,130882,88,0.024896620939697155
rtx,ibm,oracle,louvain,20261005,456,10,41674,103,0.12938525893066716
rtx,ibm,shuffled,louvain,20261005,456,9,130882,88,0.015394308097228587
rtx,ibm,shuffled,louvain,20261005,456,10,41674,103,0.08471043106658606
rtx,ibm,centralized,random,20261003,123,9,130882,88,0.023091481614195945
rtx,ibm,centralized,random,20261003,123,10,41674,103,0.09392372596390162
rtx,ibm,current,random,20261003,123,9,130882,88,0.014015627865638534
rtx,ibm,current,random,20261003,123,10,41674,103,0.08838554400868098
rtx,ibm,fedavg,random,20261003,123,9,130882,88,0.013662021375462534
rtx,ibm,fedavg,random,20261003,123,10,41674,103,0.07230368229858565
rtx,ibm,fedgcn,random,20261003,123,9,130882,88,0.00542057516447409
rtx,ibm,fedgcn,random,20261003,123,10,41674,103,0.024507553388939063
rtx,ibm,fedmlp,random,20261003,123,9,130882,88,0.027590377103297148
rtx,ibm,fedmlp,random,20261003,123,10,41674,103,0.09370990534663379
rtx,ibm,fresh,random,20261003,123,9,130882,88,0.014250325396693126
rtx,ibm,fresh,random,20261003,123,10,41674,103,0.09956171556388385
rtx,ibm,local,random,20261003,123,9,130882,88,0.015799817973807615
rtx,ibm,local,random,20261003,123,10,41674,103,0.06598570627440555
rtx,ibm,mlp,random,20261003,123,9,130882,88,0.02149678502919929
rtx,ibm,mlp,random,20261003,123,10,41674,103,0.10246676694222259
rtx,ibm,oracle,random,20261003,123,9,130882,88,0.018722087595569797
rtx,ibm,oracle,random,20261003,123,10,41674,103,0.09896717551391924
rtx,ibm,shuffled,random,20261003,123,9,130882,88,0.016134081486110386
rtx,ibm,shuffled,random,20261003,123,10,41674,103,0.09075014756542576
rtx,ibm,centralized,random,20261003,42,9,130882,88,0.01494303088606646
rtx,ibm,centralized,random,20261003,42,10,41674,103,0.0832004941889745
rtx,ibm,current,random,20261003,42,9,130882,88,0.013763418883005273
rtx,ibm,current,random,20261003,42,10,41674,103,0.08780918591445314
rtx,ibm,fedavg,random,20261003,42,9,130882,88,0.014426466805040443
rtx,ibm,fedavg,random,20261003,42,10,41674,103,0.08205895348519245
rtx,ibm,fedgcn,random,20261003,42,9,130882,88,0.005151959344939571
rtx,ibm,fedgcn,random,20261003,42,10,41674,103,0.025105746924119637
rtx,ibm,fedmlp,random,20261003,42,9,130882,88,0.031306671906252366
rtx,ibm,fedmlp,random,20261003,42,10,41674,103,0.0932661408746174
rtx,ibm,fresh,random,20261003,42,9,130882,88,0.013974894115074327
rtx,ibm,fresh,random,20261003,42,10,41674,103,0.08098936586708336
rtx,ibm,local,random,20261003,42,9,130882,88,0.009954832074711787
rtx,ibm,local,random,20261003,42,10,41674,103,0.05397152282062893
rtx,ibm,mlp,random,20261003,42,9,130882,88,0.03950267380942067
rtx,ibm,mlp,random,20261003,42,10,41674,103,0.09413746304772369
rtx,ibm,oracle,random,20261003,42,9,130882,88,0.03478437039449788
rtx,ibm,oracle,random,20261003,42,10,41674,103,0.09876518177673006
rtx,ibm,shuffled,random,20261003,42,9,130882,88,0.016643780862857782
rtx,ibm,shuffled,random,20261003,42,10,41674,103,0.09140133161164131
rtx,ibm,centralized,random,20261003,456,9,130882,88,0.022165666515657947
rtx,ibm,centralized,random,20261003,456,10,41674,103,0.06299130565323915
rtx,ibm,current,random,20261003,456,9,130882,88,0.0109033861762913
rtx,ibm,current,random,20261003,456,10,41674,103,0.07299079737058115
rtx,ibm,fedavg,random,20261003,456,9,130882,88,0.017795250445404472
rtx,ibm,fedavg,random,20261003,456,10,41674,103,0.09002236563613335
rtx,ibm,fedgcn,random,20261003,456,9,130882,88,0.004748414390359216
rtx,ibm,fedgcn,random,20261003,456,10,41674,103,0.019611846445684863
rtx,ibm,fedmlp,random,20261003,456,9,130882,88,0.02362423115065054
rtx,ibm,fedmlp,random,20261003,456,10,41674,103,0.09250318491436675
rtx,ibm,fresh,random,20261003,456,9,130882,88,0.010724106339869784
rtx,ibm,fresh,random,20261003,456,10,41674,103,0.07408177563004613
rtx,ibm,local,random,20261003,456,9,130882,88,0.007815423043153451
rtx,ibm,local,random,20261003,456,10,41674,103,0.04493186107120131
rtx,ibm,mlp,random,20261003,456,9,130882,88,0.027266755339820793
rtx,ibm,mlp,random,20261003,456,10,41674,103,0.09580822666313933
rtx,ibm,oracle,random,20261003,456,9,130882,88,0.01276286003316166
rtx,ibm,oracle,random,20261003,456,10,41674,103,0.05789299405832903
rtx,ibm,shuffled,random,20261003,456,9,130882,88,0.01502500434597029
rtx,ibm,shuffled,random,20261003,456,10,41674,103,0.09620599418670524
rtx,ibm,current,random,20261004,123,9,130882,88,0.011550410327476767
rtx,ibm,current,random,20261004,123,10,41674,103,0.08001678264243572
rtx,ibm,fedavg,random,20261004,123,9,130882,88,0.013738485325104181
rtx,ibm,fedavg,random,20261004,123,10,41674,103,0.07787129861056025
rtx,ibm,fedgcn,random,20261004,123,9,130882,88,0.005420479230912971
rtx,ibm,fedgcn,random,20261004,123,10,41674,103,0.02372100986754525
rtx,ibm,fedmlp,random,20261004,123,9,130882,88,0.018122945545872324
rtx,ibm,fedmlp,random,20261004,123,10,41674,103,0.10705477111204596
rtx,ibm,fresh,random,20261004,123,9,130882,88,0.010826693580500597
rtx,ibm,fresh,random,20261004,123,10,41674,103,0.0723551870390041
rtx,ibm,local,random,20261004,123,9,130882,88,0.00875748031638736
rtx,ibm,local,random,20261004,123,10,41674,103,0.035272662413475195
rtx,ibm,oracle,random,20261004,123,9,130882,88,0.018531838491434725
rtx,ibm,oracle,random,20261004,123,10,41674,103,0.08404227496352419
rtx,ibm,shuffled,random,20261004,123,9,130882,88,0.014291690995766777
rtx,ibm,shuffled,random,20261004,123,10,41674,103,0.07388104678051241
rtx,ibm,current,random,20261004,42,9,130882,88,0.012658649565629109
rtx,ibm,current,random,20261004,42,10,41674,103,0.07578556886582108
rtx,ibm,fedavg,random,20261004,42,9,130882,88,0.01162791225686387
rtx,ibm,fedavg,random,20261004,42,10,41674,103,0.06784423613886234
rtx,ibm,fedgcn,random,20261004,42,9,130882,88,0.0051200185534272325
rtx,ibm,fedgcn,random,20261004,42,10,41674,103,0.02517276171380021
rtx,ibm,fedmlp,random,20261004,42,9,130882,88,0.019672685293320044
rtx,ibm,fedmlp,random,20261004,42,10,41674,103,0.12491213465627586
rtx,ibm,fresh,random,20261004,42,9,130882,88,0.012998545481316709
rtx,ibm,fresh,random,20261004,42,10,41674,103,0.0767063563754295
rtx,ibm,local,random,20261004,42,9,130882,88,0.012656284316655162
rtx,ibm,local,random,20261004,42,10,41674,103,0.0547250277916059
rtx,ibm,oracle,random,20261004,42,9,130882,88,0.014390599732746477
rtx,ibm,oracle,random,20261004,42,10,41674,103,0.0645868354500826
rtx,ibm,shuffled,random,20261004,42,9,130882,88,0.01364111999872652
rtx,ibm,shuffled,random,20261004,42,10,41674,103,0.08802928211284271
rtx,ibm,current,random,20261004,456,9,130882,88,0.00947048027505343
rtx,ibm,current,random,20261004,456,10,41674,103,0.11694403604434107
rtx,ibm,fedavg,random,20261004,456,9,130882,88,0.010937402742105204
rtx,ibm,fedavg,random,20261004,456,10,41674,103,0.07169676024062005
rtx,ibm,fedgcn,random,20261004,456,9,130882,88,0.004764805760954781
rtx,ibm,fedgcn,random,20261004,456,10,41674,103,0.019725307243026565
rtx,ibm,fedmlp,random,20261004,456,9,130882,88,0.0176851908431702
rtx,ibm,fedmlp,random,20261004,456,10,41674,103,0.10554414088485202
rtx,ibm,fresh,random,20261004,456,9,130882,88,0.010065517693731499
rtx,ibm,fresh,random,20261004,456,10,41674,103,0.10768623877970042
rtx,ibm,local,random,20261004,456,9,130882,88,0.009858384778540423
rtx,ibm,local,random,20261004,456,10,41674,103,0.04667005673330339
rtx,ibm,oracle,random,20261004,456,9,130882,88,0.01705085522991701
rtx,ibm,oracle,random,20261004,456,10,41674,103,0.104643960514828
rtx,ibm,shuffled,random,20261004,456,9,130882,88,0.012114452695749556
rtx,ibm,shuffled,random,20261004,456,10,41674,103,0.07106370000223221
rtx,ibm,current,random,20261005,123,9,130882,88,0.015291130916711887
rtx,ibm,current,random,20261005,123,10,41674,103,0.07885002089616422
rtx,ibm,fedavg,random,20261005,123,9,130882,88,0.015267047450145123
rtx,ibm,fedavg,random,20261005,123,10,41674,103,0.0777278434947577
rtx,ibm,fedgcn,random,20261005,123,9,130882,88,0.005323655490616203
rtx,ibm,fedgcn,random,20261005,123,10,41674,103,0.023824667215541932
rtx,ibm,fedmlp,random,20261005,123,9,130882,88,0.024210714908904276
rtx,ibm,fedmlp,random,20261005,123,10,41674,103,0.08828586459116289
rtx,ibm,fresh,random,20261005,123,9,130882,88,0.012728520628589464
rtx,ibm,fresh,random,20261005,123,10,41674,103,0.07582496105300482
rtx,ibm,local,random,20261005,123,9,130882,88,0.009374236787755565
rtx,ibm,local,random,20261005,123,10,41674,103,0.0459664678802348
rtx,ibm,oracle,random,20261005,123,9,130882,88,0.016909140128381236
rtx,ibm,oracle,random,20261005,123,10,41674,103,0.08248183652772617
rtx,ibm,shuffled,random,20261005,123,9,130882,88,0.01621019519537957
rtx,ibm,shuffled,random,20261005,123,10,41674,103,0.06665468889305855
rtx,ibm,current,random,20261005,42,9,130882,88,0.013269332723196352
rtx,ibm,current,random,20261005,42,10,41674,103,0.08665830130138195
rtx,ibm,fedavg,random,20261005,42,9,130882,88,0.013782782377700649
rtx,ibm,fedavg,random,20261005,42,10,41674,103,0.07494922518976799
rtx,ibm,fedgcn,random,20261005,42,9,130882,88,0.005130788292125811
rtx,ibm,fedgcn,random,20261005,42,10,41674,103,0.025341401913556133
rtx,ibm,fedmlp,random,20261005,42,9,130882,88,0.026598035783599195
rtx,ibm,fedmlp,random,20261005,42,10,41674,103,0.09345372643054367
rtx,ibm,fresh,random,20261005,42,9,130882,88,0.015383018821245008
rtx,ibm,fresh,random,20261005,42,10,41674,103,0.08562475101680322
rtx,ibm,local,random,20261005,42,9,130882,88,0.022618289660541538
rtx,ibm,local,random,20261005,42,10,41674,103,0.04840736322421218
rtx,ibm,oracle,random,20261005,42,9,130882,88,0.01789972000805292
rtx,ibm,oracle,random,20261005,42,10,41674,103,0.08052113349678781
rtx,ibm,shuffled,random,20261005,42,9,130882,88,0.01570270434535001
rtx,ibm,shuffled,random,20261005,42,10,41674,103,0.07267370780700884
rtx,ibm,current,random,20261005,456,9,130882,88,0.013217627670475652
rtx,ibm,current,random,20261005,456,10,41674,103,0.08569206829868087
rtx,ibm,fedavg,random,20261005,456,9,130882,88,0.01715663588732268
rtx,ibm,fedavg,random,20261005,456,10,41674,103,0.07037048896318898
rtx,ibm,fedgcn,random,20261005,456,9,130882,88,0.004660066602994276
rtx,ibm,fedgcn,random,20261005,456,10,41674,103,0.019459194156966588
rtx,ibm,fedmlp,random,20261005,456,9,130882,88,0.03171417837906623
rtx,ibm,fedmlp,random,20261005,456,10,41674,103,0.08904518447527458
rtx,ibm,fresh,random,20261005,456,9,130882,88,0.014315479461280383
rtx,ibm,fresh,random,20261005,456,10,41674,103,0.09048943618685493
rtx,ibm,local,random,20261005,456,9,130882,88,0.014359775647432323
rtx,ibm,local,random,20261005,456,10,41674,103,0.05304076162588685
rtx,ibm,oracle,random,20261005,456,9,130882,88,0.022031042254506236
rtx,ibm,oracle,random,20261005,456,10,41674,103,0.07669277546907563
rtx,ibm,shuffled,random,20261005,456,9,130882,88,0.020212198185094798
rtx,ibm,shuffled,random,20261005,456,10,41674,103,0.06473456972165986
rtx,ibm,rf_local,louvain,20261003,123,9,130882,88,0.013795946723184791
rtx,ibm,rf_local,louvain,20261003,123,10,41674,103,0.05869260191012803
rtx,ibm,rf_local,louvain,20261003,42,9,130882,88,0.014821763895993573
rtx,ibm,rf_local,louvain,20261003,42,10,41674,103,0.0693596999312
rtx,ibm,rf_local,louvain,20261003,456,9,130882,88,0.012910266023317334
rtx,ibm,rf_local,louvain,20261003,456,10,41674,103,0.06266871787387357
rtx,ibm,rf_local,louvain,20261004,123,9,130882,88,0.016167632067682357
rtx,ibm,rf_local,louvain,20261004,123,10,41674,103,0.059846703857279276
rtx,ibm,rf_local,louvain,20261004,42,9,130882,88,0.019014546493432486
rtx,ibm,rf_local,louvain,20261004,42,10,41674,103,0.06244233374194927
rtx,ibm,rf_local,louvain,20261004,456,9,130882,88,0.01779543454664339
rtx,ibm,rf_local,louvain,20261004,456,10,41674,103,0.059870013277093265
rtx,ibm,rf_local,louvain,20261005,123,9,130882,88,0.01613736292728172
rtx,ibm,rf_local,louvain,20261005,123,10,41674,103,0.060805199417204754
rtx,ibm,rf_local,louvain,20261005,42,9,130882,88,0.019757131511835415
rtx,ibm,rf_local,louvain,20261005,42,10,41674,103,0.06445424593513911
rtx,ibm,rf_local,louvain,20261005,456,9,130882,88,0.018601564904556587
rtx,ibm,rf_local,louvain,20261005,456,10,41674,103,0.05887821117911041
rtx,ibm,rf_local,random,20261003,123,9,130882,88,0.0133410176249045
rtx,ibm,rf_local,random,20261003,123,10,41674,103,0.07978252590376196
rtx,ibm,rf_local,random,20261003,42,9,130882,88,0.01409387861129025
rtx,ibm,rf_local,random,20261003,42,10,41674,103,0.07403978343936249
rtx,ibm,rf_local,random,20261003,456,9,130882,88,0.013189616181549495
rtx,ibm,rf_local,random,20261003,456,10,41674,103,0.09740136191260022
rtx,ibm,rf_local,random,20261004,123,9,130882,88,0.031075289174736898
rtx,ibm,rf_local,random,20261004,123,10,41674,103,0.06744768226379892
rtx,ibm,rf_local,random,20261004,42,9,130882,88,0.03314169082178619
rtx,ibm,rf_local,random,20261004,42,10,41674,103,0.0676000850964919
rtx,ibm,rf_local,random,20261004,456,9,130882,88,0.03228356267895521
rtx,ibm,rf_local,random,20261004,456,10,41674,103,0.08113947759934505
rtx,ibm,rf_local,random,20261005,123,9,130882,88,0.01679474853518846
rtx,ibm,rf_local,random,20261005,123,10,41674,103,0.068142772382478
rtx,ibm,rf_local,random,20261005,42,9,130882,88,0.015933342079374534
rtx,ibm,rf_local,random,20261005,42,10,41674,103,0.06162832337095501
rtx,ibm,rf_local,random,20261005,456,9,130882,88,0.01503558098331706
rtx,ibm,rf_local,random,20261005,456,10,41674,103,0.0637070281905964
rtx,ibm,rf_pooled,random,20261003,123,9,130882,88,0.021500636875889878
rtx,ibm,rf_pooled,random,20261003,123,10,41674,103,0.08129555476562891
rtx,ibm,rf_pooled,random,20261003,42,9,130882,88,0.019716216554069525
rtx,ibm,rf_pooled,random,20261003,42,10,41674,103,0.06790317918523782
rtx,ibm,rf_pooled,random,20261003,456,9,130882,88,0.021934506018162343
rtx,ibm,rf_pooled,random,20261003,456,10,41674,103,0.07206810861453204
rtx,ibm,xgb_local,louvain,20261003,123,9,130882,88,0.02008760140508452
rtx,ibm,xgb_local,louvain,20261003,123,10,41674,103,0.08756172300280954
rtx,ibm,xgb_local,louvain,20261003,42,9,130882,88,0.02008760140508452
rtx,ibm,xgb_local,louvain,20261003,42,10,41674,103,0.08756172300280954
rtx,ibm,xgb_local,louvain,20261003,456,9,130882,88,0.02008760140508452
rtx,ibm,xgb_local,louvain,20261003,456,10,41674,103,0.08756172300280954
rtx,ibm,xgb_local,louvain,20261004,123,9,130882,88,0.022052382614247308
rtx,ibm,xgb_local,louvain,20261004,123,10,41674,103,0.08079198614942676
rtx,ibm,xgb_local,louvain,20261004,42,9,130882,88,0.022052382614247308
rtx,ibm,xgb_local,louvain,20261004,42,10,41674,103,0.08079198614942676
rtx,ibm,xgb_local,louvain,20261004,456,9,130882,88,0.022052382614247308
rtx,ibm,xgb_local,louvain,20261004,456,10,41674,103,0.08079198614942676
rtx,ibm,xgb_local,louvain,20261005,123,9,130882,88,0.018813857459920032
rtx,ibm,xgb_local,louvain,20261005,123,10,41674,103,0.08844271839107987
rtx,ibm,xgb_local,louvain,20261005,42,9,130882,88,0.018813857459920032
rtx,ibm,xgb_local,louvain,20261005,42,10,41674,103,0.08844271839107987
rtx,ibm,xgb_local,louvain,20261005,456,9,130882,88,0.018813857459920032
rtx,ibm,xgb_local,louvain,20261005,456,10,41674,103,0.08844271839107987
rtx,ibm,xgb_local,random,20261003,123,9,130882,88,0.021828474972790283
rtx,ibm,xgb_local,random,20261003,123,10,41674,103,0.10556318785340868
rtx,ibm,xgb_local,random,20261003,42,9,130882,88,0.021828474972790283
rtx,ibm,xgb_local,random,20261003,42,10,41674,103,0.10556318785340868
rtx,ibm,xgb_local,random,20261003,456,9,130882,88,0.021828474972790283
rtx,ibm,xgb_local,random,20261003,456,10,41674,103,0.10556318785340868
rtx,ibm,xgb_local,random,20261004,123,9,130882,88,0.02633700127869496
rtx,ibm,xgb_local,random,20261004,123,10,41674,103,0.10522572276998209
rtx,ibm,xgb_local,random,20261004,42,9,130882,88,0.02633700127869496
rtx,ibm,xgb_local,random,20261004,42,10,41674,103,0.10522572276998209
rtx,ibm,xgb_local,random,20261004,456,9,130882,88,0.02633700127869496
rtx,ibm,xgb_local,random,20261004,456,10,41674,103,0.10522572276998209
rtx,ibm,xgb_local,random,20261005,123,9,130882,88,0.0169885323712538
rtx,ibm,xgb_local,random,20261005,123,10,41674,103,0.09715517660226473
rtx,ibm,xgb_local,random,20261005,42,9,130882,88,0.0169885323712538
rtx,ibm,xgb_local,random,20261005,42,10,41674,103,0.09715517660226473
rtx,ibm,xgb_local,random,20261005,456,9,130882,88,0.0169885323712538
rtx,ibm,xgb_local,random,20261005,456,10,41674,103,0.09715517660226473
rtx,ibm,xgb_pooled,random,20261003,123,9,130882,88,0.02971531152967589
rtx,ibm,xgb_pooled,random,20261003,123,10,41674,103,0.10773920449950616
rtx,ibm,xgb_pooled,random,20261003,42,9,130882,88,0.02971531152967589
rtx,ibm,xgb_pooled,random,20261003,42,10,41674,103,0.10773920449950616
rtx,ibm,xgb_pooled,random,20261003,456,9,130882,88,0.02971531152967589
rtx,ibm,xgb_pooled,random,20261003,456,10,41674,103,0.10773920449950616
